tree
version=v4
num_class=1
num_tree_per_iteration=1
label_index=0
max_feature_idx=14
objective=lambdarank
feature_names=bm25_word embed_score has_embed_score location_match category_match item_rating item_rating_is_missing item_reviews_count item_price item_phone_hidden item_message_forbidden title_len desc_len query_has_rating_filter rating_filter_satisfied
feature_infos=[0:151.60708966378297] [0:0.89534324407577515] [0:1] [0:1] [0:1] [0:5] [0:1] [0:9.2760343551635742] [0:13.815511703491211] [0:1] [0:1] [1:100] [1:8231] [0:1] [0:1]
tree_sizes=3552 3534 3546 3556 3529 3563 3536 3558 3545 3559 3542 3552 3549 3539 3570 3538 3530 3544 3535 3558 3518 3509 3530 3552 3531 3550 3509 3557 3518 3562 3532 3546 3548 3548 3507 3533 3534 3503 3524 3521 3513 3523 3525 3522 3533 3500 3521 3553 3545 3497 3532 3513 3523 3496 3487 3514 3519 3519 3574 3532 3517 3532 3564 3564 3501 3519 3544 3546 3543 3523 3557 3510 3505 3551 3548 3496 3544 3552 3548 3551 3513 3545 3497 3478 3510 3508 3549 3483 3516 3510 3523 3504 3535 3539 3542 3568 3539 3501 3466 3533 3516 3484 3517 3530 3498 3475 3530 3518 3521 3514 3531 3516 3495 3557 3466 3560 3569 3525 3552 3532 3457 3525 3510 3532 3528 3541 3522 3522 3477 3462 3558 3586 3534 3563 3522 3478 3523 3499 3494 3543 3537 3532 3559 3436 3482 3515 3493 3535 3518 3540 3542 3475 3556 3549 3547 3492 3540 3542 3538 3472 3570 3540 3515 3497 3560 3519 3540 3472 3525 3530 3541 3497 3510 3464 3537 3570 3588 3523 3516 3530 3479 3575 3550 3548 3572 3539 3522 3514 3496 3547 3579 3564 3565 3482 3470 3539 3547 3540 3509 3542

Tree=0
num_leaves=31
num_cat=0
split_feature=3 0 8 0 0 0 0 0 7 0 9 0 11 0 7 11 5 8 7 12 12 12 11 11 12 14 12 12 12 5
split_gain=24119.8 659.34 144.89 83.4722 66.0705 49.4006 47.9945 43.8341 32.8073 31.0841 29.478 35.9306 31.0403 31.6218 29.679 27.5329 25.3696 24.9159 24.8639 24.0709 23.7543 37.0724 23.4988 21.7318 20.6746 18.3041 17.7928 18.7601 26.8102 24.8385
threshold=1.0000000180025095e-35 27.381498787584864 7.910548448562623 40.713683310226777 37.645366161003047 10.815831422805788 22.06638944400402 68.993868182074962 2.1383330821990971 20.336688995361332 1.0000000180025095e-35 59.527770420558234 20.500000000000004 51.6733770379251 2.2499048709869389 30.500000000000004 4.9636731147766122 11.513005733489992 4.5695295333862314 2300.5000000000005 1458.5000000000002 858.50000000000011 45.500000000000007 16.500000000000004 1641.5000000000002 1.0000000180025095e-35 3645.5000000000005 366.50000000000006 416.50000000000006 4.6141605377197275
decision_type=2 2 2 2 2 2 2 2 2 2 2 2 2 2 2 2 2 2 2 2 2 2 2 2 2 2 2 2 2 2
left_child=1 6 4 -4 25 -2 -1 8 17 -7 12 14 13 -6 -12 -9 -17 20 -14 -18 21 23 -20 -5 -15 -3 27 -10 -29 -30
right_child=5 2 3 7 10 9 -8 15 26 -11 11 -13 18 24 -16 16 19 -19 22 -21 -22 -23 -24 -25 -26 -27 -28 28 29 -31
leaf_value=-0.091715551405413362 -0.064773699492144579 -0.064065118279070965 -0.049286611955703261 0.046153656048086605 -0.048476865852420246 0.071171939321452202 -0.075620869168744581 0.05139024832185022 -0.063625463002798019 0.094584397922136521 -0.080898392806116839 -0.0085380972665631671 -0.056762841055669491 -0.019297887356196444 -0.036266601646579001 0.019308420515300531 -0.099999999999999978 0.061665436660664354 -0.034268392134352156 0.029011787811685532 -0.05101546412749413 0.030422578360520348 -0.060129835252105149 -0.036689052329501537 0.049439140716264166 0.062959566780791343 -0.080682752757809145 0.033920343869688764 -0.095054676215512404 -0.027901383355443767
leaf_weight=1072.0154954499958 4.9194663744419804 1261.7930483697819 476.27962148605729 9.0776946540427144 118.74351013773412 146.92015827770228 815.60516075897613 30.314048995045596 41.405733566534764 4044.4319972171506 47.896759985378594 89.765820911663468 1461.7241576682718 59.099832541956857 167.5318763347459 27.039754229888786 11.399063322212898 11.958525098612879 269.63662679953268 5.2949999771954017 32.759530077804811 49.097367735987063 130.27691025719105 61.881889819196658 13.424295433433143 2.8424254878191269 19.933551745591103 16.660033457192185 14.51547212160949 268.07958711843094
leaf_count=707716 1478 824505 233874 1695 73498 7911 610531 1722 17146 47809 28458 16408 641721 18908 70347 2061 1941 1086 104799 395 10685 7404 53656 20190 2287 1753 7726 2528 5877 75361
internal_value=-0.000109599 -0.0598021 -0.0497746 -0.0336613 -0.0545591 0.0935779 -0.0847613 -0.0212458 -0.026322 0.0937637 -0.0496142 -0.0351154 -0.0517697 -0.0325885 -0.0461897 0.0147695 -0.0106141 -0.00783836 -0.0537404 -0.0590802 -0.0132773 -0.00297984 -0.0426931 -0.0260912 -0.00657459 -0.0637796 -0.0347681 -0.0320815 -0.027717 -0.0313507
internal_weight=10782.3 6586.05 4698.43 1075.7 3622.74 4196.27 1887.62 599.417 525.369 4191.35 2358.1 305.194 2052.91 191.268 215.429 74.0479 43.7338 164.775 1861.64 16.6941 152.816 120.057 399.914 70.9596 72.5241 1264.64 360.594 340.661 299.255 282.595
internal_count=3601476 3544278 2226031 389691 1836340 57198 1318247 155817 149698 55720 1010082 115213 894869 94693 98805 6119 4397 41060 800176 2336 39974 29289 158455 21885 21195 826258 108638 100912 83766 81238
is_linear=0
shrinkage=0.05


Tree=1
num_leaves=31
num_cat=0
split_feature=3 1 1 0 0 1 8 0 0 1 0 1 8 12 8 0 1 12 0 12 11 0 0 12 1 0 1 1 0 12
split_gain=50623.2 3160.69 1051.86 439.957 296.104 277.441 143.364 120.568 93.0856 98.4521 88.4445 76.9517 70.4293 82.5036 62.8439 59.4386 51.0063 48.77 47.1006 46.0674 44.4206 42.4085 41.5174 40.4189 39.2278 38.4688 37.1698 36.7876 71.2071 53.9909
threshold=1.0000000180025095e-35 1.0000000180025095e-35 0.51368334889411937 26.418142547787287 42.722800357609238 0.63385272026062023 7.787788152694703 71.169067537874085 24.867472274185278 0.64643323421478283 39.105576460780874 0.77197623252868663 7.0084948539733896 848.50000000000011 7.4963750839233407 40.713683310226777 1.0000000180025095e-35 326.50000000000006 30.632001170357402 948.50000000000011 19.500000000000004 20.486215531826023 29.558571992052752 475.50000000000006 0.79939696192741405 25.602037429809574 0.73426711559295665 0.56281793117523204 53.321059892219644 574.50000000000011
decision_type=2 2 2 2 2 2 2 2 2 2 2 2 2 2 2 2 2 2 2 2 2 2 2 2 2 2 2 2 2 2
left_child=1 22 3 12 8 27 11 24 -3 15 14 -7 -2 25 23 20 17 -16 -19 -11 -10 -15 -1 -5 -8 -14 -21 29 -29 -6
right_child=2 4 -4 10 5 6 7 -9 9 19 -12 -13 13 21 16 -17 -18 18 -20 26 -22 -23 -24 -25 -26 -27 -28 28 -30 -31
leaf_value=-0.088386944416079194 0.029480027814088029 -0.061291916090629152 0.07731161026806628 0.068060251748337186 -0.038680039864103892 -0.036400935351657455 -0.020848693532661472 0.036732021147312853 -0.014882651131642414 -0.056620435528932291 0.066782372907411444 -0.058281525645557358 0.032432735526627905 0.0094518784376091264 0.058904887159812305 -0.0048723401720318473 0.064507202479553369 -0.01898574175117336 0.027902034873598876 -0.037862584662933962 -0.041034741392412255 -0.035297160123414155 -0.080799671755367092 0.048527829047615503 -0.058140340439938626 -0.10000337546910683 -0.05521528531081308 -0.024708580915275266 0.020148358989281266 0.032661301359254581
leaf_weight=3853.1800519313256 663.82600199396256 1008.9250738168193 10339.566917885968 392.32905260118423 31.694383890426252 1440.3275360976841 717.10634083015611 89.380851787049323 185.35440463467967 1393.7818207308883 1301.0139102379326 557.30744871671777 172.49281027287361 87.896510175865842 68.622735552256927 150.96493961906526 91.550175136188045 83.977275953860953 147.87699760100804 912.61393767988193 1309.5541021951649 133.14757698474568 3388.6639986868249 815.17188849742524 78.210972772154491 5.663247689139097 466.26885521179065 211.46851055498701 152.10911474877503 162.45190512947738
leaf_count=1149048 8846 226750 23515 1669 3290 212541 65528 3724 21694 265777 6141 101704 2331 2599 379 13600 351 1334 1632 139054 182763 2472 1022961 5739 11510 164 82264 23549 9392 7703
internal_value=0.000455646 -0.0603292 0.0689165 0.0470166 -0.0403147 -0.0288382 -0.0350844 -0.0183281 -0.0475887 -0.0444597 0.0571014 -0.0425053 0.0194997 0.00290362 0.0492271 -0.0347726 0.0318334 0.0218783 0.0109194 -0.05021 -0.0377921 -0.017503 -0.0848366 0.0548741 -0.0245159 0.0282228 -0.0437304 0.00344187 -0.00594189 0.0210148
internal_weight=30412.5 16109.4 14303.1 3963.57 8867.52 3440.06 2882.33 884.698 5427.46 4418.54 2900.54 1997.63 1063.03 399.2 1599.53 1645.87 392.027 300.477 231.854 2772.66 1494.91 221.044 7241.84 1207.5 795.317 178.156 1378.88 557.724 363.578 194.146
internal_count=3600024 3542852 57172 33657 1370843 438941 395007 80762 931902 705152 17245 314245 16412 7566 11104 218057 3696 3345 2966 487095 204457 5071 2172009 7408 77038 2495 221318 43934 32941 10993
is_linear=0
shrinkage=0.05


Tree=2
num_leaves=31
num_cat=0
split_feature=3 1 0 1 1 0 1 1 0 0 8 8 0 1 1 0 8 8 8 5 12 0 8 8 7 8 9 8 12 7
split_gain=42498.2 2085.68 251.886 160.277 131.761 82.4122 102.437 73.7162 72.3963 58.1479 52.2209 48.574 47.3923 45.0406 42.1204 57.7423 37.2026 36.4972 40.7884 34.4483 35.1386 33.6427 33.3649 32.5707 31.2328 31.1453 30.6473 41.2476 33.3594 29.5076
threshold=1.0000000180025095e-35 1.0000000180025095e-35 40.713683310226777 0.71013498306274425 0.61508452892303478 24.134268943809733 0.38465785980224615 0.49824166297912603 56.62229317903985 59.527770420558234 11.437396049499513 5.6767477989196786 10.815831422805788 0.59817656874656688 0.5230008363723756 22.401018179982206 8.0065340995788592 7.4386775493621835 9.2107405662536639 4.9423768520355233 99.500000000000014 26.024645240890099 5.7054464817047128 6.4002559185028085 2.3502402305603032 8.9872593879699725 1.0000000180025095e-35 6.4002559185028085 228.50000000000003 5.995206594467164
decision_type=2 2 2 2 2 2 2 2 2 2 2 2 2 2 2 2 2 2 2 2 2 2 2 2 2 2 2 2 2 2
left_child=1 21 11 7 5 6 12 -4 10 25 13 29 -2 -9 15 -13 19 -17 -19 20 -10 -1 24 -21 -15 -5 -11 28 -28 -3
right_child=4 2 3 9 -6 -7 -8 8 16 26 -12 14 -14 22 -16 17 -18 18 -20 23 -22 -23 -24 -25 -26 -27 27 -29 -30 -31
leaf_value=-0.082931919310708424 -0.092311458695754731 -0.038533044704835526 0.021821788198947176 -0.048579159910977353 0.068171781021407002 0.061043451513813733 0.061960784486939882 -0.013598229051717304 0.051862780560635605 -0.032973240336715379 0.03762815254202459 -0.067116314209183014 0.031068051988351303 -0.027543555608974125 -0.053436974128506134 -0.042702110618465405 0.018303046665096214 4.5893766721972928e-05 -0.078493158092111451 0.013328164393819196 -0.050493105850245856 -0.075656390962255599 -0.031770408884057251 -0.026706308922032591 -0.072617939501927284 -0.025442865138463274 0.034634583991585366 0.017464944702935106 -0.083115277287838865 -0.091756956168525028
leaf_weight=2845.9795352424844 7.9084565060329615 1103.6562706882833 95.269436103932094 1401.3871854362369 8463.7520405000541 4127.6764718253107 452.29924021058832 291.22192666033516 9.327246798668055 412.0474407481961 28.501096389372833 117.15466349886265 491.63476676598657 60.076344054134097 3434.9770411304198 164.41673628249555 118.98783704359084 141.16096880816622 18.723966934485361 121.08657868229784 82.994761621695943 3597.3134359999094 791.96432551759062 87.528096797235776 106.6713045372162 162.3075188457733 8.2222909593256208 74.176615730160847 22.406539426534437 26.67045744904317
leaf_count=881483 1440 181520 3696 239376 17940 24340 2166 20740 472 58346 852 21756 11261 8855 616844 22087 5602 11644 2500 9347 11132 1290067 100502 8977 18407 15992 288 4277 2404 5651
internal_value=-0.000181275 -0.0572139 -0.041502 -0.0319293 0.0643512 0.0579851 0.0447226 -0.0209762 -0.0233769 -0.041372 -0.0292934 -0.0489091 0.0291148 -0.0308193 -0.0515685 -0.0370301 -0.00536472 -0.0261613 -0.00915174 -0.0147228 -0.0401521 -0.07887 -0.0360504 -0.00346903 -0.0563784 -0.0461777 -0.0268328 -0.00269127 -0.0515054 -0.0397889
internal_weight=28867.5 15324.2 8880.94 3874.18 13543.3 5079.52 951.842 1793.63 1698.36 2080.55 1278.43 5006.76 499.543 1249.93 3876.43 441.456 419.925 324.302 159.885 300.937 92.322 6443.29 958.712 208.615 166.748 1563.69 516.853 104.805 30.6288 1130.33
internal_count=3599964 3542817 1371267 509265 57147 39207 14867 188582 184886 320683 149356 862002 12701 148504 674831 57987 35530 36231 14144 29928 11604 2171550 127764 18324 27262 255368 65315 6969 2692 187171
is_linear=0
shrinkage=0.05


Tree=3
num_leaves=31
num_cat=0
split_feature=3 1 0 0 1 1 1 0 8 0 0 11 8 11 1 9 0 1 8 7 8 5 7 7 7 8 7 8 11 11
split_gain=35981.1 1803.52 240.789 99.349 95.7378 90.3026 89.7626 99.1591 52.1447 41.4659 39.2305 46.5187 38.6108 34.379 33.6017 36.6486 31.0957 30.2563 30.0568 53.5599 29.9692 28.5966 30.5855 30.1832 28.3497 27.5008 27.4547 26.8985 25.9953 51.8939
threshold=1.0000000180025095e-35 1.0000000180025095e-35 48.289224414034841 27.276883840560917 0.77989822626113903 0.59817656874656688 0.55500936508178722 28.204355716705326 7.8284282684326181 10.815831422805788 74.568784612602045 30.500000000000004 8.0743327140808123 47.500000000000007 0.63513842225074779 1.0000000180025095e-35 26.964592996024297 0.43326406180858618 6.8040599822998056 6.7505164146423349 7.0904934406280526 4.8520128726959237 4.79990577697754 4.8789997100830087 5.6076369285583505 13.517728805541994 5.0466406345367441 10.353795528411867 30.500000000000004 40.500000000000007
decision_type=2 2 2 2 2 2 2 2 2 2 2 2 2 2 2 2 2 2 2 2 2 2 2 2 2 2 2 2 2 2
left_child=1 16 3 21 8 12 7 9 14 -2 -6 20 17 18 -4 -16 -1 -5 26 -20 -12 -3 25 -24 -17 -23 -7 -11 -28 -30
right_child=6 2 4 5 10 13 -8 -9 -10 27 11 -13 -14 -15 15 24 -18 -19 19 -21 -22 22 23 -25 -26 -27 28 -29 29 -31
leaf_value=-0.079290503981409119 -0.086301838094406072 -0.045232735117789476 -0.0098504002010877476 0.0046459942676734785 -0.052288242911450733 -0.05044226630232166 0.061036681967059317 0.057610000181933685 -0.0065826074085052061 0.041698509161090483 -0.089360685857215974 -0.057387431645024037 -0.009662340724550026 -0.056947294481518633 -0.034447099999666907 -0.0037676120492714906 -0.07209069203428789 -0.03579919246786685 -0.039565313799373412 0.027159922481968607 0.073471523242976622 -0.064271205429319772 0.016606956510979119 -0.048244569458678666 -0.094750730347827938 0.037844745849851341 -0.0058732933130813585 -0.040111318875965862 -0.078705631191769584 -0.018458707141493919
leaf_weight=2872.7904783462727 6.4275575671344987 464.41482420901593 262.66235371585935 49.580415720003657 367.22135537438589 1370.6551885601657 9790.7832251390791 2549.9704343239428 501.06759711215273 1221.8317125264002 3.3297274630749625 19.399029776395764 231.48639263625955 487.60989909399359 802.32939720738796 157.92476900300244 3137.5883026037045 686.42986071587075 1842.2219264230807 30.573706179042347 18.669752418529242 926.53518955875188 20.476013873936608 144.96447278052801 9.0526329777203483 6.6404760729055843 68.709329369536135 10.130787603557108 60.466904076864012 87.413970693916781
leaf_count=956952 1438 90107 18620 3337 71656 247036 21693 15822 36045 17773 908 4278 18808 90080 130235 14865 1215187 81738 299383 2358 399 198090 2340 28469 1235 581 7665 481 11705 11051
internal_value=-0.000105783 -0.0545086 -0.0398495 -0.0446545 -0.0253154 -0.0411627 0.058508 0.0519727 -0.0201821 0.0403649 -0.0470865 -0.00094477 -0.0274729 -0.0445178 -0.0257133 -0.0300118 -0.075532 -0.0330747 -0.0427662 -0.038476 0.0488261 -0.0556347 -0.0600318 -0.0402181 -0.00870024 -0.0635445 -0.0478282 0.0410258 -0.0312857 -0.043093
internal_weight=28209.4 14630.2 8619.84 6478.18 2141.66 4915.15 13579.1 3788.36 1733.04 1238.39 408.62 41.3985 967.497 3947.65 1231.97 969.307 6010.38 736.01 3460.04 1872.8 21.9995 1563.03 1098.62 165.44 166.977 933.176 1587.25 1231.96 216.59 147.881
internal_count=3600335 3543128 1370989 1092748 278241 773161 57207 35514 201000 19692 77241 5585 103883 669278 164955 146335 2172139 85075 579198 301741 1307 319587 229480 30809 16100 198671 277457 18254 30421 22756
is_linear=0
shrinkage=0.05


Tree=4
num_leaves=31
num_cat=0
split_feature=3 2 0 0 2 0 8 5 0 11 7 0 8 0 7 0 8 8 11 0 0 7 7 8 8 8 5 0 14 8
split_gain=30564.1 1633.78 210.154 79.1341 66.8146 131.197 42.0467 54.3705 47.0926 36.4641 35.7179 34.7604 46.7402 33.6543 32.1061 36.5541 27.4396 23.8749 24.9807 23.0958 23.0269 21.7228 29.6908 22.2312 25.2626 21.6619 21.7223 20.5824 20.3647 18.1911
threshold=1.0000000180025095e-35 1.0000000180025095e-35 51.6733770379251 24.983502472547119 1.0000000180025095e-35 21.961842087002882 8.0041980743408221 4.9423768520355233 74.568784612602045 47.500000000000007 2.8617925643920903 37.645366161003047 10.306982994079592 29.077698871402394 4.7317931652069101 29.966725349426273 9.1073079109191912 0.89587974548339855 63.500000000000007 40.280228774952782 27.724090004179747 6.1147871017456064 5.800605535507203 8.7000975608825701 7.7016401290893564 9.0508713722229022 4.8858101367950448 17.944786168678551 1.0000000180025095e-35 7.0904934406280526
decision_type=2 2 2 2 2 2 2 2 2 2 2 2 2 2 2 2 2 2 2 2 2 2 2 2 2 2 2 2 2 2
left_child=1 13 3 -3 5 9 7 10 -8 27 -4 14 -13 -1 28 16 20 -11 -19 -7 -16 22 23 24 -22 -17 -27 -2 -5 -6
right_child=4 2 6 11 29 19 8 -9 -10 17 -12 12 -14 -15 15 25 -18 18 -20 -21 21 -23 -24 -25 -26 26 -28 -29 -30 -31
leaf_value=-0.075577262605545786 0.0055194639697408428 -0.053887853923857421 -0.022741992824789357 -0.045284875372092359 0.056944449390560536 0.046742653324264694 -0.013893286442029166 -0.018838079247125886 0.037632353109106439 0.050602579467479605 -0.054445309892420003 -0.036277938314248422 -0.0029642382907306515 -0.067861810655528473 -0.032842391142704999 -0.047907412062042999 -0.08892036707659938 -0.079858663126774698 0.052609285994061311 0.056592424712977388 -0.0030212310966704261 -0.056505012918155739 0.055645462074762321 0.0708283831879086 -0.091382162818097579 -0.088720880941326838 0.012497134652913654 0.03267063886952247 0.029113529125259607 0.052735029462340016
leaf_weight=3180.1790210630861 112.91990713331325 1063.9893023688346 146.61844134973944 2522.2007973107466 6500.0346942726173 1545.5624472339987 379.58901466394309 804.59327462844522 50.211002051655669 6.5330086590256569 225.45054521231214 2602.8425641684444 109.7280442667543 2544.0248903416214 76.606871798052453 253.80195528127661 12.036384537583215 20.481681563076567 4.3074229280464342 967.81158749578753 67.791971978149377 14.13291222223779 26.392053160117939 8.6838157789316011 9.1850220544729364 6.4949713147361754 28.826136490795761 182.79235099610378 9.2315895492210966 4241.2750936483499
leaf_count=1113652 4572 230741 22757 441439 14295 15829 31601 104374 1768 117 42985 412696 8928 1058019 12368 42531 2015 1356 67 5278 7178 2112 1167 172 1386 1215 2503 3786 633 11713
internal_value=-9.24081e-05 -0.0515391 -0.0375257 -0.0413621 0.0534789 0.0466592 -0.0212581 -0.0261469 -0.00787385 0.016869 -0.0419522 -0.0390435 -0.0349303 -0.0721483 -0.0427192 -0.0311941 -0.015572 -0.0344307 -0.0568407 0.0505355 -0.0112185 0.00190922 0.00927684 -0.00500931 -0.0135646 -0.0428018 -0.0061152 0.0223028 -0.0450136 0.0552823
internal_weight=27724.3 14142.6 8418.41 6811.94 13581.7 2840.41 1606.46 1176.66 429.8 327.034 372.069 5747.96 2712.57 5724.2 3035.38 503.952 214.829 31.3221 24.7891 2513.37 202.793 126.186 112.053 85.6608 76.977 289.123 35.3211 295.712 2531.43 10741.3
internal_count=3599253 3542240 1370569 1167084 57013 31005 203485 170116 33369 9898 65742 936343 421624 2171671 514719 72647 26398 1540 1423 21107 24383 12015 9903 8736 8564 46249 3718 8358 442072 26008
is_linear=0
shrinkage=0.05


Tree=5
num_leaves=31
num_cat=0
split_feature=3 1 0 1 1 0 0 0 0 1 12 1 0 12 1 12 11 11 8 12 8 12 8 8 11 0 12 12 8 1
split_gain=27040.8 1410.8 240.202 97.4776 68.7891 76.1761 55.3717 54.0213 53.0406 39.3347 33.838 33.0855 32.2368 31.6783 30.3979 60.5932 41.2177 32.6736 29.7989 28.1477 27.1743 26.9911 26.8602 27.7171 26.1525 30.5579 25.9895 26.3344 25.142 27.4742
threshold=1.0000000180025095e-35 1.0000000180025095e-35 42.722800357609238 0.70004886388778698 0.38465785980224615 19.698451743712216 53.833591192465981 62.415248971010449 27.84568023681641 0.57773616909980785 489.50000000000006 0.76154428720474254 29.077698871402394 1281.5000000000002 0.75872755050659191 948.50000000000011 17.500000000000004 38.500000000000007 8.0065340995788592 497.50000000000006 11.824220180511476 352.50000000000006 7.4386775493621835 6.112574815750123 22.500000000000004 47.420325374063403 359.50000000000006 57.500000000000007 6.5574760437011728 0.67146727442741405
decision_type=2 2 2 2 2 2 2 2 2 2 2 2 2 2 2 2 2 2 2 2 2 2 2 2 2 2 2 2 2 2
left_child=1 12 8 6 5 -2 9 14 -3 -4 -6 19 -1 21 16 -16 -5 24 -9 22 -18 28 23 -10 -17 -26 27 -24 29 -11
right_child=4 2 3 7 10 -7 -8 18 11 13 -12 -13 -14 -15 15 17 20 -19 -20 -21 -22 -23 26 -25 25 -27 -28 -29 -30 -31
leaf_value=-0.072279563075839812 0.014130124308836926 -0.050307346653422083 -0.0033665875510123519 0.0035620791767263273 0.056401404507524983 0.045567045345831579 -0.0021486854239323827 -0.02449154292553294 -0.040063084985750841 -0.0017628150671505924 0.050208311451118738 -0.051410170095140963 -0.064584266173217206 -0.045357797441524392 -0.060831297610276794 -0.056599459989485339 -0.035887971659852198 -0.047956195377593096 0.0067348941852894669 -0.034524915484864853 0.025831323178741886 -0.013097226673762589 -0.084804425957037466 -0.062726893924817576 0.017545179710745474 -0.026454108364246384 -0.062371551272182996 -0.018254338513067809 -0.071108101606866855 -0.082026639150303921
leaf_weight=3087.845740579156 207.86434018432919 1658.8199774401437 188.05557534861146 79.735579880070873 3117.3598743613111 2641.1974879400368 514.13028510872391 292.57234310152126 260.07984519221645 43.871878251724411 7541.2168709433172 495.14240407821489 2433.4901866670698 207.5317308549711 317.85275825604913 35.17255177678453 702.90305500809336 156.1466946642613 103.40197328774957 2186.9460681372366 18.298626070871251 281.23351176767028 16.181931061088108 280.28735525198863 65.118060341570526 100.15499959408771 55.484293775589322 182.65991755557479 44.913338635960827 14.084482268517602
leaf_count=1114074 7380 344413 10826 8212 5798 24050 41083 44315 45887 5017 20068 106416 1057975 33935 71215 6097 113554 30029 6792 331586 978 32618 3377 64014 6763 15751 10210 26061 8398 3461
internal_value=-0.00013569 -0.0493016 -0.0362736 -0.0254394 0.0501749 0.0432734 -0.0148867 -0.0327354 -0.0429509 -0.0232862 0.0520196 -0.039441 -0.0688879 -0.0296178 -0.0371364 -0.0449575 -0.0305505 -0.0308082 -0.0163373 -0.0374534 -0.034322 -0.0211134 -0.0455124 -0.0518188 -0.0174499 -0.00911826 -0.0321134 -0.0236702 -0.0430286 -0.0212684
internal_weight=27329.8 13822.1 8300.78 3165.18 13507.6 2849.06 1293.82 1871.36 5135.6 779.691 10658.6 3476.78 5521.34 591.635 1475.38 674.445 800.937 356.592 395.974 2981.64 721.202 384.103 794.693 540.367 200.446 165.273 254.326 198.842 102.87 57.9564
internal_count=3600353 3543057 1371008 439044 57296 31430 135338 303706 931964 94255 25866 587551 2172049 83429 252599 129855 122744 58640 51107 481135 114532 49494 149549 109901 28611 22514 39648 29438 16876 8478
is_linear=0
shrinkage=0.05


Tree=6
num_leaves=31
num_cat=0
split_feature=3 1 1 9 8 1 8 12 7 8 12 1 8 1 12 12 1 7 12 8 1 12 7 7 7 1 1 8 7 8
split_gain=24699.2 1294.68 90.4447 42.7059 31.2928 39.6222 38.1489 29.1241 28.5915 33.3457 48.3742 37.1513 27.552 27.4434 27.4088 26.4 23.9239 30.1117 22.5449 36.0216 26.8416 25.3954 22.4809 21.5579 21.4905 19.5664 19.3727 19.0703 18.9296 17.5677
threshold=1.0000000180025095e-35 1.0000000180025095e-35 0.67146727442741405 1.0000000180025095e-35 7.6549060344696054 0.69321471452713024 1.0000000180025095e-35 184.50000000000003 5.1789667606353769 9.2103905677795428 1142.5000000000002 0.56281793117523204 8.6172094345092791 0.38465785980224615 1269.5000000000002 497.50000000000006 0.53865098953247081 6.0222353935241708 279.50000000000006 8.2941746711730975 0.41471430659294134 699.50000000000011 5.8678824901580819 3.2769666910171513 3.7256208658218388 0.55500936508178722 0.69836860895156871 11.004941463470461 5.1209788322448739 6.6864848136901864
decision_type=2 2 2 2 2 2 2 2 2 2 2 2 2 2 2 2 2 2 2 2 2 2 2 2 2 2 2 2 2 2
left_child=1 -1 7 4 5 6 23 -2 9 12 24 -12 -5 14 -9 -4 18 22 19 -6 -20 -22 25 -3 -11 -18 -24 -27 -7 -16
right_child=2 3 15 8 16 28 -8 13 -10 10 11 -13 -14 -15 29 -17 17 -19 20 -21 21 -23 26 -25 -26 27 -28 -29 -30 -31
leaf_value=-0.066900020111586883 0.053037801539228449 -0.010408862093997967 0.047769089111517123 -0.03099803570000402 -0.085220790337090208 -0.045548319405943248 -0.037066737266540022 0.043060780989598868 -0.0075808097964339934 0.039302143460052952 0.033719517627043331 -0.084697598040656324 -0.084288982048478983 0.045494757313019218 0.038413756927506038 0.054532047155479914 -0.068646103334553829 -0.087322804384024677 -0.087400164576834902 0.03498695573043701 -0.063763145577340627 -0.011316035566976627 -0.087592010379221388 -0.03634345468175712 -0.085987316868693903 -0.033877902735714768 0.042553660204401184 -0.011927994854482859 -0.032095700117444913 0.02508011325441899
leaf_weight=5337.7631880539993 790.73505700810347 230.16348897689022 2210.0644213800551 805.29541375936242 7.4735215122345826 1949.3155585958157 2344.8595626692695 1485.6087544561015 176.09729514061473 47.958920609715278 9.5406280506867933 21.662195660625002 25.00736004312057 3868.5075996952073 542.38180115283467 4157.6845688358299 38.4562696624198 25.656004903605208 15.471328918240031 37.519681043049786 26.96666438964894 160.17435529909562 3.4588110377080765 122.92284377658507 3.6856296822661525 1705.5236751493576 16.498782174778171 105.04866067133844 302.01252351871517 453.65829057178053
leaf_count=2171287 2742 29847 3320 125764 1296 430889 396554 14835 19047 2359 470 3736 4586 12351 5739 9461 6221 4965 2135 1736 3956 14295 621 20539 557 241813 735 10629 48806 8597
internal_value=3.66238e-05 -0.0477441 0.0478523 -0.0352453 -0.0366611 -0.0388463 -0.0347596 0.0439889 -0.0260275 -0.0295849 0.000663152 -0.0484902 -0.0326031 0.0428621 0.0387582 0.0521848 -0.0316126 -0.0335228 -0.0169964 0.01502 -0.0241062 -0.0188736 -0.0327843 -0.0194377 0.0303608 -0.033354 0.0199984 -0.0326044 -0.0437437 0.0323408
internal_weight=27027.2 13518.5 13508.6 8180.77 7091.52 4949.27 2697.95 7140.89 1089.25 913.15 82.8474 31.2028 830.303 6350.16 2481.65 6367.75 2142.25 1894.64 247.606 44.9932 202.612 187.141 1868.99 353.086 51.6446 1849.03 19.9576 1810.57 2251.33 996.04
internal_count=3599888 3542843 57045 1371556 1215037 926635 446940 44264 156519 137472 7122 4206 130350 41522 29171 12781 288402 264984 23418 3032 20386 18251 260019 50386 2916 258663 1356 252442 479695 14336
is_linear=0
shrinkage=0.05


Tree=7
num_leaves=31
num_cat=0
split_feature=3 1 1 8 12 1 1 11 12 12 1 12 12 11 9 11 1 6 12 5 9 8 12 8 1 1 11 12 14 1
split_gain=22622.9 1120.66 49.1041 33.8419 28.7185 26.0215 23.6937 23.4805 23.2242 31.4685 21.947 18.7081 29.9689 18.1451 21.2503 31.6403 21.3547 18.7606 21.3879 20.5377 17.8596 17.3494 17.1596 16.6489 15.9944 16.1236 15.9813 19.2715 22.4003 21.0129
threshold=1.0000000180025095e-35 1.0000000180025095e-35 0.57068943977355968 7.6011524200439462 504.50000000000006 0.77197623252868663 0.67968842387199413 16.500000000000004 2274.5000000000005 1725.5000000000002 0.54881206154823314 2156.5000000000005 2860.5000000000005 44.500000000000007 1.0000000180025095e-35 38.500000000000007 0.77873951196670543 1.0000000180025095e-35 1084.5000000000002 4.9310705661773691 1.0000000180025095e-35 9.8527731895446795 2083.5000000000005 7.787788152694703 0.47620809078216558 0.76881903409957897 26.500000000000004 858.50000000000011 1.0000000180025095e-35 0.73006677627563488
decision_type=2 2 2 2 2 2 2 2 2 2 2 2 2 2 2 2 2 2 2 2 2 2 2 2 2 2 2 2 2 2
left_child=1 -1 20 5 6 8 -4 -7 9 26 -10 -9 -13 14 -5 16 17 19 -19 21 22 -16 -2 -22 -21 -26 27 28 -3 -29
right_child=2 3 4 13 -6 7 -8 11 10 -11 -12 12 -14 -15 15 -17 -18 18 -20 24 23 -23 -24 -25 25 -27 -28 29 -30 -31
leaf_value=-0.064408217451403002 0.043925225229182997 -0.035733896480614639 0.045937536605897417 -0.029842107989287756 0.045972012021431231 -0.076829744350067702 0.055351025031071172 -0.047559262985389671 -0.066935804294149248 -0.022684757124947014 -0.040521379451201205 -0.0029066683152376843 -0.050111546497393744 -0.037760747422274817 -0.084347180234267252 0.0093301865505975214 -0.074134110103487416 0.041929373167768652 -0.089385434012057619 0.043797359135807734 0.035714580726359108 -0.0060701087893656773 0.03449069595673572 0.0082138246020324376 -0.030459924906444797 0.033623266302539638 -0.038259805861316665 -0.015035442205357148 0.059218306628737533 -0.052016292841138179
leaf_weight=5183.8546467173874 2928.7156537297415 807.50700322511693 1046.7778238866013 1864.4191556897931 6566.6314882682636 56.42373324878281 1849.5355663310038 511.46375137302675 89.857231645146385 527.27667099479731 629.82363906483806 66.981586209047236 67.512724010739475 601.84665423999832 24.0767623270076 90.176317591947736 21.122148941503838 19.453011905148745 3.6888600240199585 9.9036760739400034 386.62228172864707 10.026653550157787 576.88958565855864 64.16875969315879 83.986232631694293 11.114463418198282 2243.3110457569128 266.1873146373473 6.2594546077307305 44.890497073181905
leaf_count=2171595 23128 157139 1971 262430 15743 16296 3143 121768 14850 81109 117337 9698 13650 88620 4656 7379 4245 1081 501 364 4186 1044 7406 1414 11567 642 411155 35950 261 9694
internal_value=9.39436e-05 -0.0462734 0.0458456 -0.034606 0.0478013 -0.036932 0.0519488 -0.0458977 -0.0355674 -0.0340429 -0.0438194 -0.0431958 -0.0266023 -0.0300916 -0.0279327 -0.0149188 -0.0268437 -0.0206873 0.0209975 -0.0276219 0.041168 -0.0613331 0.0423727 0.0317999 -0.0166732 -0.0229705 -0.035821 -0.0309572 -0.0350035 -0.020372
internal_weight=26660.5 13241.2 13419.3 8057.31 9462.94 5317.49 2896.31 702.382 4615.11 3895.43 719.681 645.958 134.494 2739.81 2137.97 273.548 183.372 162.25 23.1419 139.108 3956.4 34.1034 3505.61 450.791 105.004 95.1007 3368.16 1124.84 813.766 311.078
internal_count=3600022 3543031 56991 1371436 20857 988907 5114 161412 827495 695308 132187 145116 23348 382529 293909 31479 24100 19855 1582 18273 36134 5700 30534 5600 12573 12209 614199 203044 157400 45644
is_linear=0
shrinkage=0.05


Tree=8
num_leaves=31
num_cat=0
split_feature=3 1 0 0 1 0 1 0 0 12 11 0 11 1 1 1 9 12 1 12 12 0 0 12 12 1 1 1 12 12
split_gain=20591.1 1133.13 210.016 74.5874 75.3611 73.2112 81.4927 44.5299 39.0117 32.0961 28.8679 27.6751 26.3638 26.3054 26.0393 28.8555 25.8414 40.6152 26.1826 24.658 24.4489 22.5881 21.9579 20.5979 32.0111 24.1997 27.4265 25.8591 20.8379 19.788
threshold=1.0000000180025095e-35 0.38465785980224615 41.674093543289935 59.527770420558234 0.61508452892303478 32.762374526824722 0.52732771635055553 27.276883840560917 22.290801048278812 4205.5000000000009 26.500000000000004 23.183382987976078 14.500000000000002 0.5230008363723756 0.78923356533050548 0.62840399146080028 1.0000000180025095e-35 1949.5000000000002 0.79323846101760875 848.50000000000011 858.50000000000011 63.50759748686324 68.993868182074962 838.50000000000011 1309.5000000000002 0.69321471452713024 0.69149696826934826 0.73092478513717662 1205.5000000000002 3068.5000000000005
decision_type=2 2 2 2 2 2 2 2 2 2 2 2 2 2 2 2 2 2 2 2 2 2 2 2 2 2 2 2 2 2
left_child=1 11 7 4 10 6 8 -3 9 -2 12 -1 -4 -9 15 -6 22 18 -18 -15 -21 29 -5 -17 25 26 28 -27 -25 -19
right_child=5 2 3 16 14 -7 -8 13 -10 -11 -12 -13 -14 19 -16 23 17 21 -20 20 -22 -23 -24 24 -26 27 -28 -29 -30 -31
leaf_value=-0.067908522311328115 0.019026891982065312 -0.046814737044187843 -0.088058523048715545 -0.021645148832851051 -0.064796685675862498 0.046658294695555269 0.043820736365272749 -0.020834817585358646 0.034667645020499786 -0.091754306137953379 -0.015177504400799192 -0.0602134961543144 0.022149750239786183 -0.042743122154480173 -0.044886401606715483 -0.034253070637457673 0.026348349278284413 -0.092184305474786621 -0.060508871951431835 0.02017760285826399 -0.034328564522710811 -0.086604836957273224 -0.0022436414253503463 0.0048860511409729926 -0.029614033878012813 -0.04600843799971524 0.067903897746180428 -0.0090834546043260436 -0.059737802202496443 0.042644467775630794
leaf_weight=1822.3852612212795 445.97618380612403 1443.6411920163737 5.7613504826440467 375.92096165183466 54.113520142273046 8659.7692318184854 2930.7449686673353 254.10485775663983 1180.8259776575142 6.6355095499602603 316.38665251462953 3256.1958595491305 93.36544023512397 1316.2346193016492 295.14716200492694 708.26033337318222 122.10568048767163 3.8654782202793312 9.3401013774564472 20.822123684825783 1723.2594735316379 15.43993847229285 238.26786429356434 108.255876666517 660.37502574880637 71.452014158130623 15.566174746141767 140.94254473978071 14.098616611532632 9.1935672434628923
leaf_count=685744 10655 315355 1005 51837 8834 25918 7567 25125 12248 575 24794 1491082 4976 269425 65675 124763 5695 546 1729 2138 281054 2347 28526 9837 106858 11620 424 19996 2339 334
internal_value=-5.18068e-05 -0.0444961 -0.0327887 -0.023008 -0.0272317 0.0439574 0.0388329 -0.0394856 0.0298837 0.0174028 -0.00780065 -0.0629748 0.0157443 -0.0362932 -0.0311355 -0.0288465 -0.00945674 0.0084446 0.0201766 -0.0375768 -0.0336778 -0.0456667 -0.0141185 -0.0277148 -0.023133 -0.0109156 0.00539243 -0.0215055 -0.0025604 0.00273514
internal_weight=26318.5 13094.5 8015.92 3257.86 2483.72 13224 4564.18 4758.06 1633.44 452.612 415.513 5078.58 99.1268 3314.42 2068.21 1773.06 774.134 159.945 131.446 3060.32 1744.08 28.499 614.189 1718.95 1010.69 350.315 137.921 212.395 122.354 13.059
internal_count=3599021 3542058 1365232 472135 381121 56963 31045 893097 23478 11230 30775 2176826 5981 577742 350346 284671 91014 10651 7424 552617 283192 3227 80363 275837 151074 44216 12600 31616 12176 880
is_linear=0
shrinkage=0.05


Tree=9
num_leaves=31
num_cat=0
split_feature=1 0 0 0 0 0 1 0 1 0 1 7 12 1 11 12 6 5 12 12 5 12 7 12 0 12 12 7 12 1
split_gain=3056.35 752.292 221.189 205.05 90.1615 62.0893 47.0891 38.7731 37.796 30.0647 28.0059 27.3168 24.8874 24.2563 23.7156 22.4628 26.1161 20.9772 20.9082 28.236 20.7082 20.6393 20.4214 19.7905 18.334 18.2709 18.1637 17.8517 18.9744 36.4193
threshold=0.38465785980224615 24.748343291819769 48.564443069248235 41.01843373759403 32.155248604922242 11.901365082409031 0.58845719695091259 64.900488853454604 0.71844381093978893 20.336688995361332 0.80857551097869884 2.2499048709869389 1949.5000000000002 0.7192974090576173 10.500000000000002 1269.5000000000002 1.0000000180025095e-35 4.9280524253845224 33.500000000000007 279.50000000000006 4.9167418479919442 69.500000000000014 8.1569404602050799 2129.5000000000005 17.520705336326504 228.50000000000003 140.50000000000003 2.7403194904327397 1473.5000000000002 0.73607569932937633
decision_type=2 2 2 2 2 2 2 2 2 2 2 2 2 2 2 2 2 2 2 2 2 2 2 2 2 2 2 2 2 2
left_child=1 5 4 15 6 -1 18 8 14 -7 -9 -5 26 -10 -4 -3 -17 20 -2 -20 -13 -19 -6 -8 -25 -11 -12 -15 -29 -30
right_child=2 3 7 11 22 9 23 10 13 25 12 17 -14 27 -16 16 -18 21 19 -21 -22 -23 -24 24 -26 -27 -28 28 29 -31
leaf_value=-0.069368510803290748 -0.082524351614377878 -0.019458672138487707 -0.09240212465433556 -0.012142784309406116 0.011441683139891178 -0.051152179953221105 0.0074294791861332678 0.030969917026519973 -0.085767808596775214 -0.024032659220105224 -0.058905904835412727 -0.0041268495243661505 -0.053812542304955024 0.0064225939813880896 0.023282026852404745 -0.026424018990007653 -0.062636605129244197 0.044038615880278964 0.010610535014958676 -0.0069499516482966137 -0.059802287568848748 0.0054247591315539365 -0.086131405983787004 -0.066709768404219397 -0.00085204723011279057 -0.042262461509136241 0.02019392666977499 0.021278146229676134 -0.029285588256516462 0.013937216820192855
leaf_weight=308.7765867540802 8.4844662055838835 2215.2361134226667 4.4411853899946427 428.90602911420865 7835.9028544769681 1154.0444260072181 3490.0732358176319 1038.0334250388551 6.2161203672585534 160.2043366789585 7.8529317452339447 435.46166476031067 15.459243577963205 641.58296302937379 1797.522027405852 1103.3709948306278 52.141276789072435 36.158337733679218 278.53619123758835 1284.8834804385842 17.367568346031476 805.94466883514542 5.3661529440432778 10.737148752086794 669.85832530843618 967.58958095640992 95.732567046245094 793.83751108244178 56.312620051321574 362.20328935546422
leaf_count=103001 1420 614971 626 126126 586697 373268 320191 43706 1025 45084 1219 117032 1895 53203 82203 327216 21702 4212 21746 118605 7137 183378 862 2652 61655 285927 5877 54856 5483 27579
internal_value=9.44843e-05 -0.0263884 0.0111539 -0.0152331 0.00788889 -0.048326 0.00312887 0.0203569 0.017836 -0.0454786 0.0283356 -0.00120626 0.00536547 0.0128365 0.0229969 -0.0224066 -0.0280581 0.00241612 -0.00424621 -0.00382141 -0.0062622 0.00708277 0.0113749 0.0059085 -0.00189103 -0.0396729 0.0141973 0.0131671 0.0167363 0.00812145
internal_weight=26088.2 7685.2 18403 5094.59 13583.8 2590.61 5742.57 4819.19 3662.12 2281.84 1157.08 1723.84 119.045 1860.15 1801.96 3370.75 1155.51 1294.93 1571.9 1563.42 452.829 842.103 7841.27 4170.67 680.595 1127.79 103.585 1853.94 1212.35 418.516
internal_count=3600554 2209054 1391500 1401774 1113828 807280 526269 277672 224975 704279 52697 437885 8991 142146 82829 963889 348918 311759 141771 140351 124169 187590 587559 384498 64307 331011 7096 141121 87918 33062
is_linear=0
shrinkage=0.05


Tree=10
num_leaves=31
num_cat=0
split_feature=3 1 0 8 0 1 1 0 0 0 9 11 1 11 9 0 1 0 1 11 11 1 11 0 0 8 8 12 12 0
split_gain=20110.4 882.943 186.808 63.323 60.4702 49.8041 42.0513 53.2564 37.3117 28.3812 28.107 33.2887 32.0207 32.7241 27.2971 26.4252 26.3018 26.2729 37.5662 37.6971 25.6251 21.4539 20.6256 36.2829 19.8394 19.7016 22.502 22.125 27.4247 19.686
threshold=1.0000000180025095e-35 1.0000000180025095e-35 41.674093543289935 7.6011524200439462 40.280228774952782 0.68052247166633617 0.44617865979671484 21.688525392322848 68.993868182074962 52.451335135971028 1.0000000180025095e-35 30.500000000000004 0.76975703239440929 48.500000000000007 1.0000000180025095e-35 29.077698871402394 0.78118044137954723 32.155248604922242 0.49824166297912603 34.500000000000007 30.500000000000004 0.57550552487373363 15.500000000000002 21.276942255695761 80.345281651647397 4.610145330429078 6.2156071662902841 1269.5000000000002 1831.5000000000002 40.133545795200924
decision_type=2 2 2 2 2 2 2 2 2 2 2 2 2 2 2 2 2 2 2 2 2 2 2 2 2 2 2 2 2 2
left_child=1 15 17 5 6 -4 7 22 10 -7 21 -12 13 -13 16 -1 25 -3 19 -19 -10 -5 -2 -24 -16 -11 -27 -28 -29 -8
right_child=4 2 3 8 -6 9 29 -9 20 14 11 12 -14 -15 24 -17 -18 18 -20 -21 -22 -23 23 -25 -26 26 27 28 -30 -31
leaf_value=-0.064356161185297134 0.048889336371884536 -0.043585595528757425 -0.01927488745397897 0.0024824621652999651 0.04755319426966307 -0.042280271857662123 0.043206428888655057 0.038144679048952114 0.03643380598568037 -0.0021371604029666847 -0.045775321492004917 0.031996379464920781 -0.059457728980075522 -0.091065351020025082 -0.0042261466249234325 -0.056922026532218228 -0.051558247568932992 0.022654289130588538 -0.037611542279845984 -0.040047082008072582 -0.010600931637436375 -0.024176431802446604 0.014264137328234087 -0.092738574737541213 -0.08246599349474934 -0.055355964110770442 -0.037702735442790354 0.018210056136562333 -0.032224071118488476 -0.0033574715451539523
leaf_weight=2710.1477703789133 41.609187358888448 2734.2266107516916 718.02742151738494 83.205611750949174 5837.9643167794275 731.94956814877514 5269.5422101606091 1589.8730994049547 54.447419469070155 68.125469167134725 28.375985992286587 91.546816160320304 12.776556873228399 5.7408417587866998 136.60848830072791 2138.6399698225723 144.20036307076225 53.000280135602225 1977.1017213710438 43.76661886688089 61.856557532621082 811.53197836203617 277.62939471559366 8.1550211970752553 8.6132214165409078 76.758150205190759 136.37892079414451 53.089424369391054 54.754680788260885 22.796760590746999
leaf_count=1113690 555 522099 81236 3831 15836 152811 14590 16704 1829 9322 4228 4028 2380 822 13405 1058267 35501 2660 368663 4640 4985 100327 8747 542 1113 16472 24964 5921 9449 102
internal_value=-2.7692e-05 -0.0442075 -0.0340916 -0.0248875 0.0437705 -0.0299945 0.0407075 0.0343631 -0.015431 -0.0354515 -0.0184534 0.0025122 0.0149614 0.0247346 -0.028085 -0.0610772 -0.0333182 -0.0403667 -0.0361228 -0.00570486 0.0114183 -0.0216973 0.0159994 0.0112108 -0.00886662 -0.0265586 -0.0317419 -0.02432 -0.00739639 0.0430059
internal_weight=25982.4 12934.9 8086.08 3277.99 13047.6 2128.51 7209.61 1917.27 1149.48 1410.48 1033.18 138.44 110.064 97.2877 678.529 4848.79 533.307 4808.1 2073.87 96.7669 116.304 894.738 327.394 285.784 145.222 389.107 320.981 244.223 107.844 5292.34
internal_count=3599719 3542643 1370686 472624 57076 350194 41240 26548 122430 268958 115616 11458 7230 4850 116147 2171957 101629 898062 375963 7300 6814 104158 9844 9289 14518 66128 56806 40334 15370 14692
is_linear=0
shrinkage=0.05


Tree=11
num_leaves=31
num_cat=0
split_feature=1 0 0 0 0 0 1 1 0 8 7 7 12 12 5 12 0 0 12 7 12 8 12 0 0 1 11 0 1 7
split_gain=2492.82 612.105 227.812 123.23 84.7315 71.5735 54.7436 39.8194 40.5887 26.6638 24.752 23.281 24.717 23.2556 22.065 21.5859 28.4147 22.9335 22.0509 20.2758 36.8661 19.5551 18.9431 21.6377 18.8937 18.6164 18.0956 17.274 24.1636 29.4868
threshold=1.0000000180025095e-35 24.748343291819769 48.289224414034841 41.01843373759403 32.762374526824722 17.944786168678551 0.52732771635055553 0.80133241415023815 61.419888893899049 7.4963750839233407 2.3502402305603032 2.8029010295867924 1346.5000000000002 1577.5000000000002 4.4997041225433358 598.50000000000011 28.864580531135292 31.050273856293646 57.500000000000007 5.2496488094329843 3645.5000000000005 9.2107405662536639 110.50000000000001 71.169067537874085 10.815831422805788 0.63116854429245006 43.500000000000007 80.345281651647397 0.76881903409957897 2.6735538244247441
decision_type=2 2 2 2 2 2 2 2 2 2 2 2 2 2 2 2 2 2 2 2 2 2 2 2 2 2 2 2 2 2
left_child=1 5 4 9 6 24 15 8 -4 11 -5 12 -3 -14 -13 17 21 18 -2 -7 -21 -17 23 -9 -1 -8 -22 28 -10 -30
right_child=2 3 7 10 -6 19 25 22 27 -11 -12 14 13 -15 -16 16 -18 -19 -20 20 26 -23 -24 -25 -26 -27 -28 -29 29 -31
leaf_value=-0.067493715185923175 -0.075551605486618975 -0.0083168942722880411 0.017046374621955334 -0.013656014435246493 0.0098768983308183522 -0.040312905555889622 -0.00049825235561978397 -0.072674674530359709 0.027857325345937441 -0.028147996825259411 0.00042324772109121996 -0.062966400821005089 -0.068038501385662462 -0.020623402099030824 -0.020890864045959967 -0.021502202644776106 0.0034378311738942724 -0.070696956158742844 0.0062364329525305684 -0.037371064651898177 0.034184352452573445 -0.079645512538410054 0.0074199776561878266 0.030663131712127659 -0.051598272172714149 0.005831347189909724 -0.039556025985295201 0.040192504971408388 -0.028581013246340964 0.019229646130171245
leaf_weight=257.35196260215889 8.5160677335225028 865.80591838889086 3023.9068642441125 422.4877921838488 7386.4813340989931 1375.950757121791 1747.3911183880409 15.553501036483796 1038.0483252760605 787.27949176557013 1195.5178994864691 31.890354307368398 30.137397710132063 182.21846700474998 1358.774296763957 351.81934231986088 128.38449621072505 10.81342995847808 255.26332517663832 104.08926437952323 34.722381835163105 15.080938294762744 458.12491778130061 7.5123222213005638 683.3122674579572 3465.6323511672599 10.941158253233878 218.71931939764181 42.180183800082887 136.97258065803908
leaf_count=90087 1519 226349 176505 134862 555493 445047 160613 4615 41439 242543 302940 14064 13105 56381 409246 38237 7220 1255 19502 32551 3756 2561 41765 750 228642 325559 3167 6866 4537 8575
internal_value=-0.000184118 -0.024802 0.00968499 -0.0145313 0.0062945 -0.0450994 0.00187168 0.018859 0.0203333 -0.0201356 -0.00325308 -0.0175805 -0.0120662 -0.0273525 -0.0218557 -0.0105739 -0.0168078 0.000670278 0.00359592 -0.0384113 -0.0209395 -0.0238921 0.00519395 -0.0390185 -0.055947 0.00370968 0.0165159 0.0272553 0.0249307 0.00797298
internal_weight=25650.9 7340.48 18310.4 4874.11 13369.4 2466.37 5982.9 4941.02 4459.83 3256.11 1618.01 2468.83 1078.16 212.356 1390.66 769.878 495.285 274.593 263.779 1525.7 149.753 366.9 481.191 23.0658 940.664 5213.02 45.6635 1435.92 1217.2 179.153
internal_count=3599751 2202740 1397011 1399490 1111959 803250 556466 285052 237922 961688 437802 719145 295835 69486 423310 70294 48018 22276 21021 484521 39474 40798 47130 5365 318729 486172 6923 61417 54551 13112
is_linear=0
shrinkage=0.05


Tree=12
num_leaves=31
num_cat=0
split_feature=3 1 0 8 1 0 7 0 0 1 0 1 11 9 0 8 1 8 0 1 7 1 0 7 0 1 1 11 8 7
split_gain=18628.5 796.067 192.514 52.0129 49.2719 45.5367 37.1167 35.786 35.6709 30.3358 38.3737 26.1679 25.8895 27.673 26.5251 29.646 25.0697 24.4011 24.1773 22.7764 22.6001 22.1346 21.1461 20.5763 20.1593 19.7966 19.0146 21.6473 18.5642 18.3994
threshold=1.0000000180025095e-35 0.41471430659294134 41.674093543289935 8.9873843193054217 0.69502258300781261 56.62229317903985 2.6735538244247441 39.105576460780874 27.276883840560917 0.58845719695091259 19.214056814547806 0.59817656874656688 30.500000000000004 1.0000000180025095e-35 50.935361998883316 7.8284282684326181 0.79323846101760875 8.7000975608825701 40.865167200565345 0.57773616909980785 3.6242519617080693 1.0000000180025095e-35 63.50759748686324 0.89587974548339855 10.815831422805788 0.58418151736259472 0.50332832336425792 43.500000000000007 1.0000000180025095e-35 5.2122108936309823
decision_type=2 2 2 2 2 2 2 2 2 2 2 2 2 2 2 2 2 2 2 2 2 2 2 2 2 2 2 2 2 2
left_child=1 -1 8 4 5 19 22 9 28 10 21 17 14 -14 -6 16 -16 18 -10 -4 -13 24 -5 -19 -2 -12 -8 -28 -3 -15
right_child=7 2 3 6 12 -7 26 -9 11 -11 25 20 13 29 15 -17 -18 23 -20 -21 -22 -23 -24 -25 -26 -27 27 -29 -30 -31
leaf_value=-0.059209244387404651 -0.074334255696972662 -0.030647685063528975 -0.010126510501713266 0.0016263348374094039 -0.034630444812261039 -0.0030831553001342484 0.046665650974782015 0.045241058079641058 -0.034744298631566063 0.042669446450157224 0.038224090911176241 -0.04319749343146205 -0.040063539643754753 -0.028518727011258307 -0.014979343962389029 0.010345661243741157 -0.051036347164709409 -0.084570032864154876 0.010642145404100918 -0.029188139179508573 -0.03367292018581438 0.036137784154789937 0.044847252873943519 -0.00097395120059467436 0.0098810480066297817 -0.0066928818111146333 -0.017092286155443382 -0.062982442605434938 -0.048455636765668095 0.0062989140985998827
leaf_weight=4733.5046457598801 7.4544742080033748 165.44036443906953 206.88700381480157 144.57998542304267 313.14020650372549 347.04113913828041 9.0385775179602188 6105.3053053732147 582.34840011800407 4027.7358064843575 2350.1168896084419 1527.4539475515339 884.68410127868992 141.51520921193878 223.44084730456234 88.67999065114418 61.468866105831694 7.9285151677904642 30.899246086657513 646.18976758347708 1051.6053914692311 97.9964921643259 35.187239937717095 102.83382261701627 152.07384417601861 24.789439763873816 106.63295503612608 33.857947432261426 1268.1857556251343 51.845392850635108
leaf_count=2181691 1399 29049 12775 9663 60385 26702 102 17213 76896 9766 22670 305698 176894 18624 32596 6582 16320 1059 2303 90987 183435 649 908 7321 5299 185 10416 5096 282897 4260
internal_value=-0.000232644 -0.042945 -0.0333586 -0.0240757 -0.0261695 -0.0183533 -0.00522349 0.042476 -0.0398145 0.0399414 0.0357673 -0.0369559 -0.0314849 -0.0363184 -0.0238971 -0.0149005 -0.0227586 -0.0285564 -0.0324574 -0.0245653 -0.0393139 0.0174348 0.0100863 -0.00695787 0.00594582 0.0377552 -0.0236292 -0.0281517 -0.0464006 -0.0191831
internal_weight=25529.9 12764.4 8030.88 3294.19 2964.89 1200.12 329.297 12765.5 4736.7 6660.17 2632.43 3303.07 1764.77 1078.04 686.73 373.59 284.91 724.01 613.248 853.077 2579.06 257.525 179.767 110.762 159.528 2374.91 149.529 140.491 1433.63 193.361
internal_count=3599840 3542659 1360968 472310 446125 130464 26185 57181 888658 39968 30202 576712 315661 199778 115883 55498 48916 87579 79199 103762 489133 7347 10571 8380 6698 22855 15614 15512 311946 22884
is_linear=0
shrinkage=0.05


Tree=13
num_leaves=31
num_cat=0
split_feature=3 1 0 0 0 1 1 11 0 1 1 12 12 11 0 9 1 1 12 0 12 0 11 0 1 11 12 11 0 0
split_gain=17348.9 730.754 154.834 72.4052 42.9936 41.1227 33.6458 33.7122 24.6365 22.2225 20.5415 20.7339 20.5409 18.7724 18.078 17.5442 18.2536 17.8556 15.3748 15.783 14.652 14.6181 20.0826 13.9061 15.4517 13.692 18.3348 18.84 16.8884 14.3416
threshold=1.0000000180025095e-35 1.0000000180025095e-35 53.833591192465981 28.594956746732354 42.492732186608926 0.70086556673049938 0.53493738174438488 27.500000000000004 59.527770420558234 0.73850890994071972 0.6923654079437257 312.50000000000006 380.50000000000006 86.500000000000014 29.077698871402394 1.0000000180025095e-35 0.71435987949371349 0.79059541225433361 75.500000000000014 40.713683310226777 2033.5000000000002 31.589673364862396 58.500000000000007 10.815831422805788 0.41471430659294134 30.500000000000004 1458.5000000000002 47.500000000000007 60.438021918220336 62.415248971010449
decision_type=2 2 2 2 2 2 2 2 2 2 2 2 2 2 2 2 2 2 2 2 2 2 2 2 2 2 2 2 2 2
left_child=1 14 3 -3 10 -4 7 -5 -7 18 11 -2 -9 23 -1 25 -17 20 -8 -20 -18 22 -14 24 -13 29 -27 28 -28 -10
right_child=4 2 5 6 -6 8 9 12 15 -11 -12 13 21 -15 -16 16 17 -19 19 -21 -22 -23 -24 -25 -26 26 27 -29 -30 -31
leaf_value=-0.060822985831498547 0.042855477661905353 -0.044476654073837864 -0.0062992107451824144 0.0041821429724493873 0.044430346826452138 -0.036423667446778309 -0.052104900563189782 -0.067337837322627034 -0.040303200997306568 -0.039261056351902683 0.042357205700528082 -0.071439047861769508 -0.056283071995797865 -0.04947194642104611 -0.054441167152273977 -0.086109876568672028 0.022485897606161948 -0.043412187507555877 -0.034002741714817951 -0.026673715919098985 -0.051448700939981988 -0.016814423801621341 0.076284854302058849 0.035474626193484064 0.061730155913199525 -0.041520152756251816 0.032912937390407425 0.016336647520104421 -0.038865810209309709 -0.0024761731760785709
leaf_weight=2524.6666990428348 1119.260271843581 1795.8027588971599 529.6296835471876 115.09350343295955 5073.6749741548701 274.29476180436905 88.923817939066794 29.852179499634076 31.868924669834087 1362.9154245304089 2404.9059913722449 6.2257193608093058 44.864600284374319 6.5346528998343265 1979.9600827523682 5.6860554149607188 72.195093050104333 15.264989467512349 1800.5056536189077 1240.8067518003518 7.3866627196548498 182.73739457901684 3.0510989751201114 4247.3105496423523 3.350552755407989 140.89923768234439 9.5115194362879247 34.544357314443914 59.195688146020984 117.23262675799197
leaf_count=1113390 4703 374136 41611 7488 13627 53610 20408 4352 5663 286500 4948 1234 5960 130 1057613 729 2891 2709 311961 181334 1066 14861 75 32621 17 26734 887 4137 10533 13504
internal_value=0.000106871 -0.0419239 -0.0328187 -0.0358954 0.0408488 -0.0170178 -0.0327303 -0.0183542 -0.0244089 -0.0339321 0.0385154 0.0367989 -0.028311 0.0352089 -0.0580179 -0.0177347 0.000905427 0.00612199 -0.0316118 -0.0310126 0.0156234 -0.02326 -0.0478416 0.0353389 -0.0248457 -0.0225 -0.0297908 -0.0137848 -0.0289291 -0.0105613
internal_weight=25328.2 12466.9 7962.26 6664.55 12861.3 1297.71 4868.75 375.599 768.08 4493.15 7787.59 5382.68 260.505 4263.42 4504.63 493.785 100.533 94.8467 3130.24 3041.31 79.5818 230.653 47.9157 4256.89 9.57627 393.252 244.151 103.252 68.7072 149.102
internal_count=3599432 3542152 1371149 1207075 57280 164074 832939 32736 122463 800203 43653 38705 25248 34002 2171003 68853 7395 6666 513703 493295 3957 20896 6035 33872 1251 61458 42291 15557 11420 19167
is_linear=0
shrinkage=0.05


Tree=14
num_leaves=31
num_cat=0
split_feature=1 0 0 0 0 0 1 8 0 1 7 12 1 12 11 1 0 1 7 0 8 8 12 7 11 8 7 1 11 0
split_gain=1976.2 590.334 167.468 116.837 84.4078 47.8263 46.2507 23.9211 21.4153 19.5728 19.028 21.6261 21.1925 18.5191 18.3674 20.3189 17.9214 19.9408 18.0881 17.059 23.332 16.5675 19.2049 15.8591 17.6742 14.6449 14.5777 14.0587 15.0765 13.8738
threshold=0.41471430659294134 26.418142547787287 34.793249309062965 40.280228774952782 17.944786168678551 64.900488853454604 0.61965674161911022 9.2858648300170916 11.901365082409031 0.75112470984458934 2.9174053668975835 286.50000000000006 0.72246322035789501 333.50000000000006 35.500000000000007 0.7963652014732362 44.911517938056939 0.75676664710044872 4.424828529357911 31.180725687620001 10.596672058105471 7.4963750839233407 33.500000000000007 1.0000000180025095e-35 43.500000000000007 8.0070338249206561 2.3502402305603032 1.0000000180025095e-35 63.500000000000007 36.30276173639141
decision_type=2 2 2 2 2 2 2 2 2 2 2 2 2 2 2 2 2 2 2 2 2 2 2 2 2 2 2 2 2 2
left_child=1 4 6 21 8 9 -2 -7 -1 -4 19 14 -13 -6 15 -12 17 18 29 -8 -21 23 -23 -3 -25 -15 -5 28 -10 -11
right_child=2 3 5 26 13 7 10 -9 27 16 11 12 -14 25 -16 -17 -18 -19 -20 20 -22 22 -24 24 -26 -27 -28 -29 -30 -31
leaf_value=-0.064623757064887946 -0.0029634292566153905 -0.03683436549774307 0.012985839927902816 -0.0082649965496923907 -0.02439136845729848 0.020527767081259279 -0.0011074274533579198 0.048870569202744768 -0.050476296485662903 -0.08287881246074992 0.026816936010018506 0.0030017812842948219 0.013648254303817609 -0.034549080221302063 0.00027701926283577028 -0.075743082365274106 0.011264788159338644 0.0049249575235367363 -0.076010584415070345 0.009877687762420484 -0.089238336021126533 0.036970793810581944 -0.025644327477402858 -0.011110381683877521 -0.021641879389795921 -0.047964415552475471 0.0021334954461873757 -0.011361039046140803 0.0058649505193853289 -0.0045376126446533792
leaf_weight=271.11260023048089 2313.3097747301144 80.879650136368582 7283.706551289084 459.63036505469063 380.49106179209411 1040.7345730709494 1340.8875160778771 80.180388291773852 593.17406491935981 6.1425784342864054 303.52700048997212 1384.9144713620481 705.55474316596519 1233.5011628470165 97.380019595788326 4.9073833239963269 1579.124702867528 928.65719312956207 12.343784371856598 614.41065821696975 5.9954399876442031 12.491146967222447 623.85510276985588 1344.8670981307514 566.06201848696583 243.61080133734504 1263.7448376000102 25.376982241461519 12.116305724135598 70.670991636405233
leaf_count=103079 213718 31316 463237 148907 121770 51168 145864 1391 213126 997 21712 125330 60581 403454 10138 1285 134334 92047 1984 53775 682 1561 201467 387431 183365 84024 329270 2373 3615 7109
internal_value=4.6839e-05 -0.0222294 0.00895976 -0.0107574 -0.0403208 0.0127674 0.00277296 0.0225552 -0.0528719 0.011657 0.00574993 0.00864555 0.00659507 -0.0342278 0.0192081 0.0251851 0.00793013 0.00275647 -0.0198304 0.00206445 0.00891986 -0.0173918 -0.0244152 -0.0151479 -0.0142301 -0.0367616 -0.00063982 -0.0478199 -0.0493485 -0.0108024
internal_weight=24883.4 7110.91 17772.4 4351.53 2759.38 11001.6 6770.89 1120.91 901.78 9880.65 4457.58 2496.28 2090.47 1857.6 405.814 308.434 2596.94 1017.81 89.1574 1961.29 620.406 2628.16 636.346 1991.81 1910.93 1477.11 1723.38 630.667 605.29 76.8136
internal_count=3600110 2214758 1385352 1283317 931441 752267 633085 52559 322193 699708 419367 219046 185911 609248 33135 22997 236471 102137 10090 200321 54457 805140 203028 602112 570796 487478 478177 219114 216741 8106
is_linear=0
shrinkage=0.05


Tree=15
num_leaves=31
num_cat=0
split_feature=3 1 0 0 1 0 1 0 1 1 11 5 12 12 1 0 5 12 1 12 6 11 11 12 12 0 12 12 12 0
split_gain=16442.5 632.96 118.245 39.025 35.4842 32.6769 30.8267 22.8484 58.1929 21.078 19.205 22.0192 19.1484 19.9651 18.663 18.1652 17.7431 19.622 17.4605 17.3323 15.9073 27.9443 24.978 19.1612 17.8074 22.0838 17.2568 28.2061 15.8399 15.5402
threshold=1.0000000180025095e-35 1.0000000180025095e-35 44.677097865322146 61.419888893899049 0.56281793117523204 28.594956746732354 0.59817656874656688 19.856720862298975 1.0000000180025095e-35 0.77081426978111278 30.500000000000004 4.6925911903381357 3249.5000000000005 598.50000000000011 0.70086556673049938 26.768293343895497 4.7382688522338876 1987.5000000000002 0.74510830640792858 4508.5000000000009 1.0000000180025095e-35 30.500000000000004 35.500000000000007 260.50000000000006 190.50000000000003 74.568784612602045 1500.5000000000002 1608.5000000000002 5070.5000000000009 34.112061908428593
decision_type=2 2 2 2 2 2 2 2 2 2 2 2 2 2 2 2 2 2 2 2 2 2 2 2 2 2 2 2 2 2
left_child=1 15 5 4 12 -3 19 8 10 -8 -2 -12 13 -4 -5 -1 -13 -18 -9 29 21 23 -22 24 25 -16 -23 -28 -6 -7
right_child=7 2 3 14 28 6 9 18 -10 -11 11 16 -14 -15 20 -17 17 -19 -20 -21 22 26 -24 -25 -26 -27 27 -29 -30 -31
leaf_value=-0.060031115830151277 0.024831520827559135 -0.042538148225138829 -0.042305354044375965 -0.0028196951849689938 -0.030353519739323764 -0.032298968099961571 -0.034919447350089575 0.039640416352515362 0.0439110550644249 -0.047204781650708676 -0.084818038240708618 0.061928457817532249 -0.08905334422872041 0.0083812484317269658 -0.051649286902593544 -0.05354499084005037 0.0039100075529442105 -0.060371973959771744 0.044389673538040048 -0.068078007770358648 -0.053698368271195812 -0.047036075766899506 0.038675847070432215 -0.018202179645926121 0.053626672561584834 0.048975729625975226 0.042640225569641588 -0.03054362884959402 -5.8100482486723334e-05 -0.017512758202244717
leaf_weight=2055.3329789584386 97.949465059500653 1818.9346834679454 23.326778300106525 251.32652807122213 1731.3784887550864 313.38155246182578 2419.3740843906562 9603.8355167273403 291.06415811204351 408.01673513863352 8.1724162338650768 10.525751595734617 6.3226404481101772 116.23614109540358 13.154875531356085 2273.532173925385 70.623904237989336 14.270189132774247 2423.6926819729269 22.919914840953425 10.321863400080472 122.37462275198777 25.146923773310846 102.29501724944566 21.617372409586096 9.312538796104489 15.65002707930398 82.948244635888841 44.248328549612779 410.41966110054636
leaf_count=938014 2512 374829 2365 17807 289887 39701 438008 43667 1181 97068 770 99 636 4425 2824 1233921 2753 1384 4857 3355 1530 23411 1521 11820 926 564 1042 13033 5912 41216
internal_value=-0.00016942 -0.041234 -0.0328733 -0.02406 -0.027651 -0.0370825 -0.034306 0.0401652 0.0296108 -0.0366923 0.00895859 -0.00604972 -0.00394622 -9.05945e-05 -0.0135117 -0.0566246 0.000696544 -0.00689541 0.0405974 -0.0252702 -0.0201827 -0.0232701 0.0117938 -0.00632653 0.0212299 -0.00994113 -0.034494 -0.0189275 -0.0295986 -0.0239147
internal_weight=24817.7 12297.6 7968.71 2575.66 1921.51 5393.05 3574.11 12520.1 492.606 2827.39 201.542 103.592 145.886 139.563 654.148 4328.87 95.4198 84.8941 12027.5 746.721 402.821 367.353 35.4688 146.38 44.0848 22.4674 220.973 98.5983 1775.63 723.801
internal_count=3601038 3543815 1371880 377703 303225 994177 619348 57223 8699 535076 7518 5006 7426 6790 74478 2171935 4236 4137 48524 84272 56671 53620 3051 16134 4314 3388 37486 14075 295799 80917
is_linear=0
shrinkage=0.05


Tree=16
num_leaves=31
num_cat=0
split_feature=3 1 0 0 1 0 1 0 1 7 8 0 11 1 7 8 11 7 11 7 0 7 12 7 8 12 7 1 12 0
split_gain=15221.3 620.851 144.154 36.2786 32.9594 32.0894 52.5468 25.7079 21.5009 20.9647 31.116 23.9282 21.115 23.5061 19.7388 19.3545 18.2947 20.2859 17.3337 28.1402 25.1669 26.3852 17.2838 19.6969 17.0726 25.1578 22.2394 18.9394 16.9741 16.3853
threshold=1.0000000180025095e-35 1.0000000180025095e-35 43.5979521188383 27.84568023681641 0.71013498306274425 28.204355716705326 0.49188277125358587 49.498687744351635 0.7596479356288911 5.0968081951141366 7.8284282684326181 74.568784612602045 46.500000000000007 0.79323846101760875 4.182021141052247 7.1705040931701669 43.500000000000007 7.2737860679626474 27.500000000000004 1.2424533367156985 61.419888893899049 1.2424533367156985 1849.5000000000002 5.3008110523223886 7.7016401290893564 2499.5000000000005 4.2268071174621591 0.67051365971565258 1743.5000000000002 23.717257499694828
decision_type=2 2 2 2 2 2 2 2 2 2 2 2 2 2 2 2 2 2 2 2 2 2 2 2 2 2 2 2 2 2
left_child=1 29 3 -3 7 6 15 -4 -5 10 11 -6 13 -11 -10 -2 -15 -18 20 -20 21 -12 -17 -24 -9 -26 -27 -28 -23 -1
right_child=5 2 4 8 9 -7 -8 24 14 12 18 -13 -14 16 -16 22 17 -19 19 -21 -22 28 23 -25 25 26 27 -29 -30 -31
leaf_value=-0.059760747686768513 0.029019992207556151 -0.04315307229473403 -0.026170535153182579 -0.032436185619487516 -0.0373153411449424 0.039961266316929367 0.039200885115235236 -0.016640457326602898 -0.050454843039995936 0.002238297006122342 -0.090423260260211386 -0.0043197934615831967 -0.046848144277117462 -0.061036708448549672 -0.028941211793452229 0.019444054862887864 -0.072593032594787513 0.081918708772694554 0.005930549926109278 -0.035703866851894334 0.030804895426181041 0.0010930041541617837 -0.029885484415924698 0.039468523718355068 0.0039621850177549885 -0.087502250090583281 -0.087067152437047449 0.036076975130758575 -0.080361986500445154 -0.053281983328957533
leaf_weight=1555.5540843795461 681.40270369118662 1581.5036644096836 481.68448973438353 3002.7200877965079 854.94027560959512 9898.8182259912428 1621.5541839994257 561.54309160754201 338.96155992304557 148.23506250599166 10.910111976409096 58.720313864760101 39.866481028526323 29.086599714908516 155.54411678655015 228.66947147925384 3.5099963119137083 5.3807715703733265 53.208889380097389 171.05671976841404 38.866259488335345 64.654943897388875 39.890473756153369 13.771929926413575 242.09185928091756 15.044191983877683 4.4764006731566033 10.322052209870888 7.0978656270890488 2618.9921665864822
leaf_count=717660 10258 344183 65296 497247 186092 33681 5154 61291 89664 16814 1694 8511 8084 5773 29135 5531 960 79 4219 26557 1568 6396 2339 288 13757 1870 540 491 1362 1454453
internal_value=-2.98666e-05 -0.0401063 -0.0318468 -0.0368689 -0.0227397 0.0386658 0.0337055 -0.016975 -0.0340272 -0.0278433 -0.0303598 -0.0351947 -0.0138237 -0.00675342 -0.0436878 0.024459 -0.0418503 0.0209188 -0.017585 -0.0258258 -0.00237793 -0.0179797 0.0134511 -0.0120865 -0.0116606 -0.00137734 -0.0446931 -0.00117303 -0.00696461 -0.0556962
internal_weight=24538.1 12054 7879.43 5078.73 2800.7 12484.1 2585.29 1315.16 3497.23 1485.53 1259.46 913.661 226.079 186.212 494.506 963.735 37.9774 8.89077 345.795 224.266 121.529 82.6629 282.332 53.6624 833.478 271.935 29.8426 14.7985 71.7528 4174.55
internal_count=3600947 3543696 1371583 960229 411354 57251 23570 143245 616046 268109 236399 194603 31710 23626 118799 18416 6812 1039 41796 30776 11020 9452 8158 2627 77949 16658 2901 1031 7758 2172113
is_linear=0
shrinkage=0.05


Tree=17
num_leaves=31
num_cat=0
split_feature=3 1 1 7 7 12 1 1 1 12 11 11 12 12 1 1 11 7 1 11 1 12 12 11 7 5 5 7 5 11
split_gain=13930.2 612.343 19.0263 17.6762 22.7935 13.5779 12.5474 22.7686 25.2246 12.9049 11.8852 12.792 17.261 15.8783 14.1041 18.8471 19.017 24.7016 18.6493 27.6338 21.6601 18.4329 23.5374 22.8666 18.9399 15.9749 15.3605 20.1943 14.8093 14.1772
threshold=1.0000000180025095e-35 1.0000000180025095e-35 0.5423724651336671 4.5485858917236337 4.5163240432739267 184.50000000000003 0.7635781764984132 0.74679896235466015 0.74769887328147899 3321.5000000000005 11.500000000000002 25.500000000000004 886.50000000000011 3121.5000000000005 0.73767861723899852 0.72401472926139843 47.500000000000007 6.0461888313293466 0.68142026662826549 30.500000000000004 0.70511403679847728 1415.5000000000002 1108.5000000000002 48.500000000000007 6.7505164146423349 4.9864451885223398 4.9623036384582528 5.2806591987609872 4.5025253295898446 36.500000000000007
decision_type=2 2 2 2 2 2 2 2 2 2 2 2 2 2 2 2 2 2 2 2 2 2 2 2 2 2 2 2 2 2
left_child=1 -1 5 4 6 -2 7 9 -9 -3 -5 13 -13 -12 15 16 18 26 -14 -20 -21 22 23 -16 -23 29 27 -18 -29 -26
right_child=2 3 -4 10 -6 -7 -8 8 -10 -11 11 12 14 -15 21 -17 17 -19 19 20 -22 24 -24 -25 25 -27 -28 28 -30 -31
leaf_value=-0.054423396393630155 0.042964762868771066 -0.030864336626037298 0.038424382090816056 -0.07672510651147188 -0.073890213160494614 0.03281324745929546 -0.036884738003902864 0.019741445660569637 -0.023191212049757944 -0.042740254199384015 -0.012891618806420382 -0.038419530559257654 -0.035746860166389859 -0.078717294272983657 -0.076749885402087353 0.0014427060740340211 -0.003593615925895854 -0.058916327793342139 -0.083431773550939101 0.0058005155881391433 -0.033956941348829893 -0.049893418897868552 0.0054793235808359587 0.040040179133267288 -0.081350761613447564 -0.078346416744762559 0.010605052596017116 0.043295985621660149 -0.078344008410386801 0.017448173852344234
leaf_weight=4032.7045123160642 371.87821768573485 4602.2961508527806 9146.8013117185619 11.332293543557169 31.730837678187527 2882.987404967309 892.98758121510036 37.479917578777531 392.48355825117324 240.71436660876498 253.42925127156195 277.78267582299304 324.85356352401141 9.5048314266023208 20.456961276620863 84.253494552976917 52.365501567430329 22.702165086928289 13.498997793125453 93.934845215611858 53.924525855109096 158.34350164864736 52.918536440265598 5.2710225882183286 4.1850094168912646 7.1590046163764773 89.88839053051197 2.902269636513668 18.151986476557795 27.428991282824427
leaf_count=2171618 2098 779658 22325 2733 7615 32705 212323 4338 73974 46774 32739 51071 49410 1977 4570 10438 7358 5000 2618 10954 9276 31979 6778 539 730 1318 9529 210 4072 2470
internal_value=0.000242133 -0.0386108 0.0372561 -0.0304165 -0.0316214 0.0339731 -0.0314038 -0.0304756 -0.0194488 -0.0314546 -0.0257033 -0.0253357 -0.0273558 -0.0152712 -0.0243785 -0.0208497 -0.0236438 -0.0100472 -0.0288454 -0.0149511 -0.00869909 -0.0340586 -0.0135932 -0.0528225 -0.042224 -0.0109032 -0.00325368 -0.020221 -0.0615763 0.00436933
internal_weight=24216.4 11814.7 12401.7 7781.98 6197.69 3254.87 6165.96 5272.97 429.963 4843.01 1584.29 1572.96 1310.02 262.934 1032.24 756.476 672.222 186.01 486.212 161.358 147.859 275.763 78.6465 25.728 197.117 38.773 163.308 73.4198 21.0543 31.614
internal_count=3599197 3542069 57128 1370451 1124682 34803 1117067 904744 78312 826432 245769 243036 208320 34716 157249 108865 98427 26169 72258 22848 20230 48384 11887 5109 36497 4518 21169 11640 4282 3200
is_linear=0
shrinkage=0.05


Tree=18
num_leaves=31
num_cat=0
split_feature=3 2 0 0 0 7 2 0 0 12 8 0 8 12 5 7 0 0 8 14 8 12 8 7 0 7 7 0 8 8
split_gain=13058.2 574.082 150.707 59.8466 31.9703 28.0353 26.9642 54.8892 25.481 20.902 20.7621 19.5155 19.4983 18.4368 17.6622 16.4515 16.3007 15.9608 15.2958 15.0248 14.9526 16.6262 13.8278 27.4376 16.6384 16.2181 20.0251 16.1016 15.109 13.8242
threshold=1.0000000180025095e-35 1.0000000180025095e-35 37.813417884444796 57.246900822254254 42.492732186608926 4.7317931652069101 1.0000000180025095e-35 21.961842087002882 11.901365082409031 2083.5000000000005 6.8040599822998056 29.077698871402394 5.1445789337158212 122.50000000000001 4.9812958240509042 4.424828529357911 37.12904464040367 44.033764384985268 8.2984070777893084 1.0000000180025095e-35 8.0065340995788592 3400.5000000000005 11.437396049499513 2.5249279737472539 50.935361998883316 6.6739296913146982 6.0222353935241708 41.175623627186731 6.860135793685914 10.463317394256594
decision_type=2 2 2 2 2 2 2 2 2 2 2 2 2 2 2 2 2 2 2 2 2 2 2 2 2 2 2 2 2 2
left_child=1 11 5 10 6 19 7 8 -2 16 12 -1 15 -9 -11 -4 -7 -14 -10 -3 -5 -22 25 24 -24 26 28 -27 -12 -30
right_child=4 2 3 20 -6 9 -8 13 18 14 22 -13 17 -15 -16 -17 -18 -19 -20 -21 21 -23 23 -25 -26 27 -28 -29 29 -31
leaf_value=-0.056893394821185085 -0.071517478724487216 -0.039394248257909437 -0.02916913796928482 -0.015951446565356631 0.039048586119374291 -0.019885279839704045 0.035555374113030079 0.048894330190508602 0.015094317510026253 -0.05297250886137056 0.039554239797139748 -0.049751372817247091 -0.044971915442081935 0.030538608596452296 -0.021633469716689429 -0.0081234472817328599 -0.078564190674046436 -0.030594443134257601 -0.025618729407446646 0.027268328635789263 0.00078701965473271034 -0.078743739128316753 0.035331201684136691 -0.044771123462688772 -0.099470596763390595 -0.086447476473694662 -0.077338102846353937 0.023473217978049393 -0.023849373419478966 -0.060712546539434392
leaf_weight=2178.2227437189431 9.5612949756905419 3132.8808386924211 341.94778860379301 700.02890025445959 4879.8160930762679 421.12755134530016 5622.6377054241602 151.8719584888313 259.00298238266259 121.04237188672414 9.2723340671509487 1705.3039978221786 318.81064924060775 1378.3124380680238 71.525350629643071 127.47449712669186 12.177635074651333 489.27676829104894 25.32572025177069 8.4753456613980216 232.13520342746051 6.7629252368496955 34.955418044293765 21.130165536946151 2.4494758968939996 3.7637726267566896 17.852287925110431 29.013291810755618 1534.0368710297626 25.861506656277925
leaf_count=1113957 1640 649592 65479 98905 13488 63403 16890 644 6900 25360 931 1058195 70385 16199 10787 18343 2779 92297 1363 866 16156 1185 1073 3343 202 562 4358 1673 239882 3439
internal_value=0.000113656 -0.0380967 -0.030159 -0.0232624 0.035903 -0.0372891 0.0338417 0.0285593 0.00876811 -0.0276258 -0.0267556 -0.0537572 -0.0315587 0.0323604 -0.0413323 -0.0234541 -0.0215344 -0.0362667 0.0114679 -0.0392144 -0.0122654 -0.0014644 -0.0230996 0.000774661 0.0265036 -0.0239623 -0.0246813 0.0108511 -0.0240823 -0.0244605
internal_weight=23872.1 11545.5 7662 3894.77 12326.5 3767.23 7446.71 1824.07 293.89 625.873 2955.84 3883.53 1277.51 1530.18 192.568 469.422 433.305 808.087 284.329 3141.36 938.927 238.898 1678.34 58.5351 37.4049 1619.8 1587.02 32.7771 1569.17 1559.9
internal_count=3600276 3543152 1371000 618213 57124 752787 43636 26746 9903 102329 501967 2172152 246504 16843 36147 83822 66182 162682 8263 650458 116246 17341 255463 4618 1275 250845 248610 2235 244252 243321
is_linear=0
shrinkage=0.05


Tree=19
num_leaves=31
num_cat=0
split_feature=3 1 0 0 0 9 11 1 5 5 12 0 1 0 0 1 0 1 1 7 7 1 7 1 11 0 1 5 7 12
split_gain=11951.3 568.382 142.966 67.1687 27.9748 25.3829 25.7701 23.4082 20.2158 28.3125 23.984 19.7495 18.7704 45.4179 17.5166 23.3832 17.4187 16.9117 16.108 15.6328 21.884 18.3694 16.6597 21.2903 15.1553 18.5858 17.5121 15.3824 13.6355 13.2219
threshold=1.0000000180025095e-35 1.0000000180025095e-35 48.289224414034841 27.276883840560917 50.935361998883316 1.0000000180025095e-35 22.500000000000004 0.59817656874656688 4.9214069843292245 4.7576942443847665 1473.5000000000002 29.077698871402394 0.5423724651336671 24.00533894931505 68.993868182074962 0.80133241415023815 52.849877527267388 0.82881340384483349 0.77197623252868663 4.1510088443756112 4.5900437831878671 0.53865098953247081 1.0000000180025095e-35 0.72739624977111828 18.500000000000004 39.7930541329115 0.49188277125358587 4.9231786727905282 5.5664324760437021 1061.5000000000002
decision_type=2 2 2 2 2 2 2 2 2 2 2 2 2 2 2 2 2 2 2 2 2 2 2 2 2 2 2 2 2 2
left_child=1 11 3 -3 12 6 18 24 9 10 16 -1 13 -2 15 19 -7 -10 -4 22 -21 -22 23 -8 26 -26 -5 -28 -16 -9
right_child=4 2 5 7 -6 8 14 29 17 -11 -12 -13 -14 -15 28 -17 -18 -19 -20 20 21 -23 -24 -25 25 -27 27 -29 -30 -31
leaf_value=-0.056154473609657411 0.017497692428883906 -0.042858387145831921 0.00072754937416249707 0.027461402225847573 0.038901795468778956 -0.076848889465783346 0.011476541021513378 -0.035049195806685689 0.0045830011919752644 -0.074067686314847031 -0.083262808798195032 -0.048844340852156734 0.034431209480243148 0.032881641157935064 -0.0070204771667509288 -0.049370378195274171 0.023253519426876604 -0.047734888895755126 -0.028946013992197751 0.0027098610080886158 0.03047649965939276 -0.027354534786940513 -0.029995769555475761 -0.054501837748860429 -0.029967784463050345 -0.013077543246199048 0.0087670165055690977 -0.040782222511620225 -0.075856755625596142 -0.028794949111005049
leaf_weight=2108.6105045093718 609.4928110462788 1365.1817825297767 206.42020495256293 30.190194807830267 2538.0122951461235 4.9960175350424825 52.180647034139838 1744.3749457580561 248.57067751030263 23.183172858756734 8.3534890814335068 1644.5460638398363 6817.6994266522815 2254.1183057987801 199.41920948636835 92.8146368660382 33.389096274622716 16.469828461937141 58.751251111651072 120.45288783713477 14.675386757007798 213.45780364400707 635.95362524918164 15.9687361480901 570.62014749372611 227.93213040757109 28.154744172410574 35.305252074380405 7.4633253514184608 1639.1058747115458
leaf_count=1113967 13785 319512 21505 1152 6668 1201 4158 378288 19210 4615 1710 1058443 17666 18955 24251 27183 1924 3080 12900 15218 448 33330 102890 3831 76872 19035 2470 4734 1524 290559
internal_value=-8.25832e-05 -0.0370337 -0.0291662 -0.0332026 0.0342293 -0.017505 -0.0200992 -0.0301196 -0.00497718 -0.028892 -0.00648413 -0.0529513 0.0330044 0.0296073 -0.0228938 -0.0253121 0.0102247 0.00133193 -0.00584691 -0.0231909 -0.0145312 -0.0236344 -0.0274781 -0.00398349 -0.0229151 -0.0251468 -0.00388604 -0.0187991 -0.00950376 -0.0320194
internal_weight=23565.9 11346.5 7593.39 5640.87 12219.3 1952.52 1617.56 4275.68 334.962 69.9218 46.7386 3753.16 9681.31 2863.61 1352.39 1145.5 38.3851 265.041 265.171 1052.69 348.586 228.133 704.103 68.1494 892.202 798.552 93.6502 63.46 206.883 3383.48
internal_count=3601084 3544010 1371600 1092622 57074 278978 247238 773110 31740 9450 4835 2172410 50406 32740 212833 187058 3125 22290 34405 159875 48996 33778 110879 7989 104263 95907 8356 7204 25775 668847
is_linear=0
shrinkage=0.05


Tree=20
num_leaves=31
num_cat=0
split_feature=3 1 8 1 7 8 1 11 8 5 7 8 8 7 9 1 7 11 8 8 8 5 5 11 1 8 7 1 11 8
split_gain=11294.3 585.041 39.9355 23.4016 19.1291 23.9775 17.8205 16.5772 16.5722 15.9596 15.8766 15.3587 24.8547 23.4503 18.6399 18.2494 13.997 18.2844 13.8134 19.3354 17.8483 16.6906 21.5103 15.2077 13.1095 29.118 14.8637 13.2922 22.6441 14.5264
threshold=1.0000000180025095e-35 1.0000000180025095e-35 11.09481191635132 0.51368334889411937 1.4978661537170412 11.161240100860597 0.69919240474700939 41.500000000000007 7.3780713081359872 4.9345715045928964 5.8930234909057626 9.0508713722229022 9.2103905677795428 5.1901714801788339 1.0000000180025095e-35 0.75112470984458934 4.7492611408233651 34.500000000000007 8.5174932479858416 6.6864848136901864 6.860135793685914 4.9454820156097421 4.9922928810119638 43.500000000000007 0.63260510563850414 9.6159057617187518 4.686739683151246 0.7408951222896577 41.500000000000007 9.2107405662536639
decision_type=2 2 2 2 2 2 2 2 2 2 2 2 2 2 2 2 2 2 2 2 2 2 2 2 2 2 2 2 2 2
left_child=1 -1 10 8 6 9 7 -4 -2 -6 11 -3 16 14 24 -16 17 -13 19 21 -21 -12 -23 -22 25 -14 27 28 29 -26
right_child=3 2 4 -5 5 -7 -8 -9 -10 -11 18 12 13 -15 15 -17 -18 -19 -20 20 23 22 -24 -25 26 -27 -28 -29 -30 -31
leaf_value=-0.052575472529901857 0.031947625126437403 -0.029807299634611924 -0.082235970553828308 0.034926395058079394 0.073012663492070362 -0.025136722242469042 0.04403102681244906 0.021886931230023714 0.023220592242789006 -0.082015312872817506 -0.055206467225339409 0.021093897398134165 -0.039907987411723217 -0.080304516432905759 0.011768775130689751 -0.077196137717156527 0.044098734987575071 -0.042936093394246977 -0.06706913333249484 0.043711360404844239 -0.00019840684667027966 -0.0095292342742210479 -0.061387751485792952 -0.040452125485105829 -0.0041979452049525287 0.0043493284803064252 -0.080774784229998065 -0.016021977177263197 -0.071734224718159226 -0.040722067784783392
leaf_weight=3613.6871861763211 2207.0644212571933 6437.7363839300378 6.4304848345927885 9227.2670816899918 10.67234036576701 81.222431166272145 33.39822772203479 9.4257225114852172 721.92080022650771 1.965934487758205 41.100590242858743 25.346131837286521 65.412671368510928 18.451396954857046 56.074747379636392 6.424818341707577 18.964333757816348 19.905819658073597 13.818076087743973 18.034716054389719 104.24119296192657 111.38534868633724 24.37130387686193 30.278794485842809 41.079338563460624 86.061027904826915 15.406101145752471 101.11109473778924 40.069069949153345 80.708547490037745
leaf_count=2171127 21470 1232046 978 23428 119 12001 1003 508 12166 274 9589 2288 9908 3289 4052 1163 884 2984 2660 1082 11073 15583 4603 5656 4715 8032 2951 14054 7993 12466
internal_value=0.000384398 -0.036049 -0.0280851 0.0336904 -0.00192604 -0.0151681 0.0233084 -0.0203401 0.0297966 0.0488974 -0.0285941 -0.029108 -0.0212786 -0.0249644 -0.0228904 0.00262338 0.00803961 -0.00707217 -0.0180943 -0.0160399 -0.00299697 -0.0272906 -0.018839 -0.00925902 -0.0266001 -0.0147628 -0.0330412 -0.0302447 -0.0391296 -0.0284024
internal_weight=23269 11112.8 7499.1 12156.3 143.115 93.8607 49.2544 15.8562 2928.99 12.6383 7355.98 7012.75 575.015 510.799 492.347 62.4996 64.2163 45.252 343.23 329.412 152.555 176.857 135.757 134.52 429.848 151.474 278.374 262.968 161.857 121.788
internal_count=3600145 3543081 1371954 57064 14883 12394 2489 1486 33636 393 1357071 1306825 74779 68623 65334 5215 6156 5272 50246 47586 17811 29775 20186 16729 60119 17940 42179 39228 25174 17181
is_linear=0
shrinkage=0.05


Tree=21
num_leaves=31
num_cat=0
split_feature=3 1 8 1 12 12 11 5 11 12 1 11 11 7 8 5 5 1 8 12 11 1 1 7 11 1 8 8 1 7
split_gain=10461.8 554.947 39.431 32.8502 18.6876 31.6493 25.3142 22.5911 17.1544 20.396 16.5368 14.803 16.7993 14.745 14.349 14.0281 20.2488 18.7907 18.2842 18.002 16.6878 14.8459 13.908 13.8855 15.671 24.1291 23.2481 18.155 18.6166 16.1098
threshold=1.0000000180025095e-35 1.0000000180025095e-35 9.0508713722229022 0.52732771635055553 971.50000000000011 848.50000000000011 36.500000000000007 4.5720579624176034 44.500000000000007 3740.5000000000005 0.7596479356288911 22.500000000000004 25.500000000000004 2.0126758217811589 7.0084948539733896 4.8733181953430185 4.9558122158050546 0.64529997110366832 10.092061519622805 380.50000000000006 33.500000000000007 0.82523763179779064 0.78789359331130993 5.1676349639892587 30.500000000000004 0.56032049655914318 6.3517484664917001 8.2984070777893084 0.57773616909980785 5.2907860279083261
decision_type=2 2 2 2 2 2 2 2 2 2 2 2 2 2 2 2 2 2 2 2 2 2 2 2 2 2 2 2 2 2
left_child=1 -1 23 14 5 7 22 10 9 11 -4 -6 13 -13 -2 -9 20 18 19 -18 -17 -19 -7 -3 29 -26 -27 -28 -29 -25
right_child=3 2 4 -5 8 6 -8 15 -10 -11 -12 12 -14 -15 -16 16 17 21 -20 -21 -22 -23 -24 24 25 26 27 28 -30 -31
leaf_value=-0.051762899294694131 0.030305429098219167 -0.029567556941689527 0.01593901920480496 0.033932337476319928 -0.053484365548094798 -0.041874042838278051 0.047483627848355942 -0.060460954042646176 -0.041494243162436613 0.017378666741001563 -0.080732601552525804 -0.085547365474093709 -0.022911205675342723 0.027668910578032169 0.02288092497410885 0.034629260554574222 0.03401856204315145 -0.053204530392975603 -0.061788359406632742 -0.039393012366095763 -0.043856625571902334 0.041661200913374483 0.052033818384510634 0.018950849009258006 -0.058656974713198196 -0.036013241210154888 -0.010593012234390319 0.055099073311525207 -0.079142964809010063 -0.01722398891990351
leaf_weight=3474.4861736619059 1966.2837614675082 5908.6739949754774 63.225412307103397 9051.3480836677481 33.437810947478283 16.413947006978564 41.287094442493981 23.819065338320797 99.168232282798272 36.68270932159794 4.7565851346589616 3.202186283713675 223.76768514880678 28.219363504322246 972.69521468484891 25.900935003679479 26.010499843716389 61.285005166602787 11.356316453107864 12.299775738152674 9.1705071198812202 4.4216304912697515 5.1892803494120008 37.238453693775227 53.879422662750585 210.82367237190192 264.39646479309886 3.0287934015505042 17.532756540051196 177.35048321180511
leaf_count=2171343 18806 1163292 4916 22965 5332 2291 1780 4582 16865 3606 1013 525 27497 1977 15503 1839 1670 11402 1599 1950 1604 355 249 3513 9461 41351 36325 115 4129 21804
internal_value=0.000229969 -0.035278 -0.0275406 0.032441 -0.0165047 -0.00706663 0.0245373 -0.0152715 -0.0232892 -0.0177395 0.00917507 -0.0222028 -0.0181039 0.016131 0.0278482 -0.0248083 -0.0191636 -0.0292772 -0.00606793 0.0104493 0.0141067 -0.0468207 -0.0193166 -0.0287473 -0.0224054 -0.0268789 -0.0234255 -0.0141125 -0.0593686 -0.0109464
internal_weight=22867.4 10877 7402.54 11990.3 729.614 305.136 62.8903 242.246 424.478 325.31 67.982 288.627 255.189 31.4215 2938.98 174.264 150.445 115.373 49.6666 38.3103 35.0714 65.7066 21.6032 6672.92 764.25 549.661 495.782 284.958 20.5615 214.589
internal_count=3599659 3542385 1371042 57274 91052 35250 4320 30930 55802 38937 5929 35331 29999 2502 34309 25001 20419 16976 5219 3620 3443 11757 2540 1279990 116698 91381 81920 40569 4244 25317
is_linear=0
shrinkage=0.05


Tree=22
num_leaves=31
num_cat=0
split_feature=3 2 0 8 0 2 0 0 0 0 7 7 0 7 7 7 7 8 7 12 12 12 7 11 7 8 12 0 11 11
split_gain=9788.39 535.755 165.272 43.1176 38.2393 48.5191 28.2985 27.2905 21.8351 21.1984 19.5572 21.8141 19.217 27.5039 23.9576 18.3515 21.3704 18.546 17.3929 29.8137 27.6028 16.3277 15.1807 17.6839 18.4037 15.2315 13.9715 13.8602 15.4256 13.7793
threshold=1.0000000180025095e-35 1.0000000180025095e-35 37.482618228146755 7.7016401290893564 27.960618543598688 1.0000000180025095e-35 57.246900822254254 74.568784612602045 17.944786168678551 26.768293343895497 4.686739683151246 7.1518735885620126 22.841426115621292 5.0466406345367441 4.0517470836639413 4.5798392295837411 4.9236173629760751 8.7000975608825701 5.0968081951141366 1401.5000000000002 2058.5000000000005 408.50000000000006 5.1676349639892587 35.500000000000007 5.4227426052093515 12.533539295196535 3842.5000000000005 24.252789497375492 36.500000000000007 28.500000000000004
decision_type=2 2 2 2 2 2 2 2 2 2 2 2 2 2 2 2 2 2 2 2 2 2 2 2 2 2 2 2 2 2
left_child=1 9 12 6 5 8 -4 10 -2 -1 26 22 -3 14 -14 -16 17 21 19 -15 -21 -17 -12 24 -24 -25 -5 28 -23 -10
right_child=4 2 3 7 -6 -7 -8 -9 29 -11 11 -13 13 18 15 16 -18 -19 -20 20 -22 27 23 25 -26 -27 -28 -29 -30 -31
leaf_value=-0.055546725372517751 -0.0042908531709539193 -0.043345601838788717 -0.026498348472279311 -0.010277200486362603 0.032652094802545703 0.030531258882388147 -0.014441137015281378 0.023685782338217786 0.028748168122809382 -0.047574238725530543 -0.057496940350819925 0.053794804892257436 -0.033059055717092632 -0.076125171377127238 -0.055402203613341527 -0.00071542730078464299 -0.068190272060859522 0.0070717484472504616 -0.024063447170312273 0.066975608474770645 -0.071300759341094005 0.043305283405469672 0.029606422652684507 -0.056596560294703328 -0.036767035276571589 0.053448955270483357 -0.049531738764501204 -0.049809951770107337 -0.073670177647061255 0.013734494495552819
leaf_weight=1610.1867500254593 118.87186364622903 591.53577260156453 2018.0698791787727 954.95852007772191 9436.9559425849002 1640.1743634883896 641.28149544459302 51.046110017836327 234.20629112521419 1729.2081454211802 50.269097071446595 7.1464194973814292 2057.3258469021966 6.9501374932588105 236.18592706916388 27.513051026122412 39.846279600315029 31.575707921670983 345.16744118191127 19.571418398860263 4.4250991385633816 8.6759214842459169 23.315488200838445 35.474707858287729 18.917428361572092 3.4502219384303308 23.21860021300381 101.51597148620931 4.1743407284957348 439.81279811185232
leaf_count=937651 5448 148620 399673 109820 34028 6102 94996 2294 3061 1233873 9179 315 435965 1684 58539 4382 8778 3218 54196 680 1098 682 1327 6913 2819 182 4567 20617 1063 8369
internal_value=-6.06094e-06 -0.0348288 -0.0272415 -0.020074 0.0312111 0.0256221 -0.0235908 -0.0120652 0.0154669 -0.0514184 -0.0136994 -0.0312792 -0.0351365 -0.0334521 -0.0353438 -0.0458012 -0.0351701 -0.0275847 -0.020844 0.0150651 0.0414766 -0.0352976 -0.0359052 -0.0225312 -0.0001243 -0.0468424 -0.011209 -0.043617 0.00530641 0.0189514
internal_weight=22511 10641 7301.61 3827.15 11870 2433.07 2659.35 1167.8 792.891 3339.39 1116.75 138.573 3474.46 2882.93 2506.81 449.487 213.301 173.455 376.114 30.9467 23.9965 141.879 131.427 81.1578 42.2329 38.9249 978.177 114.366 12.8503 674.019
internal_count=3600139 3543131 1371607 632085 57008 22980 494669 137416 16878 2171524 135122 20735 739522 590902 533244 97279 38740 29962 57658 3462 1778 26744 20420 11241 4146 7095 114387 22362 1745 11430
is_linear=0
shrinkage=0.05


Tree=23
num_leaves=31
num_cat=0
split_feature=1 0 0 0 0 0 1 0 8 11 1 1 8 1 11 0 11 8 12 0 1 0 0 1 0 0 12 0 0 12
split_gain=1016.9 407.596 157.346 100.945 58.322 42.4943 31.6119 25.4366 22.6606 20.5024 19.5242 21.3039 14.8706 14.5821 15.5792 13.8273 15.8982 13.2558 13.0679 12.5067 12.4398 17.6841 12.1567 17.0318 12.0734 11.7158 12.0095 11.7014 19.1637 15.9957
threshold=0.43326406180858618 24.748343291819769 43.38945954938027 38.927114098076352 16.374140127136346 64.900488853454604 0.58845719695091259 28.079073876680926 8.6845688819885272 17.500000000000004 0.51851350069046032 0.58624809980392467 7.4963750839233407 0.38465785980224615 41.500000000000007 26.418142547787287 28.500000000000004 7.5472350120544442 46.500000000000007 12.814746206960992 0.82881340384483349 62.415248971010449 42.944717935395609 0.47620809078216558 24.983502472547119 19.214056814547806 424.50000000000006 23.868300213554907 16.374140127136346 1217.5000000000002
decision_type=2 2 2 2 2 2 2 2 2 2 2 2 2 2 2 2 2 2 2 2 2 2 2 2 2 2 2 2 2 2
left_child=1 4 6 12 19 20 7 10 18 -6 27 15 13 14 24 25 -17 -7 -9 -1 -4 -22 -20 -24 -3 26 -12 28 29 -2
right_child=2 3 5 -5 9 17 -8 8 -10 -11 11 -13 -14 -15 -16 16 -18 -19 22 -21 21 -23 23 -25 -26 -27 -28 -29 -30 -31
leaf_value=-0.059598884323555534 0.013882599894257792 0.016360032895475 0.010984010647651761 0.00094562707048161684 -0.014245016819149151 0.017373833115210298 0.0037524097215239256 -0.07724208306078878 0.017727645008183981 -0.033621316237311467 -0.054799359960257532 -0.074541600835276209 -0.022537937339415504 0.012688067512896513 -0.020415772099033461 -0.064700894485849897 -0.010401522709449287 0.02890712600976731 -0.00037113708552356431 -0.044068942696915962 0.00087372983377329233 -0.073606700992915899 0.063878793727881356 -0.084425746310868022 -0.011435670225318825 0.004014812535239826 -0.0075576636743454224 -0.0080913116693304716 -0.038634270791031003 -0.05307332585674638
leaf_weight=235.6678075294767 37.756794825923862 40.567699429986533 5138.0234295700357 1595.4635503869868 153.21761603046616 729.41868966782931 7950.6446647980338 5.6612109541892996 184.40098572755232 1252.8743983133681 16.13581830880139 10.60422743266099 555.63400461197307 52.953839653928299 602.40566940051212 17.422146325203357 59.579897385177901 378.37486184056615 880.69831956159032 288.15504018933279 159.43994556211692 8.3889472155133245 2.4710157483350477 8.9402572889812273 1056.2811966552399 387.36128792306408 80.906289302336518 119.79743934283033 126.85341754191904 11.679169657320015
leaf_count=115126 2644 9465 353408 538081 52282 40939 777514 991 7627 522089 3323 2635 221605 2787 241541 2953 6355 11803 63884 124413 18633 1459 55 835 392300 40471 9603 12641 19917 2252
internal_value=-0.000101134 -0.0180186 0.0063052 -0.00872502 -0.0368151 0.0124061 0.00235313 -0.00335129 0.00176304 -0.0315099 -0.00972682 -0.00433195 -0.0154106 -0.0131504 -0.0139556 -0.00300578 -0.0226871 0.0213131 -0.00151607 -0.0510559 0.0105465 -0.00284918 -0.00103553 -0.0523116 -0.0104076 0.000122807 -0.0154128 -0.0201491 -0.0283431 -0.00193563
internal_weight=22147.8 5833.22 16314.6 3903.31 1929.91 6413.65 9900.91 1950.27 1082.17 1406.09 868.096 572.01 2307.84 1752.21 1699.25 561.405 77.002 1107.79 897.771 523.823 5305.85 167.829 892.11 11.4113 1096.85 484.403 97.0421 296.087 176.289 49.436
internal_count=3599631 2219689 1379942 1405779 813910 426242 953700 176186 73392 574371 102794 65340 867698 646093 643306 62705 9308 52742 65765 239539 373500 20092 64774 890 401765 53397 12926 37454 24813 4896
is_linear=0
shrinkage=0.05


Tree=24
num_leaves=31
num_cat=0
split_feature=3 1 0 0 1 0 12 1 0 0 5 5 0 9 1 12 5 11 7 1 5 5 12 1 11 0 7 1 1 1
split_gain=9368.5 514.534 114.997 36.0726 39.1291 24.5777 20.3656 19.5446 26.2315 18.9347 17.8453 21.4664 16.514 14.8815 24.4207 20.1243 19.1365 18.0122 22.2644 22.7017 18.0587 17.5221 17.2657 16.1966 16.2179 15.621 28.7515 15.359 28.9099 16.6665
threshold=1.0000000180025095e-35 1.0000000180025095e-35 44.033764384985268 34.657991193911592 0.60841339826583873 66.728939531269148 196.50000000000003 0.74769887328147899 28.594956746732354 33.991612428628294 4.9394986629486093 4.935556411743165 6.3740360736846933 1.0000000180025095e-35 0.63513842225074779 1193.5000000000002 4.9150633811950692 20.500000000000004 5.2704288959503183 0.61965674161911022 4.9918422698974618 4.932223081588746 196.50000000000003 0.51851350069046032 49.500000000000007 55.459719930293438 6.367328643798829 0.72246322035789501 0.76254314184188854 0.6923654079437257
decision_type=2 2 2 2 2 2 2 2 2 2 2 2 2 2 2 2 2 2 2 2 2 2 2 2 2 2 2 2 2 2
left_child=1 9 7 4 6 13 -2 8 -3 -1 11 -9 -8 14 15 22 -15 -17 23 20 -20 -18 -4 -19 -25 26 -23 29 -29 -27
right_child=3 2 5 -5 -6 -7 12 10 -10 -11 -12 -13 -14 16 -16 17 21 18 19 -21 -22 25 -24 24 -26 27 -28 28 -30 -31
leaf_value=-0.053360126506336418 0.035453370794257595 -0.035130414364971982 -0.041377566893265945 0.033215828319038444 0.032007134595973603 -0.0060022240882014353 -0.068452222704055807 -0.03251731435520791 -0.026840937919607222 -0.04502884758380786 -0.04620785082510958 0.038002805722703953 0.021251523249783275 -0.034828982377459329 -0.024794412970033097 0.030956996815511659 0.037638981636089239 -0.0064887039324678557 -0.084379320582166198 0.059715547725583233 0.033692176195418269 -0.02820192687297568 0.0036105940123983635 -0.063186246452113348 -0.0050977242726304448 -0.002215968303153426 0.040838777188382226 -0.093125187998858938 0.0025966299177865057 0.047432352004928575
leaf_weight=2199.608095978765 278.96654110201052 1538.2406670432392 23.838853785971878 7148.5404983290937 2387.3872882947326 359.51252165209735 5.1441027263645074 277.5288576004823 2514.2174184536998 988.45658663097856 386.16171023192874 11.227882813836912 1960.0912884041027 66.131108623492764 1468.5578437855438 13.025691215996629 22.25227415736299 25.653658218216151 7.6540850957972015 12.379776549234519 5.6135537578957155 124.10125516897824 202.39991079611355 63.790397325356025 14.804492490336996 37.371270428498974 17.165366515808273 9.8244815312937117 40.017929892143002 30.863386651617475
leaf_count=1403069 1794 347276 3200 23473 6094 42227 960 69231 447141 768001 109320 1177 25151 11788 283039 624 1431 1113 1009 462 236 18142 14996 9276 1410 1616 861 1371 4268 743
internal_value=0.00040914 -0.0340285 -0.0266862 0.0309887 0.0275513 -0.0181169 0.0228113 -0.0312995 -0.0299875 -0.050777 -0.0391773 -0.0297752 0.0210167 -0.0201098 -0.0219046 -0.0104086 -0.0106247 -0.0250964 -0.0307173 0.0110168 -0.0344231 -0.00494046 -0.00112982 -0.0409848 -0.0522444 -0.00859388 -0.0198128 0.00482833 -0.0162712 0.0202406
internal_weight=22240.5 10460.4 7272.33 11780.1 4631.59 2544.96 2244.2 4727.38 4052.46 3188.06 674.918 288.757 1965.24 2185.45 1837.72 369.16 347.727 142.922 129.896 25.6474 13.2676 281.596 226.239 104.249 78.5949 259.344 141.267 118.077 49.8424 68.2347
internal_count=3600499 3543027 1371957 57472 33999 397812 27905 974145 794417 2171070 179728 70408 26111 355585 315365 32326 40220 14130 13506 1707 1245 28432 18196 11799 10686 27001 19003 7998 5639 2359
is_linear=0
shrinkage=0.05


Tree=25
num_leaves=31
num_cat=0
split_feature=3 1 0 0 1 8 0 0 1 0 0 0 12 1 1 12 12 8 8 1 8 11 12 12 1 12 9 12 8 8
split_gain=8890.58 456.607 127.393 35.4623 34.4742 29.8236 22.342 21.5506 19.7978 18.8137 18.0602 17.7429 17.4391 21.0208 20.6414 18.2546 19.3002 17.3499 24.2806 16.5145 14.9848 14.9907 19.3513 16.5881 16.6363 14.6525 14.6354 18.6523 27.6264 21.002
threshold=1.0000000180025095e-35 1.0000000180025095e-35 40.713683310226777 21.832920931654375 0.53110077977180492 10.411811828613283 51.6733770379251 61.419888893899049 0.65848857164382946 24.983502472547119 36.30276173639141 10.815831422805788 896.50000000000011 0.67051365971565258 0.7605576515197755 1870.5000000000002 2083.5000000000005 8.0065340995788592 9.4010090827941912 0.68967831134796154 9.7415275573730487 47.500000000000007 1108.5000000000002 1641.5000000000002 0.80857551097869884 2058.5000000000005 1.0000000180025095e-35 1591.5000000000002 9.2103905677795428 9.9085125923156756
decision_type=2 2 2 2 2 2 2 2 2 2 2 2 2 2 2 2 2 2 2 2 2 2 2 2 2 2 2 2 2 2
left_child=1 10 9 4 11 7 -5 8 -4 25 -1 -2 14 -14 -10 20 -17 19 -19 -9 21 23 -23 24 -15 -3 -11 28 -28 -30
right_child=3 2 5 6 -6 -7 -8 17 12 26 -12 -13 13 15 -16 16 -18 18 -20 -21 -22 22 -24 -25 -26 -27 27 -29 29 -31
leaf_value=-0.052344610118899793 -0.067190758778416723 -0.036228666684026155 -0.01526118282380988 0.029583420871475426 0.030473925961240322 0.0061647455235724095 0.035167280676797585 -0.003618438989097127 -0.025258987582164411 -0.032397346929955544 -0.043554378980121142 0.01032000435640717 -0.05457757455909984 -0.011222710605439562 -0.042812077701580555 -0.05451991660761793 -0.022905728431341379 0.0083881306009263978 -0.082412552476144763 -0.023807306342489475 -0.082813651152983225 0.0036915771042963356 -0.057584236179347416 0.0088579569433861922 -0.051359697840057998 -0.052607231484276401 -0.037097418669407738 -0.0085297223948508499 0.028361155521217658 -0.075439027734710146
leaf_weight=2283.5539935341949 7.5349216688555307 757.10297363463906 685.55774016243231 8628.2894039076418 357.41693779444904 109.75898636858619 2260.7791584969964 157.00523210474057 517.46543148939963 2663.4686587476681 785.27820905153203 366.49478951572382 44.065010050631827 349.98686954198638 247.63337960663193 56.672784088761546 325.86746038765705 134.61449049033399 7.7883900645538224 285.46025202024612 7.6473247015092047 19.630948553414783 37.492768052936299 98.467567367901211 27.873090785593376 166.60107982743648 220.00616481898396 154.42981088207671 28.908970293370658 5.8610633971256894
leaf_count=1531273 1433 186241 75731 39054 1242 8063 6225 12636 100714 558933 641129 9112 8995 55842 74034 13053 63113 8344 1191 51610 1331 2927 10126 13267 7807 44628 47054 21911 1511 1119
internal_value=0.000142618 -0.0339764 -0.0270185 0.0300269 0.0193696 -0.019435 0.0307427 -0.0203706 -0.0224535 -0.0329257 -0.0500953 0.00875853 -0.0252991 -0.020839 -0.0309403 -0.0192294 -0.0275893 -0.0117579 0.003422 -0.0166435 -0.0133191 -0.0123229 -0.0365264 -0.00942027 -0.0141834 -0.0391827 -0.0310448 -0.022241 -0.030552 0.0108639
internal_weight=21798.7 10178.2 7109.37 11620.5 731.447 3112.99 10889.1 3003.23 2418.36 3996.38 3068.83 374.03 1732.8 967.704 765.099 923.639 382.54 584.868 142.403 442.465 541.099 533.451 57.1237 476.328 377.86 923.704 3072.67 409.206 254.776 34.77
internal_count=3599649 3542583 1370181 57066 11787 508784 45279 500721 426940 861397 2172402 10545 351209 176461 174748 167466 76166 73781 9535 64246 91300 89969 13053 76916 63649 230869 630528 71595 49684 2630
is_linear=0
shrinkage=0.05


Tree=26
num_leaves=31
num_cat=0
split_feature=1 0 0 0 0 0 1 0 1 8 8 8 1 12 12 7 7 5 7 12 12 7 12 8 8 1 1 1 7 7
split_gain=818.3 360.259 113.673 71.001 54.2761 42.8478 25.4343 21.508 20.0254 16.8075 16.7395 16.8906 17.9252 16.3908 15.6786 15.2602 14.3546 17.6129 14.0503 24.8342 13.6465 19.571 12.449 15.805 12.1953 11.8212 26.3189 11.4361 11.3655 14.5222
threshold=0.38465785980224615 24.748343291819769 34.793249309062965 35.998527425254004 17.520705336326504 74.568784612602045 0.57773616909980785 50.935361998883316 0.61508452892303478 13.227824687957765 11.296005249023439 10.596672058105471 0.50332832336425792 63.500000000000007 5487.5000000000009 6.4512596130371103 2.3502402305603032 4.180652618408204 5.2496488094329843 3645.5000000000005 1130.5000000000002 1.4978661537170412 352.50000000000006 8.5174932479858416 8.2984070777893084 0.45709185302257543 0.4843269437551499 0.63385272026062023 0.89587974548339855 1.0000000180025095e-35
decision_type=2 2 2 2 2 2 2 2 2 2 2 2 2 2 2 2 2 2 2 2 2 2 2 2 2 2 2 2 2 2
left_child=1 4 8 -3 -1 7 -7 9 -2 10 11 -4 -13 -14 15 -11 -5 -18 -6 -20 22 28 -8 -24 -10 -9 -27 -26 29 -22
right_child=2 3 5 16 18 6 20 25 24 14 -12 12 13 -15 -16 -17 17 -19 19 -21 21 -23 23 -25 27 26 -28 -29 -30 -31
leaf_value=-0.048030970910205834 -0.0041490749613272565 -0.015231616849325599 0.0062080981238337952 -0.0085193709268911351 -0.031400683847354581 -0.091719066508334793 0.031171940200151273 0.046387809749590045 0.0030768532454612824 -0.082433789577536776 0.028279438361211984 0.044267393795430328 0.061740007337352291 -0.070236211565892853 0.072589603829432026 0.055872591157788434 -0.068594775575493441 0.0021030318553859092 -0.028589048677120324 0.021579082660318247 -0.085729237181783241 0.038396459268290731 0.0078404526687628762 -0.093559742863185358 -0.027574222903547843 -0.093737129011019771 0.011172475924838025 -0.0025236398449901406 -0.08656985404581119 0.0435513848951729
leaf_weight=608.88697691217931 2042.7792894668273 1814.9039162963054 6181.4331380827789 480.18792993405077 1024.6408140609801 4.6319689911906599 71.444054543535458 23.741024334449321 3460.312371922726 13.00739513023291 85.732391910569277 5.9085380451288101 2.6839167095604379 19.05805934156524 2.5525765624479382 2.3556036889203815 8.8709591750230157 1274.6577508206465 79.254414681898197 35.815747164568165 3.0055070666130614 205.01677714832476 91.802501859405311 4.0107724323752327 49.452453214355046 5.9896334143122649 3157.6063760609395 578.78155516704282 4.5337025814224026 7.8348216397862416
leaf_count=297221 209178 736708 519422 205637 468289 393 3518 274 369348 1491 4273 75 36 2528 24 50 6311 452398 34411 7149 331 6679 4676 266 6280 405 207789 53932 458 190
internal_value=-0.000401289 -0.0173778 0.00524272 -0.00828886 -0.035979 0.00855819 0.024752 0.00788951 -0.000106506 0.00619902 0.00633666 0.00603368 -0.032958 -0.0539445 -0.0421613 -0.0612273 -0.0011446 0.00161441 -0.0295403 -0.0129741 0.0261437 0.0343163 0.015375 0.00359581 0.0019133 0.0112376 0.0109739 -0.00449554 -0.0200939 0.00770802
internal_weight=21350.9 5327.22 16023.7 3578.62 1748.6 9892.35 392.28 9500.07 6131.33 6312.73 6294.82 6209.08 27.6505 21.742 17.9156 15.363 1763.72 1283.53 1139.71 115.07 387.648 220.391 167.257 95.8133 4088.55 3187.34 3163.6 628.234 15.374 10.8403
internal_count=3599740 2208124 1391616 1401054 807070 752878 16511 736367 638738 527899 526334 522061 2639 2564 1565 1541 664346 458709 509849 41560 16118 7658 8460 4942 429560 208468 208194 60212 979 521
is_linear=0
shrinkage=0.05


Tree=27
num_leaves=31
num_cat=0
split_feature=3 1 0 0 1 0 0 0 8 1 11 1 0 7 1 0 5 7 12 8 8 1 7 7 1 12 5 1 11 0
split_gain=8303.74 463.627 126.071 35.7737 41.3377 33.431 27.9204 24.1579 20.9765 21.2451 19.5387 32.0639 23.2146 25.9322 18.7708 18.1338 17.2442 16.4138 16.8649 16.0717 16.0396 16.9155 19.4522 18.7179 15.3903 22.1639 14.335 18.9238 16.1591 13.9867
threshold=1.0000000180025095e-35 1.0000000180025095e-35 41.674093543289935 40.280228774952782 0.49188277125358587 27.84568023681641 68.993868182074962 26.418142547787287 6.8029501438140878 0.5230008363723756 28.500000000000004 0.76975703239440929 45.140167352143187 5.995206594467164 0.75676664710044872 29.077698871402394 4.9922928810119638 6.1147871017456064 504.50000000000006 8.0065340995788592 7.6016521453857431 0.56806111335754406 4.8940944671630868 4.6681339740753183 0.82523763179779064 511.50000000000006 4.9666852951049814 0.71762561798095714 24.500000000000004 28.204355716705326
decision_type=2 2 2 2 2 2 2 2 2 2 2 2 2 2 2 2 2 2 2 2 2 2 2 2 2 2 2 2 2 2
left_child=1 15 5 4 7 -3 8 -2 9 -4 11 -11 -12 -14 -10 -1 -15 18 -16 26 29 22 23 -22 -20 -26 27 28 -8 -7
right_child=3 2 6 -5 -6 20 19 -9 14 10 12 -13 13 16 17 -17 -18 -19 24 -21 21 -23 -24 -25 25 -27 -28 -29 -30 -31
leaf_value=-0.053150693616092204 0.013141915269134372 -0.037961651175464385 0.0056397326192801495 0.032456035972546086 0.029405245973219786 -0.0096257285671601696 0.049903874891810217 0.025041786494692894 -0.012843727716543161 -0.0085810562331928419 -0.049490110649786263 -0.046896307547269957 -0.030608057915078341 0.012590429808319313 -0.042231242680597601 -0.045216795035470971 -0.06797130315186535 -0.085376580663208371 -0.013864488261937202 0.014490064683556346 -0.0095253729577010268 -0.026101655180828721 -0.08045225494938002 0.050299845478151098 0.084376473211668759 -0.063820696808424851 -0.0015074930040927051 -0.055926579107219945 -0.024228423431543661 -0.031929905641134765
leaf_weight=1647.4303147603787 696.72178805441217 1394.1388237137435 53.578659770078957 5154.1089490527811 4475.7170161356335 73.107732373493491 9.9789098425535467 1099.6291404608201 1165.4583289302973 261.22029423694767 140.78457817187882 69.032323171239113 507.89238121191738 56.599338030209765 93.209023133662413 1279.6084037129476 7.5256104331347151 11.094786034431307 262.75030640543991 87.039648275880609 131.71738471588469 730.36395467800321 8.7218269385630247 14.515448886726515 2.7653906371851944 28.776315792725654 135.44286296350765 34.405251085583586 27.912518386379816 1822.5157315237811
leaf_count=1114811 16159 344221 2731 15789 13757 11002 384 11456 144363 39892 35157 22072 104793 5660 26749 1058251 1456 2468 46583 4078 11852 123870 1451 456 23 8164 15845 8941 3722 405376
internal_value=0.000205726 -0.0329269 -0.0260489 0.0293698 0.0268337 -0.0316426 -0.0181469 0.0204264 -0.0197645 -0.0250664 -0.0266437 -0.01659 -0.0313018 -0.0268253 -0.0160471 -0.0496822 0.00313582 -0.0254134 -0.0236965 -0.00354648 -0.0284747 -0.0229182 -0.00791343 -0.00358697 -0.0178261 -0.0508276 -0.0111035 -0.029081 -0.00470529 -0.0310697
internal_weight=21483.8 10057.6 7130.55 11426.2 6272.07 4175.08 2955.47 1796.35 2660.69 1096.63 1043.05 330.253 712.802 572.017 1564.05 2927.04 64.1249 398.596 387.501 294.779 2780.94 885.319 154.955 146.233 294.292 31.5417 207.74 72.2967 37.8914 1895.62
internal_count=3601532 3544371 1371309 57161 41372 898228 473081 27615 440111 211761 209030 61964 147066 111909 228350 2173062 7116 83987 81519 32970 554007 137629 13759 12308 54770 8187 28892 13047 4106 416378
is_linear=0
shrinkage=0.05


Tree=28
num_leaves=31
num_cat=0
split_feature=3 1 0 8 0 1 0 0 0 8 1 1 12 12 12 7 8 0 0 1 8 0 12 12 12 8 5 1 1 1
split_gain=7760.02 425.764 116.271 39.8198 34.017 32.8332 25.8708 22.3885 20.2398 20.0856 22.9749 17.651 17.32 15.5097 18.9607 25.0758 15.5963 15.2437 15.0344 18.4575 24.888 13.7594 34.5088 13.3234 13.5518 12.4822 14.0312 24.899 15.7135 15.2542
threshold=1.0000000180025095e-35 1.0000000180025095e-35 40.713683310226777 7.7016401290893564 39.105576460780874 0.5423724651336671 25.219624345434571 10.815831422805788 26.768293343895497 10.353795528411867 0.83215004205703746 0.84168159961700451 241.50000000000003 312.50000000000006 416.50000000000006 3.2384861707687382 6.6253843307495126 26.535209874913566 57.246900822254254 0.79939696192741405 7.6011524200439462 26.768293343895497 345.50000000000006 3740.5000000000005 2010.5000000000002 4.8039875030517587 4.9423768520355233 0.46742680668830877 0.51368334889411937 0.73850890994071972
decision_type=2 2 2 2 2 2 2 2 2 2 2 2 2 2 2 2 2 2 2 2 2 2 2 2 2 2 2 2 2 2
left_child=1 8 6 11 5 7 -3 -2 -1 10 23 18 -9 -7 15 16 -15 -14 25 -20 -21 -17 -23 24 -5 -4 29 -28 -29 -27
right_child=4 2 3 9 -6 13 -8 12 -10 -11 -12 -13 17 14 -16 21 -18 -19 19 20 -22 22 -24 -25 -26 26 27 28 -30 -31
leaf_value=-0.053213787989889495 -0.065500891582170012 -0.038769727515790019 -0.015560211455483784 -0.013857395014397797 0.031266902724074827 0.034058172317279443 -0.029232318993427982 0.031906452185794909 -0.044734951801822645 0.0089723881775663795 -0.07550788303413182 -0.055501426762919616 0.013099092757354916 0.040567637488944985 0.027772678665427243 0.020580980482463766 0.0065098802497811636 0.022858648597917152 -0.01231051200281754 -0.059445696065073023 0.040338669809403475 0.013383505788036648 -0.067831865952622639 -0.048128030400972799 0.0024498542746006526 -0.027580071727911888 0.037129685938710369 -0.085208118317181836 -0.023268160083302 -0.048111305653276426
leaf_weight=1349.1853228719556 7.5415465582045718 933.56991203833604 312.93756463746831 659.48626916657668 5430.8988791364682 930.72983622620814 2982.8564726148397 298.07939943743986 1471.4697550995697 120.03999980581284 14.39178135813563 39.498470582882874 683.82917280396214 74.394489958882332 2728.4655327702494 24.226258705602959 61.323015027839574 964.31200507609174 537.92501279409043 41.480928385921288 7.3572705859842236 27.692945549730211 24.786296627251431 24.499150053947233 157.90736831641698 280.30841389417765 16.963845277321525 10.384312165173467 733.32226443869149 133.58195086283376
leaf_count=937298 1463 240150 59607 75707 17179 1734 622456 2296 1234979 8302 4110 12632 14425 146 9170 67 199 10386 74212 13371 807 52 111 5199 15970 53321 488 1130 144276 40394
internal_value=7.70605e-05 -0.0323878 -0.0257845 -0.0185332 0.0284202 0.0257662 -0.0315058 0.0204821 -0.0487906 -0.0101817 -0.0128669 -0.0223907 0.0208152 0.0284328 0.0266525 0.0122639 0.0251789 0.0188093 -0.0217602 -0.0149826 -0.0444136 -0.0105869 -0.0249751 -0.011796 -0.0107071 -0.0244337 -0.0267979 -0.0227668 -0.024133 -0.0342065
internal_weight=21083.4 9827.17 7006.51 3090.08 11256.3 5825.38 3916.43 1953.76 2820.66 976.325 856.285 2113.76 1946.22 3871.62 2940.89 212.423 135.718 1648.14 2074.26 586.763 48.8382 76.7055 52.4792 841.893 817.394 1487.5 1174.56 760.67 743.707 413.89
internal_count=3601637 3544409 1372132 509526 57228 40049 862606 28570 2172277 109288 100986 400238 27107 11479 9745 575 345 24811 387606 88390 14178 230 163 96876 91677 299216 239609 145894 145406 93715
is_linear=0
shrinkage=0.05


Tree=29
num_leaves=31
num_cat=0
split_feature=2 0 0 0 0 0 11 0 11 12 8 0 11 0 6 0 7 0 7 8 7 5 12 11 12 5 11 7 8 12
split_gain=656.117 375.927 144.056 80.7528 46.1743 40.8047 15.8181 15.1152 15.5632 14.6075 14.2373 16.1962 13.9965 13.7415 13.4343 13.4323 14.9965 12.9988 12.7604 13.8078 12.4001 18.3497 11.6382 16.6297 16.0943 14.8367 21.7557 13.7051 13.3492 11.9116
threshold=1.0000000180025095e-35 24.00533894931505 32.155248604922242 40.133545795200924 18.100352525711063 48.289224414034841 17.500000000000004 21.126478566962763 48.500000000000007 4508.5000000000009 7.1705040931701669 39.7930541329115 10.500000000000002 28.330972930911233 1.0000000180025095e-35 33.862063407897956 2.8029010295867924 66.728939531269148 2.0126758217811589 4.610145330429078 5.3775877952575692 4.9508483409881601 196.50000000000003 46.500000000000007 482.50000000000006 4.9600181579589853 35.500000000000007 2.6735538244247441 9.0508713722229022 128.50000000000003
decision_type=2 2 2 2 2 2 2 2 2 2 2 2 2 2 2 2 2 2 2 2 2 2 2 2 2 2 2 2 2 2
left_child=1 4 7 10 -1 -4 -6 -2 -9 14 11 15 -7 -12 18 16 -3 22 19 -10 -20 -22 23 25 28 29 -27 -25 -24 -14
right_child=2 3 5 -5 6 12 -8 8 9 -11 13 -13 17 -15 -16 -17 -18 -19 20 -21 21 -23 24 27 -26 26 -28 -29 -30 -31
leaf_value=-0.047570361917031477 -0.0089635222307323913 -0.0058029372968134317 0.0057976012934612244 0.0030344582684703556 -0.01027128760634278 -0.045910478314894552 -0.031925872721539406 -4.4933636126449596e-05 -0.07748845117542888 -0.059028110584087579 -0.028302545938259593 -0.057089236515266574 0.027363410967282523 -0.01360371080972617 -0.054625751349509422 -0.0022913178076556795 -0.017837101960084357 0.017672249278986162 -0.016589489453181647 0.018842007014873752 -0.049985996870790167 0.033650759895946555 0.016747383437869173 -0.0044771069522048824 0.0099623678407802299 -0.019875767146447409 0.017213949461270424 -0.08561949117753434 0.043505561444113577 -0.004473617309974743
leaf_weight=605.94274940888317 694.76229251289624 468.20514865966106 6689.2274219072788 1303.4858652207186 94.920781780296238 10.405193451442754 755.99144090080517 3726.4894828082051 3.9607291522261212 15.233969330380203 234.91057319354877 17.940734292904381 90.972767330866191 492.07374163281384 15.342860104603458 471.15814319213314 579.04727816177365 856.00364084230387 210.61241186992629 61.189942373661324 8.4842006174148974 28.886790277174441 570.54610435689392 11.469034044304864 2559.7286730349006 100.45614242863667 65.197613810945768 9.5261881622427591 50.757068423874443 43.393239133409224
leaf_count=330430 96429 180058 580929 485544 37961 1963 380188 393508 794 2835 113261 9591 7860 218422 2448 191832 256293 43064 27032 5186 1498 1756 38320 1261 168417 12452 4567 1256 1444 4119
internal_value=0.000122092 -0.0156204 0.00512033 -0.0068791 -0.0370219 0.00825214 -0.0295103 -0.0021474 -0.000983918 -0.0111643 -0.0125884 -0.00986056 0.0120107 -0.0183533 -0.00894451 -0.00930253 -0.0124569 0.0121489 -0.00670623 0.0129858 -0.0118798 0.014663 0.0107989 0.00172544 0.0117145 0.00473591 -0.00527808 -0.0412939 0.0189334 0.0170817
internal_weight=20846.3 5023.68 15822.6 3566.82 1456.85 11057.7 850.912 4764.96 4070.2 343.711 2263.34 1536.35 4368.46 726.984 328.477 1518.41 1047.25 4358.05 313.134 65.1507 247.983 37.371 3502.05 321.015 3181.03 300.02 165.654 20.9952 621.303 134.366
internal_count=3600718 2203580 1397138 1455001 748579 865652 418149 531486 435057 41549 969457 637774 284723 331683 38714 628183 436351 282760 36266 5980 30286 3254 239696 31515 208181 28998 17019 2517 39764 11979
is_linear=0
shrinkage=0.05


Tree=30
num_leaves=31
num_cat=0
split_feature=3 1 0 0 1 0 0 0 1 8 8 1 7 12 12 8 12 0 0 7 8 7 7 8 11 0 0 1 1 1
split_gain=7447.24 387.748 97.6836 36.377 46.8602 29.6974 22.6498 21.5931 20.6583 16.4743 20.5774 17.3414 17.4799 16.8807 15.9783 15.7212 18.4786 15.5669 17.3467 31.1512 21.4737 20.084 19.7143 16.326 24.5261 18.5034 15.3294 17.7573 14.4713 16.8573
threshold=1.0000000180025095e-35 1.0000000180025095e-35 48.289224414034841 28.330972930911233 0.51368334889411937 28.594956746732354 57.246900822254254 29.077698871402394 0.83215004205703746 6.8040599822998056 6.2176032066345224 0.75207445025444042 6.3412404060363778 5339.5000000000009 4508.5000000000009 8.4817600250244158 1155.5000000000002 37.813417884444796 29.077698871402394 2.0126758217811589 8.9872593879699725 5.1445789337158212 2.2499048709869389 11.512930393218996 37.500000000000007 47.420325374063403 57.246900822254254 0.73931056261062633 0.81956934928894054 0.80133241415023815
decision_type=2 2 2 2 2 2 2 2 2 2 2 2 2 2 2 2 2 2 2 2 2 2 2 2 2 2 2 2 2 2
left_child=1 7 5 4 15 -3 -5 -1 26 10 -7 12 14 -13 17 -2 -17 18 19 -11 21 22 -21 25 -25 -19 27 -4 29 -28
right_child=3 2 8 6 -6 9 -8 -9 -10 11 -12 13 -14 -15 -16 16 -18 23 -20 20 -22 -23 -24 24 -26 -27 28 -29 -30 -31
leaf_value=-0.052051479548012342 0.015605119768546703 -0.035079607208482043 -0.014182921795815135 0.028449052579856943 0.028050743545758601 -0.028321350457946017 0.03560489513254219 -0.043054048200276342 -0.045738115439636108 -0.076288752468449794 -0.044706833788688657 -0.035501912681590087 0.0099237385446514191 0.027889781667398535 -0.055006131579032946 0.010729487048552909 -0.038804949344948755 -0.016502875782501793 -0.028670251739388065 0.04917238935216163 0.045347167757849728 0.048621472526924885 -0.058512087298016879 -0.079759287232020193 0.04339705677239504 -0.05786417018103384 -0.0099747943397792988 -0.028761834760018836 0.020966281856685861 -0.048844555815910705
leaf_weight=1505.2346213259061 816.39774361121454 1541.2337123754714 592.83023976380355 7453.0054853345209 1454.1612517098984 1310.5837991862045 1298.4695914851618 1197.2067836344759 55.794854245090391 12.227077285791891 224.4168878865421 361.54116093190532 42.474751776608173 10.815995573939288 37.095365137647605 51.174609420850175 29.786192081926856 715.61593286831339 779.15992940887554 5.3328750666114528 26.266947269847151 9.3673893097438832 20.936400193309964 4.9295524139597573 22.466618814447429 28.101626329007559 780.4011951534776 322.48302342202805 36.15828217935632 28.927549218962668
leaf_count=1114350 15706 374524 81012 29700 4847 288160 3643 1057425 16939 2537 59272 92945 3902 1031 8155 1282 1896 105552 142657 391 1176 416 4437 831 672 6115 92335 74931 4782 8561
internal_value=8.69752e-05 -0.0319884 -0.0257542 0.0280272 0.0225061 -0.0292691 0.0295108 -0.0480655 -0.0157847 -0.0267893 -0.0307169 -0.0238856 -0.0217495 -0.0336606 -0.0225592 0.013521 -0.00749467 -0.0218183 -0.0264713 -0.00335897 0.011046 -0.0142366 -0.0366513 -0.0166694 0.0212368 -0.0180657 -0.0148356 -0.0193194 -0.00998145 -0.0113641
internal_weight=20774.6 9671.6 6969.16 11103 2351.52 5152.57 8751.48 2702.44 1816.6 3611.33 1535 2076.33 1703.97 372.357 1661.5 897.359 80.9608 1624.4 853.291 74.1307 61.9036 35.6367 26.2693 771.114 27.3962 743.718 1760.8 915.313 845.487 809.329
internal_count=3600182 3543108 1371333 57074 23731 1092773 33343 2171775 278560 718249 347432 370817 276841 93976 272939 18884 3178 264784 151614 8957 6420 5244 4828 113170 1503 111667 261621 155943 105678 100896
is_linear=0
shrinkage=0.05


Tree=31
num_leaves=31
num_cat=0
split_feature=1 0 0 0 0 0 1 0 0 12 11 0 7 11 12 1 11 12 12 11 7 11 5 8 7 5 12 0 0 12
split_gain=585.009 361.074 118.743 74.9576 36.1379 32.307 30.648 19.4627 15.859 15.1855 15.115 13.049 16.7694 13.7961 12.6894 12.5979 12.4707 12.1519 16.2817 21.5025 11.9452 11.9115 15.3411 17.2848 17.4819 19.1866 16.4532 17.1975 17.0079 13.2434
threshold=0.38465785980224615 24.748343291819769 34.657991193911592 33.601011854378164 19.376967583400987 47.420325374063403 0.63116854429245006 74.568784612602045 10.815831422805788 2300.5000000000005 49.500000000000007 53.833591192465981 3.8176519870758061 34.500000000000007 184.50000000000003 0.60663357377052318 10.500000000000002 286.50000000000006 326.50000000000006 40.500000000000007 2.0126758217811589 28.500000000000004 4.7824807167053232 6.0991966724395761 3.6762205362319951 4.7334287166595468 2682.5000000000005 45.381685110362021 38.371809956661316 177.50000000000003
decision_type=2 2 2 2 2 2 2 2 2 2 2 2 2 2 2 2 2 2 2 2 2 2 2 2 2 2 2 2 2 2
left_child=1 4 6 9 8 21 17 16 -1 -3 15 14 13 -13 -5 -9 -7 -2 19 -19 -21 29 23 26 25 -25 27 28 -23 -4
right_child=2 3 5 11 -6 7 -8 10 -10 -11 -12 12 -14 -15 -16 -17 -18 18 -20 20 -22 22 -24 24 -26 -27 -28 -29 -30 -31
leaf_value=-0.057314209053832645 0.0023407296758590594 -0.012599314498539349 0.018069452258954486 0.009507629595415748 -0.02756729107574718 -0.055083613766263285 0.0021884054296089357 -0.037547028887661538 -0.039176479943803848 -0.027800682421746211 -0.02978806821092124 0.01395329255335521 0.023588528857622887 -0.013678613002853996 -0.0030084957695435937 0.025711698594950913 0.010566785918942384 -0.071472326712188033 -0.0063789064685142345 0.045255710825427509 -0.043918987462477514 0.013391810796312201 0.0022008577600799296 0.011465098281433363 0.027599170581632821 -0.03415845254738472 -0.05256778220795412 0.03366394107286904 -0.022489588482609367 0.0069181261179209717
leaf_weight=151.85125214102572 423.65204369738422 1188.1465099321795 329.90605911296734 234.71044350344164 800.13363871573529 7.2463181944913222 3541.3132356981951 8.0501357942121086 584.064808918175 190.64793173853832 13.396606891183181 89.545208352676127 129.48797363735503 91.159532869562099 1475.9673783034123 352.54643303024932 4133.3959773221286 21.956865255622688 1778.9063105890855 8.4981343855906726 6.7288885989109977 59.172311616872321 2705.6091072003619 386.64533034782653 175.41888863936765 24.504517413632129 15.470519325288477 32.998124418081716 74.740419597525033 1379.8320051389455
leaf_count=90568 42754 503118 29530 82316 396960 2128 388686 662 319801 93253 1210 36952 36429 41777 607857 14642 286938 4012 196310 426 1159 5181 241158 31546 11329 2953 2889 1972 8642 117187
internal_value=0.000186056 -0.0148032 0.0049653 -0.0057129 -0.0349223 0.00834617 -0.000706833 0.0114385 -0.0429191 -0.0147012 0.022362 0.000419643 0.00985499 1.39151e-05 -0.00129124 0.0242995 0.0104519 -0.00528457 -0.00706337 -0.0398088 0.00584902 0.00565326 0.00397205 0.0102041 0.0143842 0.00874594 -0.0032397 0.00133239 -0.0066346 0.00906985
internal_weight=20415.7 4935.71 15480 3399.66 1536.05 9698.93 5781.06 4514.64 735.916 1378.79 373.993 2020.87 310.193 180.705 1710.68 360.597 4140.64 2239.74 1816.09 37.1839 15.227 5184.3 3474.56 768.95 586.569 411.15 182.381 166.911 133.913 1709.74
internal_count=3600345 2209031 1391314 1401702 807329 757967 633347 305580 410369 596371 16514 805331 115158 78729 690173 15304 289066 244661 201907 5597 1585 452387 305670 64512 45828 34499 18684 15795 13823 146717
is_linear=0
shrinkage=0.05


Tree=32
num_leaves=31
num_cat=0
split_feature=3 1 0 0 1 0 0 8 1 0 8 0 1 1 11 1 8 1 8 1 1 8 1 1 5 5 0 1 9 0
split_gain=7153.3 356.044 87.7995 34.4708 43.5384 28.3115 27.9667 26.0893 22.072 23.5782 21.4696 20.8652 20.2164 17.6211 15.2239 12.2461 12.7844 13.0227 11.1318 10.9131 10.3255 10.2606 9.80911 16.2593 14.8383 27.0671 16.6571 14.8558 15.2575 19.9689
threshold=1.0000000180025095e-35 1.0000000180025095e-35 40.713683310226777 40.280228774952782 0.55748349428176891 27.276883840560917 19.856720862298975 10.353795528411867 0.82881340384483349 59.527770420558234 7.6549060344696054 25.343876447845108 0.70004886388778698 0.65848857164382946 46.500000000000007 0.53110077977180492 10.003863334655763 0.60320907831192028 8.9873843193054217 0.69667294621467601 0.82523763179779064 10.596672058105471 0.59817656874656688 0.60495629906654369 4.6925911903381357 4.8261790275573739 27.960618543598688 0.57550552487373363 1.0000000180025095e-35 37.813417884444796
decision_type=2 2 2 2 2 2 2 2 2 2 2 2 2 2 2 2 2 2 2 2 2 2 2 2 2 2 2 2 2 2
left_child=1 11 5 4 6 12 18 8 9 13 -11 -1 15 -4 -15 -3 19 -18 -2 -17 -12 -5 24 -24 26 -26 -7 28 29 -28
right_child=3 2 7 21 -6 22 -8 -9 -10 10 20 -13 -14 14 -16 16 17 -19 -20 -21 -22 -23 23 -25 25 -27 27 -29 -30 -31
leaf_value=-0.052532091834075548 0.0060155745266152038 -0.04365193648405441 -0.01502217747258372 0.030838126776338032 0.028577931226949984 0.041921348869526427 0.021738184822711067 0.0042948671127993809 -0.044450079454811497 -0.016858816363026552 0.00077622173021947051 -0.043432216780888794 -0.051619712347398955 -0.022737905636479806 -0.037030832308116317 -0.033192413056330437 0.030913198896047496 -0.037241893093782855 -0.048246042121092805 0.0037431771361293199 0.064711416151911283 0.048713515616766095 -0.062698592957640575 -0.028690691729255414 -0.07006353553387959 -0.022951167605086441 -0.052161212476526844 0.011328004955410389 0.026619871196743874 0.011999890347139795
leaf_weight=1092.2331516055838 240.00488952594242 249.83546703863612 664.25053513722378 4822.1647491723415 3871.9726287910889 15.287183598184127 1787.1262323696719 114.04532015748555 90.060267213819316 464.99553609237773 187.98589898753562 1488.2648423551327 193.78653549528099 1298.9597491965687 217.49979255009384 731.41927098535416 16.433475880185146 12.220956161851062 9.8394163261691556 20.560781781037804 6.5344877452007486 81.638082146644592 35.777217612183449 1993.5545772760397 32.668885120918276 456.43870938075088 48.183399054483743 39.284113715575586 11.452957652072653 16.205541361472569
leaf_count=837100 7363 54396 74136 15608 11655 1306 21516 8171 27141 67371 13855 1334662 67296 263976 54242 189137 1617 2924 761 4384 216 179 8588 447092 6439 64964 8118 4267 785 1203
internal_value=0.000226335 -0.0314339 -0.0255212 0.0280368 0.0254649 -0.0305153 0.0195476 -0.0191675 -0.0200806 -0.0193079 -0.011024 -0.0472839 -0.0368033 -0.0218132 -0.0247879 -0.034017 -0.0309335 0.00184543 0.00387863 -0.0321825 0.00292399 0.0311357 -0.0276091 -0.0292903 -0.0221022 -0.0260979 -0.00711656 -0.0136281 -0.0265548 -0.036013
internal_weight=20310.7 9497.94 6917.44 10812.7 5908.94 3873.11 2036.97 3044.33 2930.29 2840.23 659.516 2580.5 1224.26 2180.71 1516.46 1030.47 780.634 28.6544 249.844 751.98 194.52 4903.8 2648.85 2029.33 619.521 489.108 130.413 115.126 75.8419 64.3889
internal_count=3600468 3543386 1371624 57082 41295 862516 29640 509108 500937 473796 81442 2171762 319754 392354 318218 252458 198062 4541 8124 193521 14071 15787 542762 455680 87082 71403 15679 14373 10106 9321
is_linear=0
shrinkage=0.05


Tree=33
num_leaves=31
num_cat=0
split_feature=3 1 0 1 0 0 1 9 0 0 1 0 0 11 0 7 0 8 8 11 5 8 8 11 8 7 0 7 1 8
split_gain=6717.84 354.282 117.024 30.2161 49.7039 21.6575 19.3768 30.2452 18.0307 17.7283 17.6919 16.7912 13.7399 15.3144 13.211 13.0469 20.3201 18.7934 25.267 14.5103 16.0816 23.2258 21.1056 15.5455 15.486 19.1527 19.0759 16.7389 18.1467 17.2835
threshold=1.0000000180025095e-35 1.0000000180025095e-35 43.5979521188383 0.5423724651336671 24.00533894931505 27.276883840560917 0.77081426978111278 1.0000000180025095e-35 26.768293343895497 35.847203636625643 0.82881340384483349 59.527770420558234 41.674093543289935 22.500000000000004 35.549467420882145 2.9700856208801274 37.813417884444796 9.6954884529113787 11.513005733489992 47.500000000000007 4.5720579624176034 6.2156071662902841 2.4414010047912602 23.500000000000004 6.908255100250245 5.9309172630310067 28.204355716705326 4.1190040111541757 0.51851350069046032 8.9873843193054217
decision_type=2 2 2 2 2 2 2 2 2 2 2 2 2 2 2 2 2 2 2 2 2 2 2 2 2 2 2 2 2 2
left_child=1 8 5 4 -2 -3 7 15 -1 14 11 -4 -9 -14 -6 16 -7 19 -19 20 21 -17 -22 -23 26 27 -24 -26 29 -29
right_child=3 2 10 -5 9 6 -8 12 -10 -11 -12 -13 13 -15 -16 17 -18 18 -20 -21 22 23 24 -25 25 -27 -28 28 -30 -31
leaf_value=-0.052285094232978828 0.0082503532223007908 -0.036382804718057916 -0.018909005047440416 0.028185536861058853 0.021339984812215846 -0.038237379990770433 -0.04049577195732687 -0.017983184953927624 -0.043735101027871648 0.029717571848782098 -0.040001114468146109 -0.0096556423373270212 -0.079695944973323898 0.017461965880380095 -0.038676758111642055 -0.067665661260132778 -0.023519588492536134 0.0099003523956495768 -0.071815160292512337 -0.040502961970572057 -0.0074310179664041527 -0.072983083452688599 -0.0030656386293139979 0.02428329523159475 -0.019413961507832964 0.0083101249574433263 -0.041645303121437695 -0.033446651893223552 -0.043224621698572489 0.058070931516256141
leaf_weight=1164.2973934089241 523.88837123884878 1198.3366220502194 1740.1903865710083 7913.8056264186016 1096.8200483475084 713.06018079199748 301.85199057309364 337.98835304734166 1310.8873845271864 1143.1204815702513 81.396281652654579 682.54355675406987 4.4243234507594016 48.700066502162372 9.2464914796873909 10.32003088694182 349.45410403973074 65.455071670250618 11.058021643431855 181.64630853600102 124.80669937022321 4.5389372761128461 35.732854087767919 43.255788286231109 302.17680906088754 41.991488534287782 310.1321652544575 12.015702782577138 178.99854103245889 9.0405723861767893
leaf_count=937559 13793 319462 304091 22297 12260 158858 93071 53569 1234055 8545 24608 82418 1000 4175 209 2925 67131 6908 2377 43306 21012 1243 5349 4865 54078 4022 76798 1615 37916 157
internal_value=-0.000401802 -0.0315634 -0.0256595 0.0266117 0.0221204 -0.0306778 -0.028463 -0.0271587 -0.0477569 0.0253511 -0.0170724 -0.0163021 -0.0142678 0.00937043 0.0208383 -0.029265 -0.0333968 -0.0259671 -0.00190955 -0.0274342 -0.0252218 0.000358183 -0.0266866 0.0150462 -0.0293866 -0.0241289 -0.0376595 -0.0268412 -0.0380597 0.00584669
internal_weight=19951.2 9264.3 6789.11 10686.9 2773.08 4284.98 3086.65 2784.8 2475.18 2249.19 2504.13 2422.73 391.113 53.1244 1106.07 2393.68 1062.51 1331.17 76.5131 1254.66 1073.01 58.1148 1014.89 47.7947 890.088 544.223 345.865 502.232 200.055 21.0563
internal_count=3599672 3542568 1370954 57104 34807 959837 640375 547304 2171614 21014 411117 386509 58744 5175 12469 488560 225989 262571 9285 253286 209980 9033 200947 6108 179935 97788 82147 93766 39688 1772
is_linear=0
shrinkage=0.05


Tree=34
num_leaves=31
num_cat=0
split_feature=3 1 0 0 8 0 1 0 0 0 8 8 0 8 1 8 1 7 1 1 7 8 1 0 11 0 7 11 7 5
split_gain=6520.69 342.509 94.6971 40.1884 31.8131 30.9424 27.3595 34.3709 24.2894 21.1531 18.9377 16.9032 15.8491 15.5918 16.2884 15.4182 14.5673 13.5554 11.6472 11.5686 23.9246 17.8784 17.8274 14.7789 13.813 15.2125 12.0902 10.3715 10.3023 14.0004
threshold=1.0000000180025095e-35 0.41471430659294134 40.865167200565345 39.451579069391308 10.353795528411867 59.527770420558234 0.38465785980224615 21.688525392322848 27.276883840560917 23.183382987976078 8.1609468460083026 12.152145862579347 58.677237779193099 6.1974613666534433 0.68594416975975048 8.0065340995788592 0.43326406180858618 6.5005383491516122 1.0000000180025095e-35 0.69321471452713024 7.1518735885620126 7.244584560394288 0.69149696826934826 58.677237779193099 24.500000000000004 50.207461661484565 6.8416149616241464 44.500000000000007 2.9174053668975835 4.7004272937774667
decision_type=2 2 2 2 2 2 2 2 2 2 2 2 2 2 2 2 2 2 2 2 2 2 2 2 2 2 2 2 2 2
left_child=1 9 8 6 5 19 7 10 11 -1 28 -3 -5 14 -8 18 27 -7 -9 22 -21 -22 23 26 -24 -26 -4 -10 -2 -30
right_child=3 2 4 12 -6 17 13 15 16 -11 -12 -13 -14 -15 -16 -17 -18 -19 -20 20 21 -23 24 -25 25 -27 -28 -29 29 -31
leaf_value=-0.052969301781493366 0.015897043564617071 -0.036977965866665276 -0.01810668106260185 0.028416551026180389 0.0068175634591740204 -0.0094026537051362172 0.025634915068923958 0.024037016807183231 0.025472895623089322 -0.043280182940839462 -0.041003103550823969 0.023155215144836806 0.035144753033879809 0.023906746398849921 0.037507545241297631 0.0063580786892676808 -0.027880621991799023 -0.078592584478120536 -0.041161905823682531 -0.026558383390872072 -0.011805493143628987 0.070792093958531296 0.058039482802791725 -0.072347121967124936 -0.073501793650221151 0.019866234758997556 -0.08416004683276794 -0.081988121099089498 -0.083634818503091859 -0.00091347285840540592
leaf_weight=872.2247232031541 125.2658702615372 1114.0706636269733 872.44200801367697 4063.2347621397348 121.79365034178772 687.57747603402822 676.66172595176613 1056.8629538665846 19.402006566524509 1590.488567161553 23.625501130154589 11.810291326168224 1115.5947145058308 2956.2494968977699 504.09520029040868 147.37501842377242 2525.0615555144632 7.152560871152672 6.89450764004141 1181.1092675099826 16.674714147520721 10.791173593606798 12.976444433705181 12.994115800363941 6.1770801354432505 14.851480412005911 6.9830760250333688 2.5391844108235082 5.354123900178819 114.52158847494138
leaf_count=688697 3162 309872 119030 13593 8144 88674 2709 12146 935 1494045 1919 1509 3219 10876 1155 3709 544138 1359 84 276673 2212 232 599 2020 1712 833 1090 380 375 4223
internal_value=0.00041856 -0.0307912 -0.0248725 0.0266888 -0.0182037 -0.0192807 0.0237595 0.0179251 -0.0302315 -0.0467118 0.0017496 -0.0363472 0.0298659 0.0258467 0.0307036 0.0215146 -0.0275281 -0.010115 0.0236144 -0.0222632 -0.0254856 0.0206466 -0.0180594 -0.0194133 0.0174728 -0.00756036 -0.0186312 0.0130368 0.00586989 -0.00460814
internal_weight=19882.9 9087.12 6624.41 10795.7 2951.52 2829.73 5616.91 1479.9 3672.88 2462.71 268.767 1125.88 5178.83 4137.01 1180.76 1211.13 2547 694.73 1063.76 2135 1208.58 27.4659 926.424 892.419 34.005 21.0286 879.425 21.9412 245.142 119.876
internal_count=3599324 3542154 1359412 57170 502578 494434 40358 25618 856834 2182742 9679 311381 16812 14740 3864 15939 545453 90033 12230 404401 279117 2444 125284 122140 3144 2545 120120 1315 7760 4598
is_linear=0
shrinkage=0.05


Tree=35
num_leaves=31
num_cat=0
split_feature=0 0 0 0 0 0 11 11 12 8 12 11 0 12 9 0 12 0 11 7 11 12 12 12 12 12 8 7 8 12
split_gain=431.697 124.481 110.45 46.5523 26.2768 24.4935 19.51 17.707 12.2334 29.7285 15.2177 14.619 12.7086 11.9337 11.6626 21.5903 10.0468 9.95216 9.88623 15.2506 9.62241 12.5848 12.999 11.0329 10.9714 9.52075 12.6648 12.3959 11.2862 9.31867
threshold=28.330972930911233 19.856720862298975 48.289224414034841 10.815831422805788 74.568784612602045 34.657991193911592 23.500000000000004 15.500000000000002 305.50000000000006 8.2941746711730975 453.50000000000006 17.500000000000004 50.935361998883316 5070.5000000000009 1.0000000180025095e-35 14.127173628439779 468.50000000000006 11.901365082409031 33.500000000000007 4.6681339740753183 49.500000000000007 3400.5000000000005 1429.5000000000002 5487.5000000000009 1269.5000000000002 273.50000000000006 3.9510587453842168 4.1971738338470468 8.0070338249206561 3121.5000000000005
decision_type=2 2 2 2 2 2 2 2 2 2 2 2 2 2 2 2 2 2 2 2 2 2 2 2 2 2 2 2 2 2
left_child=1 3 5 -1 8 13 -3 -5 9 25 -10 16 -11 -2 17 -16 -12 -9 -6 20 21 22 24 -22 -20 -4 -27 28 -28 -18
right_child=2 6 4 7 18 -7 -8 14 10 12 11 -13 -14 -15 15 -17 29 -19 19 -21 23 -23 -24 -25 -26 26 27 -29 -30 -31
leaf_value=-0.054083532601020917 -0.0019944077809950726 -0.0022450257496334394 0.00040324699920107866 -0.0042747240809390148 0.031630353624987236 0.0028479477821429355 -0.010792125036316054 -0.05835327144122119 0.019262574069481345 -0.0096388641291102421 -0.092926559761636093 0.0083734288009434266 0.035167355832439226 -0.026245531271661016 -0.0047708823067855411 -0.055701913789620666 0.026730938318337602 -0.02305836491313884 0.0045659080812088335 0.037633551430533443 -0.073811828248344494 -0.08501853955525257 0.027537908303245852 0.066243054544908989 -0.060033715508182955 0.022388516757439317 -0.059682586386454198 0.0079358709403946851 0.04767478164561699 -0.084448097847399262
leaf_weight=144.26365644320322 3467.0327242367421 879.02767353381205 485.17250797148154 104.82181745173875 172.42912305232312 6373.5378404765361 2776.729766472039 20.488691452352214 420.91160823327664 19.338778306075255 1.8158564566110715 3025.4807039209627 87.115905365848448 51.481893727439456 28.697492635401431 75.68967512241943 153.67640169887454 792.82522181126114 72.079875705981976 58.906027836113935 6.6219544980558549 3.3538254910963579 76.770358855181257 1.7852568667149169 7.2321300290350328 12.922975204230168 28.954742732516028 12.662734046854892 2.6741621654364272 1.9081265440618143
leaf_count=92448 641964 193331 78941 34315 9529 999678 746495 11582 40120 1973 248 318159 5278 13652 7718 34970 13036 330032 7195 3027 1514 598 4261 10 647 1102 6425 1131 119 478
internal_value=-0.00031131 -0.0132752 0.00398735 -0.0274945 0.0103413 0.000999353 -0.00873697 -0.0237431 0.00918998 0.00286987 0.0103279 0.00914633 0.0270278 -0.00234924 -0.0259669 -0.0417003 0.0240027 -0.0239475 0.022607 0.0157452 0.00806334 0.0108125 0.0128716 -0.0440714 -0.00132466 -0.00187162 -0.0211622 -0.033869 -0.0506057 0.0253674
internal_weight=19366.4 4822.54 14543.9 1166.79 4651.81 9892.05 3655.76 1022.52 4252.63 648.842 3603.79 3182.88 106.455 3518.51 917.701 104.387 157.4 813.314 399.179 226.749 167.843 159.436 156.082 8.40721 79.312 542.387 57.2146 44.2916 31.6289 155.585
internal_count=3599976 1450891 2149085 511065 493791 1655294 939826 418617 467010 94969 372041 331921 7251 655616 384302 42688 13762 341614 26781 17252 14225 12701 12103 1524 7842 87718 8777 7675 6544 13514
is_linear=0
shrinkage=0.05


Tree=36
num_leaves=31
num_cat=0
split_feature=3 1 1 8 9 5 1 1 1 12 12 12 12 1 1 1 12 5 1 1 8 8 1 1 1 12 1 12 8 1
split_gain=6161.83 330.706 24.9251 23.4951 13.3689 19.2081 17.8363 20.9834 17.585 19.4743 17.4659 22.2804 12.4421 12.1734 39.5428 16.8345 13.4387 27.3318 11.6044 23.7833 11.5756 20.1638 13.0306 26.9131 11.1861 21.6281 13.6935 14.3659 16.5809 13.5206
threshold=1.0000000180025095e-35 1.0000000180025095e-35 0.5423724651336671 11.004941463470461 1.0000000180025095e-35 4.9036273956298837 0.64039209485054027 0.82881340384483349 0.47620809078216558 438.50000000000006 2033.5000000000002 1969.5000000000002 2106.5000000000005 0.69836860895156871 0.56281793117523204 0.73342257738113414 339.50000000000006 4.7966792583465585 0.62120485305786144 0.61333882808685314 7.3786959648132333 7.2452983856201181 0.64039209485054027 0.64870747923851024 0.70086556673049938 387.50000000000006 0.81956934928894054 254.50000000000003 5.8593597412109384 0.71598994731903087
decision_type=2 2 2 2 2 2 2 2 2 2 2 2 2 2 2 2 2 2 2 2 2 2 2 2 2 2 2 2 2 2
left_child=1 -1 -2 4 20 10 8 24 12 -10 11 -6 -7 14 -5 -15 -17 -18 19 -11 21 -3 -23 -24 25 -8 27 28 -26 -29
right_child=2 3 -4 13 5 6 7 -9 9 18 -12 -13 -14 15 -16 16 17 -19 -20 -21 -22 22 23 -25 26 -27 -28 29 -30 -31
leaf_value=-0.0467979097662014 0.021967839607136948 -0.026813325177931731 0.027511875943041247 0.027024334354830787 -0.030393590382835928 0.013787471284020233 -0.051570264128402869 -0.065526402508407675 -0.0011754378616811645 -0.047177672129452952 -0.064166987934568723 0.048773718144759469 -0.073719202533950909 0.03386921198939568 -0.059448120586781263 0.038201447231123009 0.016256165868595917 -0.074841029900769226 -0.07781803548468795 0.015899104685004332 -0.023086771156976434 -0.059679472053127569 0.029567291920126665 -0.040237752423726347 -0.069637525873912615 0.0055557024226797289 0.026785734227027087 -0.053061776916762705 0.022492527726766819 -0.017873091632497284
leaf_weight=2298.461975998227 2747.530212072983 3335.160383962706 7734.1401566054992 23.192122377629858 171.21351744599633 32.703184406942455 18.229498932869319 16.820776385968202 33.899930206445788 95.079858826455165 36.591054854978211 9.3739141374098818 4.6382170817232682 35.828462387391482 30.749008167156717 10.008654043689601 16.967747202521423 15.995933661470188 20.908731097770215 17.731140639987643 1993.7245036728054 70.91667431042697 15.079764600639463 163.72029874323925 5.6807230581034664 181.87827565621956 18.32006484788144 31.685866303276271 34.805622243671678 197.11789207404945
leaf_count=2171375 34815 784652 22355 1198 34190 2478 4277 5102 4596 16396 9566 477 831 2484 5150 637 1716 4037 4485 1742 350378 18115 1910 47465 2008 19642 2101 6314 4300 35093
internal_value=5.17067e-05 -0.030452 0.0260586 -0.0247921 -0.0252171 -0.0196557 -0.015673 -0.0106201 -0.0281112 -0.0350237 -0.0326668 -0.0262842 0.00291817 -0.00396795 -0.0222691 0.00855962 -0.0125424 -0.0279496 -0.0436047 -0.0372635 -0.0261409 -0.0278394 -0.0415436 -0.0343505 -0.00872648 0.000351618 -0.0150427 -0.0178883 0.00956557 -0.0227462
internal_weight=19418.2 8936.48 10481.7 6638.02 6505.28 926.678 709.5 504.539 204.961 167.62 217.178 180.587 37.3414 132.742 53.9411 78.8008 42.9723 32.9637 133.72 112.811 5578.6 3584.88 249.717 178.8 487.718 200.108 287.61 269.29 40.4863 228.804
internal_count=3599885 3542715 57170 1371340 1356118 153598 109365 78837 30528 27219 44233 34667 3309 15222 6348 8874 6390 5753 22623 18138 1202520 852142 67490 49375 73735 23919 49816 47715 6308 41407
is_linear=0
shrinkage=0.05


Tree=37
num_leaves=31
num_cat=0
split_feature=3 1 0 1 0 0 11 0 0 1 1 1 0 11 0 0 1 11 0 12 7 0 0 7 0 7 7 11 7 7
split_gain=5628.44 335.919 100.284 56.3946 50.7462 28.2481 20.761 20.3158 17.8706 16.1121 20.3454 16.7683 15.094 13.3434 15.6295 11.7414 11.5919 12.0555 11.3473 10.5609 10.394 10.3734 14.3205 10.3498 10.0817 9.75429 9.7308 9.33282 9.24908 15.1518
threshold=1.0000000180025095e-35 0.41471430659294134 43.5979521188383 0.38465785980224615 26.418142547787287 25.219624345434571 46.500000000000007 23.308298528194431 56.62229317903985 0.82219353318214428 0.81956934928894054 0.80133241415023815 59.527770420558234 24.500000000000004 62.415248971010449 26.160371724970904 0.60320907831192028 16.500000000000004 12.814746206960992 574.50000000000011 6.4512596130371103 45.61947421901278 45.381685110362021 3.3842465877532963 33.601011854378164 7.1518735885620126 6.2314648628234872 64.500000000000014 5.995206594467164 5.5965666770935067
decision_type=2 2 2 2 2 2 2 2 2 2 2 2 2 2 2 2 2 2 2 2 2 2 2 2 2 2 2 2 2 2
left_child=1 7 5 4 6 -3 15 -1 25 10 11 12 -4 14 16 18 -14 23 -2 -12 21 22 -11 -18 -6 -5 27 28 29 -15
right_child=3 2 9 8 24 -7 -8 -9 -10 20 19 -13 13 26 -16 -17 17 -19 -20 -21 -22 -23 -24 -25 -26 -27 -28 -29 -30 -31
leaf_value=-0.052080286043546989 -0.041839195384480964 -0.036663256405354699 -0.016899274850494219 0.025936778588257228 0.016532561662274022 -0.026217443984725766 -0.019516615488025066 -0.042244550568252139 0.032807639674087702 -0.044629347128494028 -0.033725309522209472 -0.037008999257205633 0.033486452848081959 -0.011103880302555623 0.016491801894664117 -0.060844514454857404 -0.080819552543273013 -0.079902988927509355 0.010734897865705757 0.044649442652761807 0.010868015099264513 -0.046092330781129544 0.063974159712958709 0.052007242983650219 0.025141136894666152 0.046611108986137545 -0.070839847937876163 0.048499856156846384 0.030149037994703889 -0.075362346944694181
leaf_weight=818.66290892670168 10.510657070046362 808.52578444331084 1588.6741328810022 7016.8865856650809 500.07811441498052 3243.8373387163101 77.025108147197898 1463.57737916936 1157.0665132418508 6.9149720875793701 5.3865249927475842 84.266925518517382 5.6173418966354829 486.72655233519617 94.23941709297651 6.0122108394280067 2.2523598751868148 11.356920725054804 436.15765763062518 21.274147155869287 11.325626531935994 83.611939946553321 5.4102185890515102 4.2036065142019652 1063.1604297137092 57.519928039982915 6.7579420080874106 6.6278078493487547 13.163448533043264 9.3499210489535454
leaf_count=698502 1358 232803 277116 22804 6679 716461 3082 1484964 2918 2291 1404 25747 117 57702 6977 251 518 2310 10621 1928 1236 27641 345 224 9259 135 1456 655 632 1821
internal_value=0.000155187 -0.02927 -0.0234752 0.0251837 0.0178552 -0.0283016 0.00448036 -0.0457727 0.0270471 -0.015483 -0.0146143 -0.0151149 -0.0142872 -0.00780607 0.0074056 0.00856352 -0.0291403 -0.0488898 0.00949776 0.0288146 -0.0344321 -0.0397799 0.00304283 0.00566658 0.0223873 0.0261049 -0.011231 -0.0104501 -0.0112173 -0.012315
internal_weight=19106.2 8781.76 6499.52 10324.4 2092.94 4052.36 529.706 2282.24 8231.47 2447.16 2339.9 2313.24 2228.97 640.295 117.67 452.681 23.4302 17.8129 446.668 26.6607 107.263 95.9371 12.3252 6.45597 1563.24 7074.41 522.626 515.868 509.24 496.076
internal_count=3599957 3542850 1359384 57107 31250 949264 15312 2183466 25857 410120 378607 375275 349528 72412 10146 12230 3169 3052 11979 3332 31513 30277 2636 742 15938 22939 62266 60810 60155 59523
is_linear=0
shrinkage=0.05


Tree=38
num_leaves=31
num_cat=0
split_feature=3 1 1 8 8 7 5 11 5 8 1 1 1 8 8 11 7 1 5 11 11 8 11 7 5 5 11 11 11 7
split_gain=5424.6 334.271 35.9291 26.4621 15.7744 16.7401 15.8894 15.8538 15.3865 13.7244 13.5034 13.1571 15.9249 12.6738 12.9937 16.4394 11.1708 10.7525 12.8043 23.4038 15.9611 12.6166 12.0863 10.6844 12.9257 10.5243 10.492 14.229 15.3305 26.6364
threshold=1.0000000180025095e-35 0.41471430659294134 0.59991258382797252 8.9873843193054217 8.6845688819885272 5.1676349639892587 4.999742031097413 12.500000000000002 4.9952681064605722 7.0904934406280526 0.77197623252868663 0.53110077977180492 0.49188277125358587 6.8040599822998056 6.860135793685914 37.500000000000007 2.1383330821990971 0.62698167562484752 4.599781036376954 26.500000000000004 15.500000000000002 6.9092540740966806 45.500000000000007 2.9174053668975835 1.0000000180025095e-35 4.999742031097413 44.500000000000007 37.500000000000007 38.500000000000007 1.8688347935676577
decision_type=2 2 2 2 2 2 2 2 2 2 2 2 2 2 2 2 2 2 2 2 2 2 2 2 2 2 2 2 2 2
left_child=1 -1 9 4 5 7 8 -3 -7 -2 -8 12 -6 -9 15 -15 -4 18 19 -16 25 23 -23 24 -21 -20 27 -5 29 -29
right_child=2 3 16 26 11 6 10 13 -10 -11 -12 -13 -14 14 17 -17 -18 -19 20 21 -22 22 -24 -25 -26 -27 -28 28 -30 -31
leaf_value=-0.045699635918773074 0.023024344006070563 -0.042393942927609639 0.023600526335586167 -0.016575184211016645 -0.077086833421743495 -0.017476691153879446 0.011352649244749458 -0.026926306002299429 -0.060522774693523518 0.01637726729576151 -0.073180787583287055 -0.045483998828315816 0.019318997022552575 -0.072001371416453616 -0.060829956327791423 0.047747748993709038 0.028191434882244043 -0.020108916230612617 -0.071381738645763748 0.019929615227973388 -0.032831679535966114 -0.033928079236493644 0.010971946476908016 0.05569411436776376 -0.071698654732505376 0.023246227127286807 -0.026652343996534506 -0.083891108420614868 -0.0066833996208893083 0.044802316153948508
leaf_weight=2193.3235751248321 2244.3666453525402 124.18624546456704 1794.3281800211407 356.35945741301111 5.6972244672360857 571.62248600940438 68.811088294285582 2351.6485845098705 21.541542522696545 1187.3986483691369 5.0724188832173231 137.70207212300738 17.264209347049473 3.65606738868519 20.961916010583082 13.26308675650216 5066.3019268401258 1800.3288577048224 3.4438182011072085 17.329956608184151 505.35240251031792 37.95219266921049 24.769928889887524 13.698992364923468 4.9477339599579855 20.017011188727338 127.02294545496989 4.5813953706674502 151.34916111919119 32.853295595748932
leaf_count=2182866 20935 36586 4972 49218 976 98792 7658 570890 4883 17056 1551 31045 1203 991 5057 1136 14144 391314 1035 2170 99752 7015 2737 711 1287 2266 21947 866 17176 2000
internal_value=0.000383777 -0.0288405 0.0249014 -0.0231 -0.0241938 -0.0237513 -0.0163164 -0.024755 -0.01904 0.0207244 0.00554907 -0.0396412 -0.00460136 -0.0243002 -0.0217957 0.0218711 0.0269907 -0.0220974 -0.0276179 -0.012848 -0.03096 -0.00265742 -0.0161964 0.0209465 -0.000420443 0.00935578 -0.0137111 -0.0106957 0.000402781 0.0290523
internal_weight=18927.2 8634.76 10292.4 6441.43 5769.27 5608.6 667.048 4941.56 593.164 3431.77 73.8835 160.664 22.9614 4817.37 2465.72 16.9192 6860.63 2448.8 648.474 119.661 528.813 98.6988 62.7221 35.9767 22.2777 23.4608 672.166 545.143 188.784 37.4347
internal_count=3600235 3543128 57107 1360262 1269055 1235831 112884 1122947 103675 37991 9209 33224 2179 1086361 515471 2127 19116 513344 122030 18977 103053 13920 9752 4168 3457 3301 91207 69260 20042 2866
is_linear=0
shrinkage=0.05


Tree=39
num_leaves=31
num_cat=0
split_feature=3 1 0 0 8 0 1 1 0 0 5 5 0 7 0 1 7 7 5 7 5 7 0 8 1 8 0 1 1 1
split_gain=5280.64 303.735 82.3058 39.9943 25.2301 26.0446 25.1304 24.4445 27.4391 20.5196 17.5687 24.1723 15.6524 15.4543 13.904 13.8508 13.8222 13.7908 13.6465 14.6829 13.8091 14.9562 13.0068 14.7286 18.3695 13.6789 12.496 11.3776 11.2818 18.7285
threshold=1.0000000180025095e-35 0.41471430659294134 32.155248604922242 47.420325374063403 7.7016401290893564 61.419888893899049 0.49824166297912603 0.55748349428176891 28.330972930911233 23.183382987976078 4.9298512935638437 4.9214069843292245 19.698451743712216 4.8559212684631357 11.901365082409031 0.7425527572631837 5.0139575004577646 4.9452011585235605 4.9693973064422616 6.0222353935241708 4.9829270839691171 6.5005383491516122 57.951464589605173 6.2176032066345224 0.75467136502265941 6.1601512432098398 31.449475526809696 0.77873951196670543 0.67436936497688305 0.75112470984458934
decision_type=2 2 2 2 2 2 2 2 2 2 2 2 2 2 2 2 2 2 2 2 2 2 2 2 2 2 2 2 2 2
left_child=1 9 10 7 15 6 -6 8 14 -1 11 12 -3 26 -2 -4 17 -5 -12 -20 21 -21 23 -17 -25 27 -13 -24 -18 -30
right_child=3 2 4 16 5 -7 -8 -9 -10 -11 18 13 -14 -15 -16 22 28 -19 19 20 -22 -23 25 24 -26 -27 -28 -29 29 -31
leaf_value=-0.052254096183150536 -0.042065219037210111 -0.05263941626364288 -0.020216068598230538 0.030210513100032255 0.016848562710660313 0.0031298432449587232 -0.018529060251833013 0.0244312522996919 0.022651058845855922 -0.04195515999572462 -0.051184685256604905 -0.039053991181432927 -0.026275557827627374 0.040414927018327808 0.012430438335529068 -0.024161167957178445 0.031772377869674212 0.057255218322989604 -0.035252788713666515 0.042955339036481736 -0.034792101140230007 -0.069045721245040215 -0.019089572260438194 -0.067146020898884509 -0.03388086445374551 -0.0097634459907692626 0.051738250854102698 -0.064745688746032662 -0.0033797079242043667 0.026705991900440092
leaf_weight=749.26085293997039 11.850249962262749 61.372571776422774 2076.8213074226078 2416.7171398937644 52.533246255625272 186.92318706146034 1128.9472736405005 4963.1628340015304 1445.4772428227297 1364.2566002564372 131.04681511705894 17.365934519475562 681.0756751803001 21.234638536727289 952.36599083968031 341.86415610500262 124.69149245106382 48.075172678101808 1021.6979032112158 17.323253166076032 19.509875153613393 3.6001375406340221 32.135093893462908 49.507078982409439 256.62405780592962 161.18749509613554 4.8477003558364222 23.716319954721257 96.475455660140142 111.52443696453702
leaf_count=688436 1650 21708 406436 7668 2177 12963 174916 15498 12873 1494516 37209 5094 164051 1642 18024 101292 546 96 276680 1118 3641 1064 6062 18145 84043 32322 327 8954 338 272
internal_value=0.000123097 -0.0292077 -0.0236971 0.0243566 -0.0198213 -0.0142123 -0.016956 0.0224252 0.0182934 -0.0456062 -0.0321382 -0.0263336 -0.0284549 0.00991521 0.0117607 -0.0224303 0.0294468 0.030738 -0.0359615 -0.0340833 -0.00453185 0.0236841 -0.0277462 -0.0312945 -0.0392605 -0.0171523 -0.0192403 -0.0384766 0.0198805 0.0127515
internal_weight=18573.2 8402.85 6289.33 10170.3 4310.26 1368.4 1181.48 7372.86 2409.69 2113.52 1979.07 785.897 742.448 43.4483 964.216 2941.86 2797.48 2464.79 1193.18 1062.13 40.4333 20.9234 865.034 647.995 306.131 217.039 22.2136 55.8514 332.691 208
internal_count=3599761 3542796 1359844 56965 847310 190056 177093 48045 32547 2182952 512534 192822 185759 7063 19674 657254 8920 7764 319712 282503 5823 2182 250818 203480 102188 47338 5421 15016 1156 610
is_linear=0
shrinkage=0.05


Tree=40
num_leaves=31
num_cat=0
split_feature=3 1 0 0 1 0 0 0 8 11 8 8 12 8 7 1 8 8 7 1 0 8 7 0 11 12 7 8 12 11
split_gain=4786.48 318.627 75.2633 48.262 43.1918 30.6729 24.724 21.6231 18.9831 16.2959 15.813 23.4595 16.8119 15.9201 22.0989 17.867 21.4268 16.6963 14.8694 17.7074 16.1881 20.9919 14.9211 14.403 15.7889 14.1981 13.9031 15.6856 16.5744 15.2342
threshold=1.0000000180025095e-35 1.0000000180025095e-35 48.289224414034841 42.492732186608926 0.52732771635055553 22.290801048278812 27.84568023681641 29.077698871402394 10.353795528411867 47.500000000000007 11.004941463470461 10.463317394256594 110.50000000000001 6.8040599822998056 1.8688347935676577 0.60663357377052318 6.860135793685914 6.2176032066345224 6.4512596130371103 0.76669952273368847 41.175623627186731 7.0913259983062753 6.8839745521545419 80.345281651647397 14.500000000000002 1641.5000000000002 1.8688347935676577 4.6200466156005868 177.50000000000003 26.500000000000004
decision_type=2 2 2 2 2 2 2 2 2 2 2 2 2 2 2 2 2 2 2 2 2 2 2 2 2 2 2 2 2 2
left_child=1 7 6 4 5 -2 -3 -1 -4 -10 11 12 -8 17 -15 -16 25 26 -18 20 21 22 -20 24 -5 -17 -14 28 29 -28
right_child=3 2 8 23 -6 -7 10 -9 9 -11 -12 -13 13 14 15 16 18 -19 19 -21 -22 -23 -24 -25 -26 -27 27 -29 -30 -31
leaf_value=-0.050031076576760231 0.00087280912791719658 -0.031867527203604334 -0.014476256220012029 0.044613534570580093 0.023415831943618674 0.017347067952325327 -0.038650262662217744 -0.039513380246194316 0.018706449114308556 -0.085136504099939586 -0.0015101436974572261 -0.077952350937457296 -0.014295365480566613 -0.030814347141759759 -0.0072731274366039187 -0.07603976477171108 -0.02211856273501904 -0.041069585050428188 0.052010519980986894 -0.097529213819450081 0.051902053561473906 -0.094025778673946694 -0.08629031857282346 0.043202578284921273 0.026524598802664136 0.065515750776700798 0.039880045489029597 -0.033505049720386447 -0.023219475570702024 -0.033163404599112094
leaf_weight=1098.27084531738 347.49836885262812 1197.1004189740161 1643.7586304869474 124.66531789093278 4216.9657100503209 1511.5316799521934 178.3920760452329 880.40388378381613 63.66236619692063 4.016365582618163 79.710145693927188 20.060172236189828 247.26729268899908 365.71499575083362 352.8358533243445 2.1063878003187702 1045.2084479143232 182.70790472319641 9.3019005736859999 3.5472944843932046 18.668701092276024 5.6800190853682571 2.4676272785291067 144.23792120418511 3729.5911535612249 11.138594164600361 20.61169799263735 505.61555774146655 360.46349560195813 10.920345177757552
leaf_count=1113695 11224 343884 274526 394 14069 18285 54065 1058700 3221 682 9687 4277 54593 77356 42068 639 224843 56383 320 812 702 984 456 465 12636 344 2124 134921 80162 2933
internal_value=0.00025367 -0.027838 -0.0223644 0.0234242 0.0206168 0.0142676 -0.0256826 -0.0453513 -0.0134077 0.0125439 -0.0235193 -0.0240441 -0.0237186 -0.0228715 -0.01983 -0.0170614 -0.0202065 -0.0270334 -0.0209782 0.00907022 0.0195397 -0.0150837 0.023014 0.0276902 0.0271097 0.0430038 -0.0247934 -0.0276853 -0.0201786 0.0145832
internal_weight=18384.1 8309.63 6330.96 10074.5 6076 1859.03 4619.52 1978.67 1711.44 67.6787 3422.42 3342.71 3322.65 3144.26 1816.67 1450.95 1098.12 1327.59 1084.87 39.6655 36.1182 17.4495 11.7695 3998.49 3854.26 13.245 1144.88 897.611 391.996 31.532
internal_count=3599450 3542377 1369982 57073 43578 29509 1091553 2172395 278429 3903 747669 737982 733705 679640 348524 271168 229100 331116 228117 3274 2462 1760 776 13495 13030 983 274733 220140 85219 5057
is_linear=0
shrinkage=0.05


Tree=41
num_leaves=31
num_cat=0
split_feature=3 2 0 0 2 0 0 0 12 7 12 12 11 0 12 8 11 0 8 8 5 5 12 11 7 0 8 12 12 0
split_gain=4520.81 311.66 89.5866 55.766 35.2062 33.0617 25.7652 25.5561 14.8697 18.6624 19.2466 19.2578 18.346 16.5083 16.2405 14.6602 21.3333 16.7134 14.3257 13.8056 13.1747 16.4519 12.885 16.1671 12.7949 12.7125 12.7928 11.7151 14.1244 13.2497
threshold=1.0000000180025095e-35 1.0000000180025095e-35 35.699507168741555 40.865167200565345 1.0000000180025095e-35 56.62229317903985 26.964592996024297 17.944786168678551 2324.5000000000005 4.7405652999877939 1658.5000000000002 1930.5000000000002 23.500000000000004 16.62500206708501 2225.5000000000005 10.803458213806154 30.500000000000004 16.824982268939497 8.9873843193054217 8.5172929763793963 4.9111537933349618 4.9184429645538339 1217.5000000000002 16.500000000000004 4.3372693061828622 54.917433627939324 10.411811828613283 1193.5000000000002 1005.5000000000001 53.833591192465981
decision_type=2 2 2 2 2 2 2 2 2 2 2 2 2 2 2 2 2 2 2 2 2 2 2 2 2 2 2 2 2 2
left_child=1 6 8 4 7 25 -1 -2 9 15 12 -12 22 -13 -15 -3 -17 -18 20 -16 -14 -22 23 -11 27 26 -4 28 -5 -29
right_child=3 2 5 24 -6 -7 -8 -9 -10 10 11 13 18 14 19 16 17 -19 -20 -21 21 -23 -24 -25 -26 -27 -28 29 -30 -31
leaf_value=-0.051317596054045435 -0.01132381370497438 -0.030234146552048043 -0.019802600378790516 0.02609555243033912 0.021736562419748064 -0.0086371203150855998 -0.039664805246078877 0.014493835045030941 -0.038628162308740506 -0.036665555339534278 0.019168132566989491 0.053049447938947725 -0.065360730446143905 -0.063809871283443051 -0.051762339810755113 0.028454485278522648 0.056546403216708369 -0.072572278105373089 0.0074737754001974665 0.066810904635494883 0.040646661577607331 -0.035022984155055586 -0.067467489779617154 0.024981768354485984 0.031562174381794171 -0.037216965024257136 -0.0022527987201638113 0.017110853445497978 0.038581155519140597 0.027776379023058174
leaf_weight=907.94079245847388 103.43450470108746 1866.3902751279038 2557.8245090406272 1760.4696163827175 4176.2413098280158 883.35145596197253 993.36385685502319 1307.5332358912665 360.69074622964945 14.802700392683617 60.922990629143897 5.5855327539757118 34.161186335026287 22.229471861603088 4.4836489649314881 25.215125129776425 3.1494921781122676 12.27160224545514 19.531410326235346 5.4251374039740767 7.6813842006667974 110.73316905508545 6.4087924358609589 37.775157075928291 1127.8085314401251 100.36393404012779 108.23265197292494 712.04695517744403 259.96020235371543 492.67056177416816
leaf_count=956867 5464 501672 543079 5747 15956 124702 1214526 20584 99384 2941 6875 340 9895 6275 1449 2565 146 3346 2840 167 769 25429 1273 3802 3835 23758 10834 3037 824 1701
internal_value=0.000103461 -0.0275043 -0.0221098 0.0227352 0.0194296 -0.0170587 -0.0452294 0.0126012 -0.0292073 -0.0276882 -0.0167048 0.00178418 -0.0245972 -0.0262905 -0.0400795 -0.0295873 0.000122987 -0.046202 -0.0328447 0.0131574 -0.0380059 -0.0301144 -0.000533072 0.00762566 0.0269781 -0.0197478 -0.0190901 0.0253751 0.027702 0.0214725
internal_weight=18088.7 8148.54 6247.23 9940.16 5587.21 3649.77 1901.3 1410.97 2597.46 2236.77 329.741 98.6468 231.094 37.7238 32.1383 1907.03 40.6362 15.4211 172.107 9.90879 152.576 118.415 58.9866 52.5779 4352.96 2766.42 2666.06 3225.15 2020.43 1204.72
internal_count=3600082 3542934 1371541 57148 42004 702373 2171393 26048 669168 569784 62055 15106 46949 8231 7891 507729 6057 3492 38933 1616 36093 26198 8016 6743 15144 577671 553913 11309 6571 4738
is_linear=0
shrinkage=0.05


Tree=42
num_leaves=31
num_cat=0
split_feature=3 1 1 1 8 5 5 1 12 12 8 1 1 8 8 1 11 11 8 5 12 12 11 1 1 1 12 12 11 8
split_gain=4415.02 265.587 58.8122 16.1938 14.7747 11.0429 14.0726 10.8456 9.93868 14.7255 15.9064 17.8212 11.6507 10.4824 15.2063 17.0855 25.7749 17.4292 19.6924 15.8288 13.8791 13.7225 20.7723 19.3396 19.2147 13.1385 18.8222 15.6437 11.1803 10.9464
threshold=1.0000000180025095e-35 1.0000000180025095e-35 0.5423724651336671 0.72739624977111828 11.004941463470461 4.877232789993287 4.8909521102905282 0.50332832336425792 848.50000000000011 858.50000000000011 8.4119439125061053 0.65946751832962047 0.4843269437551499 8.9873843193054217 7.8284282684326181 0.7838180959224702 20.500000000000004 48.500000000000007 8.4817600250244158 4.7138681411743173 798.50000000000011 453.50000000000006 18.500000000000004 0.69836860895156871 0.57773616909980785 0.64529997110366832 40.500000000000007 273.50000000000006 21.500000000000004 9.1073079109191912
decision_type=2 2 2 2 2 2 2 2 2 2 2 2 2 2 2 2 2 2 2 2 2 2 2 2 2 2 2 2 2 2
left_child=1 -1 5 -4 8 7 -7 -2 13 10 11 -10 -11 14 -3 16 19 -18 20 -16 -19 25 23 -23 -24 -15 -27 29 -17 -28
right_child=2 4 3 -5 -6 6 -8 -9 9 12 -12 -13 -14 21 15 28 17 18 -20 -21 -22 22 24 -25 -26 26 27 -29 -30 -31
leaf_value=-0.044424252991977886 0.012203634728753522 -0.024653577622142413 0.022794065530107765 0.027681964252505298 -0.0059232712360406774 0.041880429706114816 0.016999917903304549 -0.011403185646139784 0.018009320211687604 -0.035578287630956044 0.050582988208496472 -0.07134503599150846 -0.021071721709203847 0.014889302808246366 -0.074463023841127143 -0.07247323610686672 -0.052324042512296845 -0.072055277771096757 0.03017879054726429 -0.0066599947195374251 0.074583159124522833 -0.084426323196265987 -0.00017497217585283893 0.050721663884082863 -0.065910853054583843 0.045848775546526589 0.010866955542265909 -0.0067289405367451996 0.0061228890740169257 -0.076727554733201558
leaf_weight=1839.8203923489482 664.07902941246903 2040.3764595379735 4652.2480960429311 2665.3113484671194 127.56745642382884 58.737204925379046 1752.5773690916667 52.500255783455941 14.759592744532712 144.61893279735523 14.579894987662554 8.9722645857837033 3223.2253819429588 52.743426131761225 9.8001665810315881 5.2259698072593883 217.43989582984796 12.279705300199568 14.476136773664619 70.744473836879479 1.8577583300066169 3.4251939996611318 15.792598146144881 11.652454849201602 37.544031816840288 9.5947968382388336 4.3707714914344278 31.112016103492351 33.71912185997644 19.385400901999674
leaf_count=2171253 9881 545158 15633 6700 15178 575 24014 459 1554 24375 801 2883 673202 4748 2927 2333 52271 3288 1439 11708 80 649 1575 655 9116 616 330 4116 7239 5181
internal_value=-8.80071e-05 -0.0277651 0.0223031 0.0245744 -0.0227612 0.0157282 0.0178067 0.0104741 -0.0231194 -0.021344 0.00947955 -0.0157727 -0.0216946 -0.0254528 -0.0263361 -0.0357274 -0.0394602 -0.0474967 -0.0108126 -0.0149098 -0.052786 -0.0140043 -0.0317984 0.0200201 -0.0464469 -0.00361777 -0.0187602 -0.0300584 -0.00442378 -0.0606115
internal_weight=17810.5 7965.08 9845.45 7317.56 6125.26 2527.89 1811.31 716.579 5997.7 3406.16 38.3118 23.7319 3367.84 2591.54 2405.92 365.543 326.598 246.053 28.6136 80.5446 14.1375 185.621 68.4143 15.0776 53.3366 117.206 64.463 54.8682 38.9451 23.7562
internal_count=3599937 3542675 57262 22333 1371422 34929 24589 10340 1356244 702815 5238 4437 697577 653429 626443 81285 71713 57078 4807 14635 3368 26986 11995 1304 10691 14991 10243 9627 9572 5511
is_linear=0
shrinkage=0.05


Tree=43
num_leaves=31
num_cat=0
split_feature=3 1 1 11 7 12 11 11 12 5 5 12 12 1 1 1 7 7 7 5 12 11 1 12 12 1 1 7 12 7
split_gain=4070.88 293.383 47.4743 10.2918 9.76225 10.5559 31.0621 17.8066 12.0672 11.359 11.3309 10.2352 10.0353 12.6817 14.6301 15.8416 18.4633 12.1094 21.4914 13.151 12.9784 10.0082 9.20914 12.1735 13.65 22.3948 12.0313 15.8403 10.7619 11.6147
threshold=1.0000000180025095e-35 0.41471430659294134 0.52732771635055553 88.500000000000014 4.49422311782837 140.50000000000003 29.500000000000004 17.500000000000004 927.50000000000011 4.9850831031799325 4.4997041225433358 896.50000000000011 1949.5000000000002 0.63385272026062023 0.64529997110366832 0.66363167762756359 4.610145330429078 5.0139575004577646 5.0968081951141366 4.9131042957305917 1760.5000000000002 91.500000000000014 0.7596479356288911 1577.5000000000002 2058.5000000000005 0.81474035978317272 0.75382152199745189 4.0517470836639413 5487.5000000000009 4.2835628986358651
decision_type=2 2 2 2 2 2 2 2 2 2 2 2 2 2 2 2 2 2 2 2 2 2 2 2 2 2 2 2 2 2
left_child=1 -1 3 -2 22 6 7 -6 10 -9 -7 -12 13 17 -15 16 -16 -10 -19 -20 -21 -14 26 -24 -25 28 -3 -28 29 -26
right_child=2 4 -4 -5 5 8 -8 9 12 -11 11 -13 21 14 15 -17 -18 18 19 20 -22 -23 23 24 25 -27 27 -29 -30 -31
leaf_value=-0.043975367984345128 0.015921710653555896 -0.021759752647129309 0.023897023628887654 -0.055236639623090694 -0.075841440313298397 0.032135633566472033 -0.069473145777267806 0.048475300365312418 -0.047539729433008916 -0.073297178098152727 -0.026465883142233016 -0.076246215576988297 -0.021394702309758536 0.028906227806749125 0.030002987582159399 -0.0059262711951765419 -0.074917995273905344 0.037870342424607704 -0.075606521552793696 -0.031271148740846737 0.02294996540342048 0.071064098149663177 -0.031279508395045445 -0.0024269919279463151 -0.056337622278637568 0.0098461467561811525 -0.0011597065219930405 -0.070710652975831456 0.019084147372066033 0.0035421148022210776
leaf_weight=1834.7392016998565 2376.1787664535022 3894.8097223876248 7319.6898068322607 5.0922509577358133 3.6599999618483698 7.9829707013268481 10.460014048992887 29.710989437444372 38.872522466350347 2.0470066122652488 295.64679880497715 10.699366296306833 445.90667917796236 27.878466250796919 5.5563426632870714 326.0821645148535 17.088703750385321 16.233619166669087 11.238502630425499 39.868819891082239 15.260772581474155 2.9461895046988493 534.03644457799965 90.21296152377181 61.289091236430977 27.40101045605843 116.77144705216779 8.8036771889310312 6.4417852815240613 9.3311348545394122
leaf_count=2182296 33940 847996 22878 120 1165 821 3425 1831 8905 584 66747 3122 93603 3052 580 55590 5091 1246 2890 6171 1154 305 182103 18106 20407 5300 24180 3027 803 2096
internal_value=0.000209212 -0.0264593 0.021902 0.0157695 -0.0211528 -0.0173265 0.00623261 0.0285908 -0.0181834 0.0406263 -0.026672 -0.0282045 -0.0153656 -0.0104794 -0.00594822 -0.00873461 -0.0491739 -0.0245273 -0.0136975 -0.026311 -0.0162619 -0.0207878 -0.022206 -0.0273777 -0.0166741 -0.0289777 -0.0212686 -0.0060357 -0.0427823 -0.0484256
internal_weight=17591.9 7890.98 9700.96 2381.27 6056.24 1307.14 45.878 35.418 1261.26 31.758 314.329 306.346 946.933 498.08 376.606 348.727 22.645 121.474 82.6017 66.3681 55.1296 448.853 4749.1 728.712 194.676 104.463 4020.38 125.575 77.062 70.6202
internal_count=3599534 3542596 56938 34060 1360300 256282 7005 3580 249277 2415 70690 69869 178587 84679 64313 61261 5671 20366 11461 10215 7325 93908 1104018 228815 46712 28606 875203 27207 23306 22503
is_linear=0
shrinkage=0.05


Tree=44
num_leaves=31
num_cat=0
split_feature=3 1 0 0 1 0 0 0 11 7 8 1 11 8 1 12 7 11 8 12 7 0 8 1 11 1 9 0 7 11
split_gain=3947.99 253.828 70.8572 51.9542 42.9815 29.5583 26.4229 21.1733 20.2885 19.2254 17.6319 20.4526 24.8194 16.3596 15.6059 15.0998 14.769 14.5006 17.3328 14.0527 13.874 13.8592 13.7598 13.5764 12.8032 23.3927 16.1904 24.486 15.9631 15.1748
threshold=1.0000000180025095e-35 1.0000000180025095e-35 51.6733770379251 42.492732186608926 0.49188277125358587 28.330972930911233 36.30276173639141 28.594956746732354 30.500000000000004 2.6020033359527592 6.8040599822998056 0.50884783267974865 27.500000000000004 6.860135793685914 0.83215004205703746 1641.5000000000002 2.0126758217811589 47.500000000000007 8.147287845611574 164.50000000000003 5.995206594467164 68.993868182074962 9.9085125923156756 0.78118044137954723 45.500000000000007 0.62698167562484752 1.0000000180025095e-35 55.459719930293438 3.6242519617080693 33.500000000000007
decision_type=2 2 2 2 2 2 2 2 2 2 2 2 2 2 2 2 2 2 2 2 2 2 2 2 2 2 2 2 2 2
left_child=1 6 7 4 5 -2 -1 9 14 -3 -9 12 -12 15 16 -13 -4 20 -19 -11 23 -5 -20 24 26 28 29 -28 -26 -10
right_child=3 2 8 21 -6 -7 -8 10 17 19 11 13 -14 -15 -16 -17 -18 18 22 -21 -22 -23 -24 -25 25 -27 27 -29 -30 -31
leaf_value=-0.046819510847072393 0.0049793116878342472 -0.037223247244596455 -0.01682433131869612 0.025251247223232628 0.021492689291025342 0.018266475019191604 -0.032664665049691469 -0.026325873656380949 -0.049541340660039949 -0.0041778410651446786 0.026534874469275334 -0.073939874147636891 -0.018099494752378941 -0.020814738920655662 -0.056111976433764969 0.054371118974847601 0.00415108331987639 -0.012428748254878698 0.028936242436365545 -0.026880523019480757 0.007475669911662975 0.035223893227884245 -0.077490326868975098 -0.040659320939830094 0.025754686484580003 -0.062002260607511177 -0.069138106661711052 0.013036646977995664 -0.089050388160092211 -0.016493494629158046
leaf_weight=1265.3001781634857 789.80404711191113 502.6991850473587 111.08038540702546 3452.1154778963319 4170.548608367495 890.45693400512391 445.87327515887227 1440.0810653560911 39.425964460737305 75.431348285897911 52.752510371487006 2.8044015347113591 76.038780308255809 1904.466217694644 13.20765389423468 12.57121283195738 343.23437404059223 146.53279007774836 45.872763126753853 707.36083769019478 44.27062297136581 387.48870936210733 3.2523842404189045 80.081744205941504 16.189858367783021 40.13471234057215 10.243236446010995 78.82818518888962 3.7244119649985796 291.98818191472674
leaf_count=1529931 18646 157253 17758 12302 15030 10051 641328 383620 9764 17776 2301 938 7901 397563 6288 443 43231 25428 3059 199988 4807 1262 715 27840 628 9438 2004 4736 475 47116
internal_value=0.000461219 -0.0261314 -0.021317 0.0217383 0.0187725 0.0120209 -0.0431312 -0.0241075 -0.0108109 -0.0295929 -0.0220863 -0.0191061 0.000182603 -0.0204 -0.00253499 0.0309681 -0.000977425 -0.0156441 -0.00381207 -0.0246928 -0.0194713 0.0262577 0.0218902 -0.0215992 -0.0184228 -0.0400196 -0.0153386 0.00358653 0.00428358 -0.020425
internal_weight=17443.9 7753.45 6042.27 9690.41 5850.81 1680.26 1711.17 4774.21 1268.07 1285.49 3488.71 2048.63 128.791 1919.84 467.522 15.3756 454.315 800.545 195.658 782.792 604.887 3839.6 49.1251 560.616 480.535 60.049 420.486 89.0714 19.9143 331.414
internal_count=3599620 3542329 1371070 57291 43727 28697 2171259 1167783 203287 375017 792766 409146 10202 398944 67277 1381 60989 136010 29202 217764 106808 13564 3774 102001 74161 10541 63620 6740 1103 56880
is_linear=0
shrinkage=0.05


Tree=45
num_leaves=31
num_cat=0
split_feature=3 1 0 0 1 0 0 0 0 11 0 1 7 0 11 11 0 1 0 11 0 1 9 11 1 1 1 1 11 11
split_gain=3530.35 267.671 94.5678 52.9681 39.0194 30.6787 23.1996 17.5566 13.2737 11.1836 13.108 13.5973 11.9074 14.6509 11.3541 15.0094 10.1434 9.97447 13.7826 11.2802 9.74568 9.79648 10.9166 9.08356 8.99837 19.3878 10.4507 15.0722 12.6176 12.2426
threshold=1.0000000180025095e-35 1.0000000180025095e-35 43.5979521188383 43.38945954938027 0.49188277125358587 24.00533894931505 23.183382987976078 19.698451743712216 57.246900822254254 49.500000000000007 54.917433627939324 0.62120485305786144 1.2424533367156985 55.459719930293438 24.500000000000004 45.500000000000007 11.901365082409031 0.71100652217865001 55.459719930293438 30.500000000000004 74.568784612602045 0.71513932943344127 1.0000000180025095e-35 33.500000000000007 0.79059541225433361 0.7947663962841035 0.68873161077499401 0.68779003620147716 14.500000000000002 46.500000000000007
decision_type=2 2 2 2 2 2 2 2 2 2 2 2 2 2 2 2 2 2 2 2 2 2 2 2 2 2 2 2 2 2
left_child=1 6 7 4 5 16 -1 -3 9 10 -4 -12 -11 -14 -13 17 -2 18 -16 -19 -5 22 -22 -24 26 -26 27 28 -6 -28
right_child=3 2 8 20 24 -7 -8 -9 -10 12 11 14 13 -15 15 -17 -18 19 -20 -21 21 -23 23 -25 25 -27 29 -29 -30 -31
leaf_value=-0.050779321361854701 -0.046777487057927364 -0.039550132611987469 -0.012377979156691817 0.024878810258237721 0.033436446041839367 0.015420189870619688 -0.038379638629950946 -0.024156603687947351 -0.0069620559960963287 0.013804817770737034 -0.0815563699387689 -0.061632626163672745 -0.051982277563132478 0.015500339054004667 -0.073146717340803497 -0.070777195580854824 0.0014014525139858409 -0.075739338442796011 0.019716529647074946 -0.013585339956808773 0.03072334639300044 0.044780878857805295 -0.069022607970592759 0.014197052725235332 -0.024516297794961488 0.017045286817549771 0.02207626017654106 -0.027321018854082071 0.018096025232287455 0.033780367881898976
leaf_weight=583.98892278728454 11.206309363884428 195.52470062608245 1279.3423294908425 3334.7083793347265 143.08134599192999 1279.5672233456862 1065.4360702862677 3516.8086481369519 820.17843903756147 11.22861892354558 11.341170434810918 17.13901780017477 54.498722069809446 9.4356028824986407 4.531798054900718 11.609709415104588 434.70853767724657 9.075979300614561 33.770491806906648 37.304496365017258 71.798806847305968 126.39055291668046 5.3207127274945369 8.5452231261879188 33.682282569934614 168.0949836205109 1467.6125129195425 17.648624969646335 2121.7341966758795 263.54999314190354
leaf_count=682961 1651 65226 246698 11856 455 15684 1489395 894475 116294 1538 1754 5606 15337 1475 1166 4381 11608 3761 3219 9943 357 240 58 78 85 447 4187 68 9523 730
internal_value=0.000318684 -0.0249273 -0.0200319 0.0207046 0.017818 0.0114844 -0.0427698 -0.0249674 -0.0120639 -0.0148925 -0.0138867 -0.029356 -0.0336829 -0.042023 -0.0241368 -0.017463 0.000190665 -0.0101538 0.00872926 -0.025748 0.0255397 0.0359333 0.0228795 -0.0177365 0.0204105 0.0101075 0.0209285 0.0187065 0.0190652 0.0238581
internal_weight=17148.9 7661.21 6011.79 9487.65 5940.89 1725.48 1649.42 3712.33 2299.46 1479.28 1404.11 124.773 75.1629 63.9343 113.431 96.2925 445.915 84.6828 38.3023 46.3805 3546.76 212.055 85.6647 13.8659 4215.4 201.777 4013.63 2282.46 2264.82 1731.16
internal_count=3600256 3543229 1370873 57027 44438 28943 2172356 959701 411172 294878 276528 29830 18350 16812 28076 22470 13259 18089 4385 13704 12589 733 493 136 15495 532 14963 10046 9978 4917
is_linear=0
shrinkage=0.05


Tree=46
num_leaves=31
num_cat=0
split_feature=3 1 0 0 1 0 0 8 1 0 7 8 0 9 0 0 5 8 1 8 8 0 0 7 7 7 7 8 0 8
split_gain=3658.23 230.09 58.7575 50.8852 60.7466 23.2207 21.8399 18.7979 18.82 17.454 17.0316 16.6686 15.9299 15.6583 14.5668 14.0509 13.9641 13.905 13.9395 13.5305 13.0991 12.7785 15.1221 12.4168 12.3001 12.0035 30.5357 11.568 11.5154 21.2951
threshold=1.0000000180025095e-35 0.41471430659294134 48.289224414034841 39.451579069391308 0.38465785980224615 28.594956746732354 25.343876447845108 10.003863334655763 0.77989822626113903 21.688525392322848 5.995206594467164 7.1705040931701669 21.276942255695761 1.0000000180025095e-35 71.169067537874085 61.419888893899049 4.9815030097961435 9.6158390045166033 0.72739624977111828 11.925519466400148 7.6011524200439462 33.725280130776817 43.824611792500953 4.2555875778198251 4.8559212684631357 3.4175922870635991 2.8029010295867924 8.1609468460083026 28.982583284378055 8.9872593879699725
decision_type=2 2 2 2 2 2 2 2 2 2 2 2 2 2 2 2 2 2 2 2 2 2 2 2 2 2 2 2 2 2
left_child=1 6 5 4 9 16 -1 8 10 12 -4 -11 -2 15 -5 -10 -3 28 19 21 -17 25 -23 -15 -25 26 -19 -12 29 -7
right_child=3 2 7 14 -6 17 -8 -9 13 11 27 -13 -14 23 -16 20 -18 18 -20 -21 -22 22 -24 24 -26 -27 -28 -29 -30 -31
leaf_value=-0.048626505828118984 -0.0013263586485302431 -0.024572284279950347 -0.012903650840660627 0.024104972736020344 0.02080715602482909 -0.017546672856624184 -0.03702456581551599 0.010389993333889694 -0.044831619449295451 0.015106804872533477 0.017780022679348813 0.00099090992868700934 -0.075831866899642802 -0.032194609783781795 0.035366319684191266 -0.034895826022398435 -0.035398730698337037 -0.075399153939782582 0.0052935974550252611 -0.075773409855751803 0.0045871595509831857 0.0034077958003298071 -0.05242277425292291 0.055888690979658255 -0.0078651906021649284 -0.080167061080927651 0.032488743792644388 -0.085375023293166222 -0.023206119712464238 0.043943949247978072
leaf_weight=713.82706747987459 248.69605723324639 604.39714890222331 1205.9224482422578 4285.0149115051245 3729.2759287771732 65.694220477618728 939.48749195715709 83.199959888355806 110.79034200914612 738.6247823022004 62.544704793283017 291.73308747979172 7.3873435884670462 20.954788076771365 307.78563496237621 48.699278331769165 587.20743602359653 12.879725724582388 91.410167280228052 10.023696114265475 36.942311603197595 77.421057177140028 14.381438858850741 12.544577823791771 19.060800817373092 12.394017608181455 13.36306645227887 2.841254135943017 2718.3107281031444 17.920907808482298
leaf_count=844316 9199 173309 190544 15924 14786 14318 1337609 5468 45096 9011 5790 6880 535 6318 1003 16615 192575 3183 12259 2147 4352 8604 1827 1069 2621 2516 891 566 669102 870
internal_value=0.000643938 -0.0255704 -0.0209007 0.0210572 0.0175753 -0.0239932 -0.0420338 -0.0127516 -0.014018 0.00820658 -0.0115561 0.0111101 -0.00347565 -0.0265884 0.0248596 -0.0330743 -0.0299074 -0.0216702 -0.00990319 -0.0197929 -0.0178645 -0.0154911 -0.00533841 -0.0023487 0.0174395 -0.0396141 -0.0204617 0.0132976 -0.0226439 -0.00436763
internal_weight=17090.7 7482.22 5828.9 9608.52 5015.72 4225.4 1653.31 1603.5 1520.3 1286.44 1271.31 1030.36 256.083 248.992 4592.8 196.432 1191.6 3033.8 231.873 140.463 85.6416 130.439 91.8025 52.5602 31.6054 38.6368 26.2428 65.386 2801.93 83.6151
internal_count=3599303 3541965 1360040 57338 40411 1081601 2181925 278439 272971 25625 196900 15891 9734 76071 16927 66063 365884 715717 31427 19168 20967 17021 10431 10008 3690 6590 4074 6356 684290 15188
is_linear=0
shrinkage=0.05


Tree=47
num_leaves=31
num_cat=0
split_feature=3 1 1 9 11 1 7 5 11 12 5 7 12 7 5 12 12 5 1 1 12 5 1 12 7 11 5 1 7 12
split_gain=3173.52 240.76 38.5506 14.5095 16.364 18.6667 14.8456 13.7462 13.1649 12.566 12.465 22.6873 19.3493 12.0697 13.5398 14.6567 13.2248 26.6341 20.3927 15.5627 12.8789 22.1249 13.5132 12.3369 11.9867 17.7289 11.8348 11.5039 11.4661 11.3027
threshold=1.0000000180025095e-35 1.0000000180025095e-35 0.62120485305786144 1.0000000180025095e-35 30.500000000000004 0.57550552487373363 6.9260861873626718 4.9912312030792245 26.500000000000004 959.50000000000011 4.9062895774841317 3.0201274156570439 1205.5000000000002 3.9219243526458745 4.9298512935638437 4205.5000000000009 2225.5000000000005 4.9612662792205819 0.73692843317985546 0.78249466419219982 3015.5000000000005 4.8974883556365976 0.76154428720474254 1930.5000000000002 4.6681339740753183 22.500000000000004 4.9036273956298837 0.82523763179779064 3.9019216299057011 971.50000000000011
decision_type=2 2 2 2 2 2 2 2 2 2 2 2 2 2 2 2 2 2 2 2 2 2 2 2 2 2 2 2 2 2
left_child=1 -1 -2 6 24 -6 8 -8 -3 -9 11 12 29 28 15 20 23 19 -19 -18 21 -15 -23 -16 -5 -26 -22 -13 -10 -7
right_child=2 3 -4 4 5 10 7 9 13 -11 -12 27 -14 14 16 -17 17 18 -20 -21 26 22 -24 -25 25 -27 -28 -29 -30 -31
leaf_value=-0.04217485927452274 0.015195250464517612 -0.016770956440590894 0.021853827924881736 -0.0285588817250115 -0.031536139739354603 -0.0033634828939620946 -0.075850545760911992 0.069209503854067017 -0.024313236717537736 -0.069629076251466304 -0.0014575407974431022 -0.052824494857742245 -0.04671730037006222 -0.021058365335766594 -0.025001843525386619 -0.051159015678070421 -0.065920764723613232 0.0036914020796308174 -0.038971832295099595 0.022212062848520661 0.02206192443314639 0.0089254644803371374 -0.039741218395494507 -0.054447041954841749 -0.052222237741532451 0.017682475394665546 -0.046882519556727231 0.038178785370415309 -0.072059113425872165 0.049694825354039102
leaf_weight=1538.5156239773987 3480.0474449465673 1454.0371216450649 5790.9262917041342 231.71518588269464 80.252354793572522 24.335827307244472 22.017809569544628 3.6087404174031681 2270.2346326190409 2.9718499707232695 393.42911893723794 45.051452884355967 15.664701411849817 288.41890643152146 466.54119355498551 22.96200830089947 30.46354269519361 144.88230950975412 34.722366537134803 5.9946377301821476 46.451832947575895 122.38338092452614 16.145608616745449 38.508928034745622 12.325821026388438 34.337145401688758 7.1876247772161141 3.7627792841958572 12.644338269703438 17.083071882057993
leaf_count=2172307 39684 342949 17418 57709 13429 4100 6901 125 572954 826 56247 13111 4361 72208 112731 7951 10971 25239 10771 1143 7089 19897 5186 11338 2536 3568 2255 498 4144 831
internal_value=-0.000125878 -0.0245755 0.0193544 -0.0199455 -0.0139392 -0.00915349 -0.0209782 -0.0568994 -0.0207712 0.00650883 -0.00555613 -0.0207831 0.000617946 -0.0224294 -0.0184249 -0.0121335 -0.0228182 -0.0124658 -0.00455654 -0.0514295 -0.0102689 -0.0131701 0.00325334 -0.027247 -0.0239029 -0.000782553 0.0128234 -0.0458096 -0.0245777 0.0185202
internal_weight=16657.6 7386.65 9270.97 5848.13 857.957 579.579 4990.18 28.5984 4961.58 6.58059 499.327 105.898 57.0836 3507.54 1224.66 503.549 721.113 216.063 179.605 36.4582 480.587 426.948 138.529 505.05 278.378 46.663 53.6395 48.8142 2282.88 41.4189
internal_count=3600477 3543375 57102 1371068 156390 92577 1214678 7852 1206826 951 79148 22901 9292 863877 286779 114586 172193 48124 36010 12114 106635 97291 25083 124069 63813 6104 9344 13609 577098 4931
is_linear=0
shrinkage=0.05


Tree=48
num_leaves=31
num_cat=0
split_feature=3 1 0 0 0 1 0 0 0 12 6 5 7 12 0 12 5 1 7 12 0 11 1 12 0 7 12 7 12 12
split_gain=3148.34 222.812 82.1798 57.5621 30.8612 29.5899 26.5482 22.3072 20.4276 12.7149 12.9275 12.2968 15.8935 16.5995 20.5627 16.4273 18.9556 17.9183 15.4105 20.8342 15.6493 15.1496 25.3135 14.912 14.3152 14.6137 13.3889 12.8551 18.6533 22.9284
threshold=1.0000000180025095e-35 0.41471430659294134 43.5979521188383 31.180725687620001 25.343876447845108 0.38465785980224615 61.419888893899049 25.219624345434571 24.134268943809733 1658.5000000000002 1.0000000180025095e-35 4.9846243858337411 2.4414010047912602 3480.5000000000005 45.381685110362021 2961.5000000000005 4.9773013591766366 0.75676664710044872 4.7578821182250985 2324.5000000000005 45.140167352143187 39.500000000000007 0.59237363934516918 649.50000000000011 60.438021918220336 5.5816130638122567 1930.5000000000002 5.1676349639892587 1473.5000000000002 2225.5000000000005
decision_type=2 2 2 2 2 2 2 2 2 2 2 2 2 2 2 2 2 2 2 2 2 2 2 2 2 2 2 2 2 2
left_child=1 4 7 5 -1 8 -5 -3 -2 10 -9 12 -4 15 -15 16 21 -17 19 23 -20 27 -23 -13 -22 26 -26 -14 -29 -30
right_child=3 2 11 6 -6 -7 -8 9 -10 -11 -12 18 13 14 -16 17 -18 -19 20 -21 24 22 -24 -25 25 -27 -28 28 29 -31
leaf_value=-0.049811510977763866 -0.0031580590182730389 -0.033149786419332944 -0.0059681079441881776 0.020628763062833511 -0.035522792884954399 0.016690846638671427 0.030549627566563615 -0.026448545827452194 0.01233210408313251 -0.017981736353343974 -0.011203658883523447 -0.01673243660269708 -0.01728144373822578 0.013882915765162955 -0.065431972129237237 0.025239744707804837 -0.06086014195752662 -0.073296988498852078 -0.07600543401967147 -0.033536510815410404 0.017654153788583201 -0.084562832470141847 -0.023718195167975055 -0.0037978042254964597 -0.04670453351646172 -0.08253481046854598 0.038565111829721894 0.018868230199389741 -0.076619897033597339 0.015727643796388111
leaf_weight=662.60630681624025 381.8543654807836 677.5804332293701 261.51056388883444 5756.4248866504859 879.44621912777075 1847.9625511212344 763.81231958715944 1804.9753592257948 480.84960481388407 860.89314876158824 150.66879057137703 372.27784393556794 322.69994004243199 10.390525237569816 38.266663551272359 35.579114328735159 27.467563843398239 5.3009844817570402 5.5415462151649981 95.334503295840477 109.42190180835314 18.482973349295207 227.50030357557989 555.05919435730175 8.3719378944952094 7.4894665217725551 10.227476447937077 63.378843053142191 13.556336477049628 13.331358469848054
leaf_count=844185 12660 232920 44911 25954 1338242 8524 2534 492532 7417 190531 33138 82831 66278 1706 11177 3940 6346 2118 1804 21762 12073 2761 55940 83325 1490 1262 613 6779 2862 1620
internal_value=-0.000112609 -0.0248025 -0.0202375 0.0192452 -0.0416625 0.0131215 0.0217909 -0.0250046 0.00547577 -0.0230451 -0.025274 -0.0126703 -0.0166283 -0.020221 -0.0484946 -0.0183295 -0.0201633 0.0124623 -0.00914175 -0.0112786 0.0063511 -0.0184669 -0.02829 -0.00899039 0.00971897 -0.0235627 0.000183679 -0.0126158 0.00406388 -0.0308325
internal_weight=16468.3 7237.36 5695.31 9230.9 1542.05 2710.67 6520.24 3494.12 862.704 2816.54 1955.64 2201.19 1037.47 775.955 48.6572 727.297 686.417 40.8801 1163.72 1022.67 141.052 658.95 245.983 927.337 135.511 26.0889 18.5994 412.966 90.2665 26.8877
internal_count=3600235 3543146 1360719 57089 2182427 28601 28488 949121 20077 716201 525670 411598 206438 161527 12883 148644 142586 6058 205160 187918 17242 136240 58701 166156 15438 3365 2103 77539 11261 4482
is_linear=0
shrinkage=0.05


Tree=49
num_leaves=31
num_cat=0
split_feature=3 1 1 8 7 7 7 8 8 5 12 7 12 11 12 5 1 8 5 8 5 11 7 1 7 1 5 1 11 8
split_gain=2881.05 244.41 46.307 21.1066 15.9935 20.2728 15.1723 12.8707 11.6612 22.2911 13.2774 11.4531 11.2442 11.0837 11.92 10.5385 9.97391 15.3997 9.41684 8.97606 12.1113 14.4482 10.0587 18.8279 18.5406 19.5858 10.5654 11.3898 9.89181 9.55866
threshold=1.0000000180025095e-35 0.41471430659294134 0.44617865979671484 11.004941463470461 2.5249279737472539 3.7726949453353886 5.708768606185914 8.5174932479858416 11.61276960372925 4.95452904701233 1812.5000000000002 5.64367699623108 1217.5000000000002 12.500000000000002 122.50000000000001 4.9773013591766366 0.67146727442741405 11.001274108886721 4.6006991863250741 6.6864848136901864 4.8824295997619638 47.500000000000007 6.1147871017456064 0.59423714876174938 6.4060542583465585 0.4843269437551499 4.7824807167053232 0.78118044137954723 21.500000000000004 6.8040599822998056
decision_type=2 2 2 2 2 2 2 2 2 2 2 2 2 2 2 2 2 2 2 2 2 2 2 2 2 2 2 2 2 2
left_child=1 -1 -2 6 -5 -6 11 19 10 -10 -7 13 -4 14 18 -11 17 -14 -3 20 -8 28 23 -21 25 -24 -25 29 -22 -28
right_child=2 3 12 4 5 8 7 -9 9 15 -12 -13 16 -15 -16 -17 -18 -19 -20 22 21 -23 24 26 -26 -27 27 -29 -30 -31
leaf_value=-0.04143928914499985 0.012156569227894456 0.028295162223305394 0.022404882002476992 0.018096729162516315 -0.063563266788509307 0.037466037073092304 -0.0575347495514556 -0.061511402101011886 -0.073880204966547652 0.042261644384425388 -0.080869631250680418 -0.059877838171065359 0.015423546275159664 -0.019369838564351875 -0.043717658866685868 -0.071221053741901602 0.02078566125432435 -0.04037892991933234 -0.033865934648557715 -0.066666056322245357 -0.068699972882073621 -0.048286885796777673 0.063724980943297024 0.057321585391283139 0.00058770674417271283 -0.081003341321366079 0.060385565169174128 -0.077365657267090257 -0.0022868488622693052 0.0070664537589910613
leaf_weight=1489.9409271145432 2005.1874386851414 11.629882357141469 4223.4207194945047 67.347617790350341 17.009368992854434 21.579815899895042 15.520281898789106 11.366081656335153 11.873020743150848 10.679966619558398 2.662912780273472 17.810106768512924 1173.1825039457835 5094.2917180287404 88.652929793177464 2.5305094413051838 1734.620067271906 12.495291086263022 12.796524462508387 6.9181754989840547 5.8579272091737939 22.608442477154313 2.7849215211754226 14.888307242465087 63.410245510916866 14.554240318553637 10.005196311743928 3.4784965306607765 130.73676744267868 52.577321260461758
leaf_count=2182098 31878 1842 13200 4553 4276 1291 6346 3414 2899 758 591 5531 6282 1238653 32254 791 5729 86 4873 1522 1250 6795 108 700 7645 4538 362 1297 21704 6453
internal_value=0.000248081 -0.0234039 0.0188708 -0.0187007 0.000932863 -0.0164929 -0.0191711 -0.00916422 -0.00026137 -0.0241615 0.0244676 -0.0198504 0.0207554 -0.0197135 -0.0351965 0.0205237 0.0183698 0.0148355 -0.00426984 -0.0074313 -0.0153732 -0.011263 0.000798235 0.0125052 -0.0119407 -0.0577579 0.0192714 0.010696 -0.00513501 0.0155907
internal_weight=16352.4 7203.51 9148.91 5713.57 133.683 66.3356 5579.89 354.706 49.3262 25.0835 24.2427 5225.18 7143.72 5207.37 113.079 13.2105 2920.3 1185.68 24.4264 343.34 174.723 159.203 168.617 87.8675 80.7494 17.3392 80.9493 66.061 136.595 62.5825
internal_count=3599719 3542544 57175 1360446 15159 10606 1345287 62134 6330 4448 1882 1283153 25297 1277622 38969 1549 12097 6368 6715 58720 36095 29749 22625 10334 12291 4646 8812 8112 22954 6815
is_linear=0
shrinkage=0.05


Tree=50
num_leaves=31
num_cat=0
split_feature=3 1 0 0 1 0 0 0 0 0 12 1 7 1 12 1 11 7 0 11 1 11 1 11 0 0 12 11 7 7
split_gain=2826.61 211.341 74.3926 51.9744 41.0089 26.6955 25.2161 24.3108 18.546 16.3813 13.7688 13.4678 12.978 14.5079 16.5872 12.0862 22.1012 11.9639 12.2144 13.8192 25.9448 24.0158 15.5973 14.4788 13.3635 11.9341 18.7299 17.6278 15.8934 11.8599
threshold=1.0000000180025095e-35 0.41471430659294134 37.482618228146755 34.657991193911592 1.0000000180025095e-35 74.568784612602045 23.183382987976078 25.219624345434571 52.451335135971028 14.862609979994888 241.50000000000003 0.47620809078216558 5.5073599815368661 0.7635781764984132 3121.5000000000005 0.67146727442741405 13.500000000000002 4.79990577697754 30.23641028798011 47.500000000000007 0.69836860895156871 26.500000000000004 0.70259901881217968 19.500000000000004 31.050273856293646 37.996997195237789 1658.5000000000002 33.500000000000007 4.8559212684631357 5.4445774555206308
decision_type=2 2 2 2 2 2 2 2 2 2 2 2 2 2 2 2 2 2 2 2 2 2 2 2 2 2 2 2 2 2
left_child=1 6 7 4 9 -5 -1 -3 11 -2 -11 -4 13 14 -10 16 -6 -9 19 20 21 23 -21 -19 -20 26 27 -13 -28 -29
right_child=3 2 8 5 15 -7 -8 17 12 10 -12 25 -14 -15 -16 -17 -18 18 24 22 -22 -23 -24 -25 -26 -27 28 29 -30 -31
leaf_value=-0.050127700714885738 -0.028315452166853508 -0.034511175963869233 0.009482640508285704 0.020404664045232793 0.040300221583489657 0.038287991876058136 -0.036340844400383758 -0.025075900609388094 -0.0063131533482150299 0.019793012660290862 0.0035005806873796529 0.0013778543871013572 0.0062711632385956994 -0.022022661217109652 -0.041934758702476385 0.020572313432976091 0.012034408988174847 -0.087629646177366391 -0.072328046829229178 0.036556696194940973 0.01287018929605406 -0.05987491824371545 -0.081331941614685099 0.025444945720150602 -0.019427299430182163 -0.019093507790242617 0.034531426334275722 -0.072180197588547476 -0.076608881493281045 0.040835079922451722
leaf_weight=518.52745210993817 35.922055252929567 648.65668235313206 45.068806063791271 5306.9330917872285 73.131698054377921 217.22233420726843 920.26869536318736 1561.1977958497264 727.4952341071039 153.88693199536647 824.27783842991266 35.474063407269568 117.58769177920476 239.47219146248426 34.217308277628035 1137.5655513578386 1272.2496459602244 3.3735634235636125 12.911450316511035 29.112644775930676 54.105547626801126 36.498215704072209 3.1049724333279292 17.603631750374916 158.36993774908842 1793.963412703888 36.967864873920917 17.482863328321404 3.5233091576810684 2.6768061781913266
leaf_count=689037 2642 232597 2345 22601 272 737 1493373 431543 96646 1721 18164 7903 13737 69259 8036 3326 7688 1027 3959 3311 7122 10270 1153 1566 36467 420587 4195 6224 1244 428
internal_value=-0.000424901 -0.0242236 -0.0198171 0.0180883 0.0133183 0.0211079 -0.0413095 -0.026167 -0.0145671 0.00484592 0.00606374 -0.0175297 -0.00944257 -0.0112881 -0.00791333 0.0167786 0.0135709 -0.0232822 -0.0143948 -0.0036506 -0.0119795 -0.0353721 0.0251952 0.00726023 -0.023415 -0.0181738 -0.00101009 -0.0198392 0.0248606 -0.057174
internal_weight=16038.8 7017.66 5578.86 9021.19 3497.03 5524.16 1438.8 2524.93 3053.93 1014.09 978.165 1935.16 1118.77 1001.18 761.713 2482.95 1345.38 1876.28 315.08 143.799 111.581 57.4754 32.2176 20.9772 171.281 1890.09 96.1249 55.6337 40.4912 20.1597
internal_count=3599180 3542029 1359619 57151 33813 23338 2182410 729015 630604 22527 19885 442926 187678 173941 104682 11286 7960 496418 64875 24449 19985 12863 4464 2593 40426 440581 19994 14555 5439 6652
is_linear=0
shrinkage=0.05


Tree=51
num_leaves=31
num_cat=0
split_feature=3 1 1 8 7 7 8 12 11 12 8 1 7 1 5 5 5 8 5 12 8 1 1 7 1 1 1 5 1 8
split_gain=2690.43 206.433 64.4662 18.8125 15.2159 18.6292 13.1933 15.861 15.7582 21.4131 15.389 15.0913 17.3604 13.0159 11.4121 15.6265 11.2867 15.644 12.3269 13.8408 12.4911 10.9087 22.4419 10.8044 23.2819 19.3286 16.0947 12.5451 11.117 10.4945
threshold=1.0000000180025095e-35 1.0000000180025095e-35 0.53865098953247081 6.7906594276428232 5.708768606185914 5.5965666770935067 10.411811828613283 948.50000000000011 25.500000000000004 1949.5000000000002 11.512930393218996 0.56281793117523204 2.1383330821990971 0.53110077977180492 4.5720579624176034 4.9062895774841317 4.8752682209014901 6.2176032066345224 4.8891084194183358 1180.5000000000002 2.2499048709869389 0.66668468713760387 0.64529997110366832 5.9309172630310067 0.7425527572631837 0.72246322035789501 0.50332832336425792 4.9850831031799325 0.59423714876174938 7.8284282684326181
decision_type=2 2 2 2 2 2 2 2 2 2 2 2 2 2 2 2 2 2 2 2 2 2 2 2 2 2 2 2 2 2
left_child=1 -1 29 16 5 6 -5 13 11 21 -11 -9 -13 -8 -15 -16 17 -3 19 -18 -21 22 -10 28 25 26 -25 -26 -6 -2
right_child=2 3 -4 4 23 -7 7 8 9 10 -12 12 -14 14 15 -17 18 -19 -20 20 -22 -23 -24 24 27 -27 -28 -29 -30 -31
leaf_value=-0.040778010319522051 0.012407671828213071 -0.025217390651906813 0.020656114503070231 -0.01789464125531455 -0.061119211778034088 -0.069753625653673379 -0.083585124523177179 0.056133054409269259 -0.081292807293721597 -0.040564752707540598 0.019234719814589574 0.030886947678731132 -0.076772524833689793 0.044150698024974046 -0.076442704676499718 0.013911730814757994 -0.031836723990910983 -0.049500181857839332 -0.021005608719302352 -0.072652657809672436 0.034942892217681584 -0.08581444346936612 0.034315891459900931 0.035636551611829853 -0.081895455911585868 0.035871781933440955 -0.024156232022040522 -0.0097788833069307919 0.021405957538903037 0.0031587975616724664
leaf_weight=1344.2864668610164 1908.9512502227426 557.60161629574577 6743.9862488513645 2908.7967976855944 4.4147162740991908 16.878114040748187 3.2777614427250219 12.726033828395886 9.3177313990017883 18.078884098977142 26.570630002141115 8.2868657293438428 6.8313106108798811 26.665025830065133 5.4627180326351654 38.583772585647239 16.7561200238124 75.281741725273605 1642.2026201299632 2.9851224215235588 27.989704245715984 17.089190575286921 7.6394531395635559 13.767314498356425 15.434673225070584 27.27560949830513 61.660906062570575 9.8972738805750833 53.969427353542414 365.418370493775
leaf_count=2171358 26220 164316 22587 665033 1073 5259 482 221 1818 3815 2396 601 1805 1308 1496 4157 5414 29268 446118 1038 4641 3941 521 896 5758 1901 10626 1394 5885 8434
internal_value=0.000177174 -0.0231781 0.0182012 -0.0189649 -0.0165342 -0.0173668 -0.0170806 -0.00396476 -0.0163154 -0.0277536 -0.00497848 0.0160123 -0.0177601 0.0138194 0.0183345 0.00270583 -0.0224105 -0.0281058 -0.0202776 0.00477058 0.0245736 -0.0576217 -0.0292094 -0.0026597 -0.0107881 -0.000199124 -0.0132427 -0.0537193 0.0151658 0.0109217
internal_weight=15978.1 6959.73 9018.36 5615.44 3292.62 3106.2 3089.33 180.529 106.54 78.6959 44.6495 27.8442 15.1182 73.9893 70.7115 44.0465 2322.82 632.883 1689.93 47.7309 30.9748 34.0464 16.9572 186.42 128.036 102.704 75.4282 25.3319 58.3841 2274.37
internal_count=3599780 3542539 57241 1371181 720386 692853 687594 22561 15118 12491 6211 2627 2406 7443 6961 5653 650795 193584 457211 11093 5679 6280 2339 27533 20575 13423 11522 7152 6958 34654
is_linear=0
shrinkage=0.05


Tree=52
num_leaves=31
num_cat=0
split_feature=3 1 0 0 1 0 8 0 1 0 7 1 0 11 11 8 0 7 7 7 1 1 11 7 11 8 11 0 11 11
split_gain=2454.8 215.855 62.5125 44.9232 46.008 29.2808 16.9855 15.9972 12.1659 13.7781 16.6881 16.3879 11.8029 16.4591 18.728 13.2583 11.3518 18.2293 11.2487 12.1014 11.2736 12.4207 12.0411 15.3604 10.7865 14.9855 13.5327 10.697 11.1977 15.5484
threshold=1.0000000180025095e-35 0.41471430659294134 50.568872592870328 40.713683310226777 0.61508452892303478 26.024645240890099 11.437396049499513 19.548324149101976 0.78649020195007335 37.813417884444796 4.79990577697754 0.77989822626113903 30.23641028798011 47.500000000000007 45.500000000000007 10.092061519622805 40.133545795200924 3.1984648704528813 7.395414113998414 5.5816130638122567 0.74419632554054271 0.73176342248916637 35.500000000000007 6.1147871017456064 38.500000000000007 6.1601512432098398 16.500000000000004 57.246900822254254 48.500000000000007 22.500000000000004
decision_type=2 2 2 2 2 2 2 2 2 2 2 2 2 2 2 2 2 2 2 2 2 2 2 2 2 2 2 2 2 2
left_child=1 5 6 4 7 -1 8 -2 9 10 -3 12 13 14 -12 24 -6 -18 19 -11 21 22 23 -21 26 -26 -14 28 29 -5
right_child=3 2 -4 27 16 -7 -8 -9 -10 18 11 -13 15 -15 -16 -17 17 -19 -20 20 -22 -23 -24 -25 25 -27 -28 -29 -30 -31
leaf_value=-0.047926279002805834 -0.0028977936459797272 -0.024444842259114041 -0.0080714371287569052 0.026929892297024943 0.019586051098229459 -0.033164205137912191 0.0018665538213887404 0.01076343871581991 -0.031825983687682871 -0.015812886728499422 -0.010682835004756945 0.045999347326567464 0.0090311251543153826 0.016368067428046869 -0.073394702019614108 0.037569812234772536 0.021488534082215491 -0.023719775139695625 0.029092319310621007 -0.069756643024214443 -0.079075321228346013 0.017847643213305838 -0.058236438126009954 0.019416664007447872 -0.053502843343988075 -0.0057837667865724618 -0.05632004016321266 0.025996437482533857 0.028930528148993891 0.017119182538715291
leaf_weight=613.91763305144013 239.87867768615251 2042.7840599594201 1315.2720500241066 502.43419785823789 2615.4269670086505 741.8027372332017 82.822747601036099 2008.9030517177453 244.28031654703955 1368.2681934444299 165.892258075477 11.341678733311708 9.4462155383007467 53.770425970174983 12.82546465055202 7.8372587562771505 50.612756415415788 39.858861432148842 13.415785669203613 7.1823164508750805 12.750719676223524 12.185753199417375 30.938883275477565 14.739661090570733 22.099901492791105 64.379809539164853 49.084471274694806 1073.6857711546181 322.47802306232916 2058.3163520378512
leaf_count=888347 7842 610562 227579 1733 8911 1294301 11261 24735 94116 309518 35211 1187 1445 9165 4540 462 164 158 1309 1955 4941 1632 8606 1433 7382 12987 14634 3681 1215 8780
internal_value=0.000430408 -0.021966 -0.0175908 0.0177639 0.0145914 -0.039849 -0.0205535 0.00930619 -0.0210016 -0.0203235 -0.0226225 -0.0132378 -0.0149814 -0.00788601 -0.0151833 -0.0257737 0.0189837 0.00157122 -0.0164807 -0.0169035 -0.0360857 -0.0276587 -0.038149 -0.00979926 -0.0291972 -0.0179784 -0.0457731 0.0217363 0.0201499 0.0190441
internal_weight=15808.6 6897.04 5541.32 8911.59 4954.68 1355.72 4226.05 2248.78 4143.22 3898.94 2439.46 396.677 385.336 232.488 178.718 152.848 2705.9 90.4716 1459.48 1446.07 77.7973 65.0466 52.8609 21.922 145.01 86.4797 58.5307 3956.91 2883.23 2560.75
internal_count=3599792 3542573 1359925 57219 41810 2182648 1132346 32577 1121085 1026969 697575 87013 85826 48916 39751 36910 9233 322 329394 328085 18567 13626 11994 3388 36448 20369 16079 15409 11728 10513
is_linear=0
shrinkage=0.05


Tree=53
num_leaves=31
num_cat=0
split_feature=3 1 1 11 12 7 12 11 1 12 1 11 7 5 5 12 11 1 5 1 1 1 1 1 5 5 12 12 1 1
split_gain=2446.19 192.65 41.4038 15.9625 15.7831 15.6787 17.302 14.5538 22.5972 15.6934 16.1003 13.6135 13.1336 12.6848 20.044 11.4253 23.3053 14.1628 16.4072 13.5928 11.599 11.1283 10.9182 12.8454 10.3971 11.9635 11.317 10.539 10.3132 14.1311
threshold=1.0000000180025095e-35 1.0000000180025095e-35 0.57773616909980785 43.500000000000007 5557.5000000000009 4.49422311782837 4508.5000000000009 45.500000000000007 0.68685591220855724 691.50000000000011 0.64529997110366832 45.500000000000007 5.0968081951141366 4.3993008136749276 4.4997041225433358 140.50000000000003 29.500000000000004 0.7192974090576173 4.9259731769561776 0.76154428720474254 0.64286693930625927 0.64039209485054027 0.63513842225074779 0.59817656874656688 4.999742031097413 4.9952681064605722 305.50000000000006 623.50000000000011 0.81956934928894054 0.81474035978317272
decision_type=2 2 2 2 2 2 2 2 2 2 2 2 2 2 2 2 2 2 2 2 2 2 2 2 2 2 2 2 2 2
left_child=1 -1 11 4 -4 28 13 8 9 -5 22 -2 -10 -7 21 16 17 18 20 -19 -16 -15 23 -11 25 27 -26 -17 29 -3
right_child=2 5 3 7 -6 6 -8 -9 12 10 -12 -13 -14 14 15 24 -18 19 -20 -21 -22 -23 -24 -25 26 -27 -28 -29 -30 -31
leaf_value=-0.040149208774130363 0.014222039805209788 -0.020113054662755401 0.021065614227135241 0.016822124159294707 0.058713525601094635 -0.073523895488114679 -0.039447266244515389 0.017998689642238452 0.020126604256030821 0.014064534038079626 -0.049821103111012038 0.0055858851719198009 -0.019981827561100132 -0.079582153633813976 0.054108706234111785 -0.028065147720597497 -0.065627034053594754 0.065204575466360423 -0.085340782597540368 -0.076359279274650874 -0.091033459001664083 0.052665126295010245 0.02719831988416235 -0.045127267381182543 -0.072528567972249616 -0.058211826992525986 -0.00080280945309170687 -0.012699929092495194 -0.0060124770310142394 -0.065060313057362124
leaf_weight=1254.8916156537744 2037.7159620806106 4137.12571144506 4523.5908149083989 36.780772293743212 28.011156562948599 8.3446965694456576 60.853243959780229 1249.4213614498949 198.58649600998615 15.619626693543976 32.788193391403183 587.99205179891032 22.748554262332618 1.7583849766524533 7.7342819361074344 130.959485401243 7.9008095927129025 20.734589706033152 4.7977048479951909 1.8467041118565237 1.6745087378076275 16.682513612206094 17.393845930695534 22.182452704990283 5.6671669839270171 16.290500990282453 185.84972727375498 754.88802186615794 130.2074917757709 17.560949397549848
leaf_count=2170465 27720 1063316 14884 137 87 2942 17718 4261 627 88 214 8815 99 467 347 34126 3466 799 1281 828 469 1265 55 169 2230 4502 32325 156023 40112 9364
internal_value=0.000121838 -0.0224684 0.0175438 0.0197888 0.0212973 -0.0184422 -0.0134563 0.0154853 0.00641212 -0.0106046 -0.02207 0.0122881 0.0160043 -0.0120989 -0.0116558 -0.0124935 0.0122869 0.0290203 -0.0100929 0.0536274 0.0282773 0.040055 -0.00558497 -0.0206695 -0.013506 -0.0157523 -0.00292524 -0.0149714 -0.0198688 -0.020303
internal_weight=15538.6 6765.77 8772.83 6147.12 4551.6 5510.88 1225.98 1595.52 346.1 124.765 87.9841 2625.71 221.335 1165.13 1156.78 1138.34 44.6886 36.7878 14.2065 22.5813 9.40879 18.4409 55.1959 37.8021 1093.65 902.138 191.517 885.848 4284.89 4154.69
internal_count=3599201 3542045 57156 20621 14971 1371580 258788 5650 1389 663 526 36535 726 241070 238128 236396 7190 3724 2097 1627 816 1732 312 257 229206 194651 34555 190149 1112792 1072680
is_linear=0
shrinkage=0.05


Tree=54
num_leaves=31
num_cat=0
split_feature=3 1 0 0 1 0 0 0 8 0 1 0 5 5 5 8 1 1 1 12 8 0 1 1 12 12 0 5 5 0
split_gain=2405.56 190.74 55.4185 55.3957 42.84 31.8853 25.5309 24.8262 18.9774 14.6852 14.297 13.5379 14.4986 12.5369 15.8318 14.0389 12.4704 12.3931 12.3095 11.8115 11.5897 11.5858 20.2485 12.4569 11.1383 16.747 11.6849 17.8428 10.5161 10.4133
threshold=1.0000000180025095e-35 1.0000000180025095e-35 42.492732186608926 55.459719930293438 0.58845719695091259 27.276883840560917 29.186132404982349 24.00533894931505 10.411811828613283 74.568784612602045 0.83215004205703746 18.280841882871758 4.5025253295898446 4.9048523902893075 4.9907515048980722 6.908255100250245 0.51368334889411937 0.77753818035125744 0.68237715959548961 2860.5000000000005 1.0000000180025095e-35 41.332076951668576 0.70670554041862499 0.65093171596527111 1269.5000000000002 134.50000000000003 31.862916231155399 4.8244428634643564 4.7619838714599618 38.371809956661316
decision_type=2 2 2 2 2 2 2 2 2 2 2 2 2 2 2 2 2 2 2 2 2 2 2 2 2 2 2 2 2 2
left_child=1 6 4 5 7 20 -1 16 -7 -4 -5 -6 -13 15 -15 19 -2 21 29 24 -3 -16 23 -23 25 -14 27 -26 -21 -17
right_child=2 3 9 10 11 8 -8 -9 -10 -11 -12 12 13 14 17 18 -18 -19 -20 28 -22 22 -24 -25 26 -27 -28 -29 -30 -31
leaf_value=-0.046432772032739739 -0.0044175399693231112 -0.013087001104284091 0.021774153049566064 -0.0054164249309654926 0.042651087334914774 -0.018983176024944926 -0.031778311412700523 0.012133328413167117 -0.00060325024460849714 0.035493629057538625 -0.042123752672588201 0.026457774266153755 0.031151043901347333 0.025416671071372895 0.015147026289404992 0.011163002709611063 0.01367035491164085 0.029274983295062659 0.024421531864532817 -0.00083722439192435963 -0.030833594753114479 -0.0044708278464244628 0.018996093866108826 -0.069766472352645159 -0.04514541464938783 -0.010352648039578747 0.031526635631622557 0.030123862004584126 -0.072242058382653851 -0.026436925740364332
leaf_weight=682.79413242235205 420.29660008854262 104.10074281461129 3298.8541927831902 845.9129572970196 55.125411746092141 3568.1421101970118 526.30813263820346 1520.7722352729361 146.1934192528206 207.30608367442619 27.385257062778692 407.62795749257202 29.539754629600793 559.09208738328016 1344.392557548068 119.44413294675178 123.22679486077141 149.94481402316887 211.97295654084883 10.921504762023689 791.39175434804201 14.516446272260511 35.16086865356192 14.702206236310301 15.141450105234982 137.16966842790134 60.531251066830009 16.403072500717826 9.7680423976853472 21.770568627980538
leaf_count=1122932 13486 29871 12743 128338 203 893407 1048617 17769 17794 766 12139 1443 60 2063 4846 548 894 377 676 45 289826 60 108 86 93 539 201 65 80 112
internal_value=0.000506076 -0.022078 0.0177128 -0.0181141 0.0144756 -0.0203016 -0.0400539 0.00885528 -0.0182598 0.0225853 -0.00656751 0.0180864 0.0176576 0.0163534 0.0181984 0.0101772 -0.00031668 0.0156093 0.0168027 0.00180417 -0.0287706 0.0141548 -0.00656579 -0.0373262 0.00471058 -0.00299848 0.0186684 -0.00600558 -0.0345492 0.00536636
internal_weight=15475.9 6692.23 8783.68 5483.13 5277.52 4609.83 1209.1 2064.3 3714.34 3506.16 873.298 3213.22 3158.1 2750.47 2117.81 632.662 543.523 1558.72 353.188 279.475 895.492 1408.77 64.3795 29.2187 258.785 166.709 92.0758 31.5445 20.6895 141.215
internal_count=3600187 3542924 57263 1371375 43754 1230898 2171549 32149 911201 13509 140477 11605 11402 9959 7540 2419 14380 5477 1336 1083 319697 5100 254 146 958 599 359 158 125 660
is_linear=0
shrinkage=0.05


Tree=55
num_leaves=31
num_cat=0
split_feature=3 1 1 0 0 0 0 0 0 7 0 11 7 11 9 11 11 7 7 7 7 0 1 11 1 0 0 11 0 0
split_gain=2251.5 171.756 64.9196 57.6028 42.1694 26.6176 19.6036 16.4211 14.9503 14.2718 11.4004 11.225 10.7923 10.6991 11.3571 17.5803 10.9251 11.1052 12.6704 10.3616 10.9396 9.72832 9.71131 9.55359 9.43658 18.4264 11.3416 9.33504 9.11265 8.50114
threshold=1.0000000180025095e-35 1.0000000180025095e-35 0.57773616909980785 40.562259508784344 35.082134247200891 25.343876447845108 48.854631101734419 56.62229317903985 19.214056814547806 6.9260861873626718 25.219624345434571 21.500000000000004 3.4811217784881596 30.500000000000004 1.0000000180025095e-35 33.500000000000007 38.500000000000007 3.2384861707687382 7.2737860679626474 4.0342013835906991 1.7005987167358401 58.677237779193099 0.80469611287117015 13.500000000000002 0.59045517444610607 59.527770420558234 58.677237779193099 61.500000000000007 80.345281651647397 57.246900822254254
decision_type=2 2 2 2 2 2 2 2 2 2 2 2 2 2 2 2 2 2 2 2 2 2 2 2 2 2 2 2 2 2
left_child=1 5 4 10 8 -1 9 -5 -2 -4 -3 -6 -7 23 15 -15 22 21 -19 20 -17 -18 -16 -9 25 26 -25 -13 -23 -21
right_child=2 3 6 7 11 12 -8 13 -10 -11 -12 27 -14 14 16 19 17 18 -20 29 -22 28 -24 24 -26 -27 -28 -29 -30 -31
leaf_value=-0.048677619462931226 -0.0087484293487779096 -0.029459024799166039 0.016976759759354428 -0.016035659879223611 0.029804403354785399 -0.038934692940631191 0.023465476797451913 -0.07408034840780689 0.0060852454603672248 0.046562208546758355 -0.021955838517226475 0.015573576710625212 -0.026103518190340947 -0.053934831782440934 0.024262402928455051 -0.0030885716553535236 -0.093617522653293969 -0.053672432737469605 0.022878453586391415 0.038028119664935606 -0.027095454271202815 0.020435522617815997 -0.068839543946103657 -0.091651553766584487 0.0039214762692200127 -0.095921048697941672 0.061672756067377911 -0.032898754074404811 -0.081041147846172695 -0.0059600123539006768
leaf_weight=502.53625944574833 196.20341624216235 655.41496112388995 4128.4996834631238 1697.1961700212014 149.47031028465426 383.61782796926491 1839.3804638030851 4.2113165772752827 1265.1049557668412 41.169065978610888 2224.4574727531108 935.28119699028321 286.09405040789989 27.893904521806689 49.559036305799964 69.18712631156086 2.264670808450318 21.815713375377531 7.1859473278746 11.986275433388071 151.06721424400894 31.847914384285104 2.9686989800102301 1.6231175833090654 257.98424450944003 6.895283850528358 4.6948157023871318 10.039337297843302 2.377497121851774 131.30678083161911
leaf_count=837529 7331 240147 14987 390377 1138 782546 5397 1741 19439 110 616205 8489 551496 9307 2590 10221 497 3526 540 1380 32224 1860 992 235 35680 756 67 87 425 22584
internal_value=-0.000537205 -0.0226426 0.0163266 -0.0188523 0.00965231 -0.0399799 0.0191657 -0.01327 0.00409359 0.0172689 -0.0236634 0.017072 -0.0334533 -0.00728958 -0.0115818 -0.0156809 0.00201407 -0.01161 -0.0347049 -0.0127458 -0.0195543 0.00674542 0.0190006 0.000650239 0.0018107 -0.0394016 0.0222828 0.0150588 0.0133864 -0.00228046
internal_weight=15099.3 6534.19 8565.15 5361.94 2556.1 1172.25 6009.05 2482.07 1461.31 4169.67 2879.87 1094.79 669.712 784.87 509.461 391.441 118.019 65.4917 29.0017 363.547 220.254 36.4901 52.5277 275.409 271.197 13.2132 6.31793 945.321 34.2254 143.293
internal_count=3599903 3542925 56978 1371354 36484 2171571 20494 515002 26770 15097 856352 9714 1334042 124625 86146 75716 10430 6848 4066 66409 42445 2782 3582 38479 36738 1058 302 8576 2285 23964
is_linear=0
shrinkage=0.05


Tree=56
num_leaves=31
num_cat=0
split_feature=3 1 0 0 1 0 0 0 7 7 5 5 12 7 0 0 5 5 0 7 12 7 5 11 7 0 12 12 12 5
split_gain=2128.25 168.486 72.8177 58.5161 44.4351 27.8741 25.4877 16.584 15.6134 28.1648 15.6677 26.4536 16.2982 15.5321 16.3155 15.5886 15.353 15.2171 14.8536 14.7284 14.2947 14.1439 13.2369 12.7116 13.011 19.3235 12.5115 12.3161 11.5975 11.2751
threshold=1.0000000180025095e-35 0.43326406180858618 34.50640341816689 32.155248604922242 1.0000000180025095e-35 57.246900822254254 23.183382987976078 20.336688995361332 5.6716020107269296 5.3636341094970712 4.9298512935638437 4.9287126064300546 359.50000000000006 6.0741951465606698 29.966725349426273 27.724090004179747 4.962994098663331 4.9515109062194833 74.568784612602045 5.2806591987609872 333.50000000000006 4.1190040111541757 4.9558122158050546 9.5000000000000018 4.6200466156005868 29.186132404982349 416.50000000000006 971.50000000000011 489.50000000000006 4.9131042957305917
decision_type=2 2 2 2 2 2 2 2 2 2 2 2 2 2 2 2 2 2 2 2 2 2 2 2 2 2 2 2 2 2
left_child=1 6 4 8 7 -5 -1 -2 9 10 11 12 23 14 15 16 29 -12 -4 22 21 -6 -19 -3 -25 -26 -7 -17 -28 -10
right_child=2 3 18 5 20 26 -8 -9 13 -11 17 -13 -14 -15 -16 27 -18 19 -20 -21 -22 -23 -24 24 25 -27 28 -29 -30 -31
leaf_value=-0.047844325351207702 -0.012349694422782671 0.017376320177426029 0.019574486823512524 -0.016422032217662065 0.017970511343552827 0.0056347949419245456 -0.032837333590201287 0.0046288662082747192 -0.074597202363714005 -0.078273200739065754 -0.063090170054895187 0.058745932379430668 -0.016837076230114597 -0.027891008551583649 -0.076381639660178802 -0.089998776596970045 -0.077489974302174136 0.018023254875934213 0.03347798277052013 0.021964543437531445 0.01212314856423323 0.040376103621878615 -0.030888423355712805 -0.045248057227921606 -0.084439721236792276 0.056769509805963105 -0.050147005827862856 0.047438776024038537 -0.0080693505341976821 0.037535710642189683
leaf_weight=442.65230310354491 176.9710397728486 10.247507677282554 5023.9590273633221 2935.9617638342734 468.0941761818176 185.64009280666505 784.12633323407681 767.83155314635587 2.8176997728878659 26.335096025919484 34.394821155769023 10.478678368839608 461.39406491569753 49.222454973540152 4.959322594702825 1.7218092953553412 6.7344280779943793 14.081558658232096 199.7354860904743 13.860615061894348 1775.3252120094276 82.912251514615491 782.22070083439758 119.81517840855668 3.5720437428244605 7.5294480075826868 16.879612533419277 30.587644486891804 548.55889838498479 10.968106880143749
leaf_count=692117 8059 2205 22771 730627 1460 30752 1495900 14417 1424 9935 15166 666 130872 12558 1686 432 2421 2906 748 1928 9620 236 276036 44901 1446 453 3964 1349 81620 1394
internal_value=-3.80367e-05 -0.021561 0.0164428 -0.0176815 0.0105929 -0.0142232 -0.0382522 0.00144861 -0.0256961 -0.0270263 -0.0261004 -0.0200159 -0.0213856 -0.00725093 0.0103295 0.0184694 -0.0156113 -0.0305169 0.0201061 -0.0291341 0.0143067 0.021342 -0.0300235 -0.0362523 -0.04045 0.0113337 -0.00562782 0.0401146 -0.00932546 0.0146167
internal_weight=14999.6 6504.76 8494.83 5277.98 3271.13 3687.04 1226.78 944.803 1590.94 1483.93 1457.59 613.037 602.558 107.011 57.789 52.8297 20.5202 844.558 5223.69 810.163 2326.33 551.006 796.302 141.164 130.917 11.1015 751.079 32.3095 565.439 13.7858
internal_count=3600069 3542758 57311 1354741 33792 846963 2188017 22476 507778 486514 476579 180543 179877 21264 8706 7020 5239 296036 23519 280870 11316 1696 278942 49005 46800 1899 116336 1781 85584 2818
is_linear=0
shrinkage=0.05


Tree=57
num_leaves=31
num_cat=0
split_feature=3 1 0 0 1 0 0 0 8 7 11 1 7 0 11 0 0 0 1 11 11 7 5 8 1 0 1 1 12 5
split_gain=2007.48 177.705 62.7107 62.2931 51.5857 26.0907 22.7529 18.8097 22.0955 17.44 14.4672 14.8678 17.2776 13.998 13.0883 14.0352 12.5845 12.5071 14.3628 18.2953 12.4009 12.3194 17.9064 27.7878 20.6674 14.3836 13.2841 11.5497 11.541 15.6482
threshold=1.0000000180025095e-35 0.43326406180858618 37.482618228146755 41.175623627186731 0.43326406180858618 29.558571992052752 29.186132404982349 53.833591192465981 11.437396049499513 6.6739296913146982 26.500000000000004 0.64039209485054027 4.5798392295837411 42.074552869933548 37.500000000000007 38.555312328462612 49.498687744351635 38.172812655546302 0.73342257738113414 25.500000000000004 47.500000000000007 2.0126758217811589 4.5720579624176034 6.2156071662902841 0.7417249083518983 32.914869347496285 0.73931056261062633 0.82219353318214428 1108.5000000000002 4.7859206199646005
decision_type=2 2 2 2 2 2 2 2 2 2 2 2 2 2 2 2 2 2 2 2 2 2 2 2 2 2 2 2 2 2
left_child=1 5 21 4 6 -1 -2 8 9 10 11 12 28 17 15 -10 -17 18 19 -13 -11 -3 23 27 25 26 -25 -23 -4 -30
right_child=3 2 7 -5 -6 -7 -8 -9 14 20 -12 13 -14 -15 -16 16 -18 -19 -20 -21 -22 22 -24 24 -26 -27 -28 -29 29 -31
leaf_value=-0.044998473758048885 -0.0024629455586051381 -0.029666075634057196 -0.003299193493611604 0.02076180298270297 0.015304026073781209 -0.02995257069701019 0.01067933594493798 -0.0066815260487160149 0.056415294002539598 0.019905179689762985 -0.019772781957687335 -0.079176524950216071 -0.079758107217102303 -0.0085096847237039683 0.032233905954734292 -0.085997017809034071 0.010509052515833259 -0.03795055940918203 0.031085420565914887 0.051157545349846283 -0.077150218809274529 -0.05935995369144656 -0.022781243930403157 0.016119498230521678 -0.069092513299283134 -0.027185951151742632 0.088890759459238772 0.078770605250650924 -0.076801402317767428 0.03673990351052088
leaf_weight=692.39980365589327 702.64257934875059 589.97208717890317 70.947931206181238 3661.326679277845 3465.8243161171122 493.48580088450217 619.8688932444129 962.40876150155236 4.6086271302192499 46.337121134587505 1305.8006024143942 8.9228235894261179 5.6994526676353408 282.12364955930389 38.200434360289364 7.8346769105337426 5.9385544011020102 91.380663980795362 16.162861643515498 3.8561819564056341 3.542821161041501 24.043434637940667 1591.5314644095379 76.489094436088635 8.2234522727485437 18.014211024597898 6.8312928295781594 1.6149671118473623 3.2639383542409623 43.1832624883682
leaf_count=1162071 18582 199121 9646 14792 15502 1026299 8308 164136 271 4795 331274 3121 1518 68197 2078 1801 331 35908 3316 238 1283 10724 491264 14338 3844 4495 132 50 826 2509
internal_value=-0.000149332 -0.0212663 -0.0172948 0.0158522 0.0120982 -0.0387374 0.00369692 -0.0123953 -0.015233 -0.016159 -0.0169535 -0.00994838 0.00525795 -0.0145995 0.0155525 -0.0191141 -0.0443868 -0.0288784 -0.000234125 -0.039847 0.0130116 -0.0234284 -0.0212971 -0.00382877 0.00714044 0.0133269 0.0220859 -0.0506659 0.00938542 0.0287611
internal_weight=14852.5 6402.82 5216.93 8449.66 4788.34 1185.89 1322.51 2900.21 1937.8 1881.22 1831.34 525.541 123.095 402.446 56.5823 18.3819 13.7732 120.323 28.9419 12.779 49.8799 2316.72 1726.75 135.216 109.558 101.335 83.3204 25.6584 117.395 46.4472
internal_count=3600770 3543586 1355216 57184 42392 2188370 26890 631248 467112 462631 456553 125279 14499 110780 4481 2403 2132 42583 6675 3359 6078 723968 524847 33583 22809 18965 14470 10774 12981 3335
is_linear=0
shrinkage=0.05


Tree=58
num_leaves=31
num_cat=0
split_feature=3 1 1 8 11 6 12 1 1 11 9 1 12 10 8 8 12 11 12 1 1 11 1 11 11 8 11 8 11 12
split_gain=2019.77 151.677 70.1294 11.3402 10.4726 11.4155 10.7816 9.29652 8.93308 15.9585 14.1913 19.3807 11.8503 13.6842 11.7092 10.8541 17.0614 10.8056 28.4984 10.3703 10.5422 9.50748 9.52114 13.661 10.0878 9.74737 11.0904 9.32114 10.4822 12.6623
threshold=1.0000000180025095e-35 1.0000000180025095e-35 0.43326406180858618 11.004941463470461 42.500000000000007 1.0000000180025095e-35 632.50000000000011 0.85659196972846996 0.67051365971565258 13.500000000000002 1.0000000180025095e-35 0.67341417074203502 533.50000000000011 1.0000000180025095e-35 7.0492546558380136 8.4817600250244158 431.50000000000006 30.500000000000004 896.50000000000011 0.68873161077499401 0.68506747484207164 42.500000000000007 0.75295239686965953 40.500000000000007 37.500000000000007 7.0904934406280526 36.500000000000007 1.0000000180025095e-35 18.500000000000004 152.50000000000003
decision_type=2 2 2 2 2 2 2 2 2 2 2 2 2 2 2 2 2 2 2 2 2 2 2 2 2 2 2 2 2 2
left_child=1 -1 -2 8 -5 6 -6 -4 12 -10 17 14 13 15 -12 27 -17 -11 21 20 -13 22 23 25 -24 26 -19 28 -3 -30
right_child=2 3 7 4 5 -7 -8 -9 9 10 11 19 -14 -15 -16 16 -18 18 -20 -21 -22 -23 24 -25 -26 -27 -28 -29 29 -31
leaf_value=-0.037831353110296138 0.0078871295604482205 0.030185630438895703 0.018876483814439678 0.0064796200439747476 0.014140284743406471 0.021212837648615895 -0.070464853469293778 0.047734233026602679 -0.039599070495980715 -0.012535264388395542 0.056004426857871097 -0.020622103773805744 -0.022268109151061352 -0.058588700584666344 -0.077434952676734739 0.0082021612989958571 -0.056617430876856334 -0.051692637911615526 -0.014414312201177885 -0.0065158224289827262 -0.083989392811314734 -0.021128099916913716 -0.064083509484488307 -0.067056417730382109 -0.029373575026073562 -0.011530208771166835 -0.01610613600818429 -0.018661403654885316 -0.053871642497047435 0.001858757483356694
leaf_weight=1075.6314078230225 1806.0519554190869 20.988168992749706 6618.0755825363394 89.546237376278441 5.04701701459999 8.1729856071178819 14.830867466953348 28.026634155394277 68.26512976095546 937.39906209800392 16.79934034354665 36.695266108959913 1596.2212590231138 17.077324905461865 1.8223192596633442 95.680770144092094 11.356737367204913 48.943561615378712 934.27323152392637 386.47079951429987 7.9933715144215958 196.85732820500562 49.313418502853892 21.180588324379642 36.372513960348442 77.956643620691466 39.613611839315126 480.05570574722151 13.29585171981307 43.663539559347555
leaf_count=2171809 31679 2898 25491 10224 430 489 3993 73 31094 262983 1024 6650 363173 5677 562 12644 2929 23199 257136 81589 2104 71553 27406 10093 16667 20458 14626 129541 4263 7767
internal_value=0.000628386 -0.0207246 0.016624 -0.0172237 -0.00187157 -0.0285309 -0.0489835 0.0189982 -0.0175751 -0.0157143 -0.0151302 -0.00699572 -0.0199108 -0.0143946 0.042946 -0.0132598 0.00132477 -0.0166925 -0.0194672 -0.00915269 -0.0319565 -0.0295063 -0.0355394 -0.0292347 -0.0493496 -0.0244238 -0.035774 -0.0160574 -2.01203e-05 -0.0111502
internal_weight=14783.7 6331.52 8452.15 5255.89 117.597 28.0509 19.8779 6646.1 5138.3 2859.96 2791.69 449.781 2278.34 682.118 18.6217 665.041 107.038 2341.91 1404.51 431.159 44.6886 470.238 273.38 187.694 85.6859 166.514 88.5572 558.003 77.9476 56.9594
internal_count=3600224 3542981 57243 1371172 15136 4912 4423 25564 1356036 827144 796050 91929 528892 165719 1586 160042 15573 704121 441138 90343 8754 184002 112449 68376 44073 58283 37825 144469 14928 12030
is_linear=0
shrinkage=0.05


Tree=59
num_leaves=31
num_cat=0
split_feature=3 1 0 1 0 0 0 0 0 0 8 12 12 8 11 8 0 8 12 12 1 0 12 11 11 1 12 9 11 11
split_gain=1820.58 165.852 68.4512 47.6819 47.3437 25.3021 20.1199 18.487 14.0876 13.2614 11.9806 11.1931 21.1546 30.5826 10.8776 11.6439 10.0115 9.23606 9.13779 16.8652 16.197 10.8059 11.2611 9.42497 12.8193 8.88332 8.60107 13.3735 14.937 12.8243
threshold=1.0000000180025095e-35 0.38465785980224615 40.713683310226777 0.52732771635055553 31.180725687620001 23.183382987976078 26.418142547787287 49.498687744351635 19.548324149101976 66.728939531269148 11.09481191635132 848.50000000000011 867.50000000000011 8.0065340995788592 28.500000000000004 11.503384590148928 49.153644741651085 6.7469995021820077 105.50000000000001 190.50000000000003 0.73342257738113414 50.207461661484565 170.50000000000003 23.500000000000004 27.500000000000004 0.59423714876174938 359.50000000000006 1.0000000180025095e-35 38.500000000000007 30.500000000000004
decision_type=2 2 2 2 2 2 2 2 2 2 2 2 2 2 2 2 2 2 2 2 2 2 2 2 2 2 2 2 2 2
left_child=1 5 3 6 8 -1 -2 10 -3 -4 11 26 13 16 15 -12 -13 -5 20 21 25 22 -20 -22 -25 -9 29 -28 -29 -6
right_child=2 4 9 17 7 -7 -8 18 -10 -11 14 12 -14 -15 -16 -17 -18 -19 19 -21 23 -23 -24 24 -26 -27 27 28 -30 -31
leaf_value=-0.048912792685185946 -0.0036469630213891943 -0.039390325831891643 0.019143230665165364 0.017651278334422333 -0.0097395676822851097 -0.032841300067754313 0.0083348293277884823 -0.070601154245085729 -0.022960664510626883 0.028490797671649415 0.020784916738195602 -0.065342093107745636 -0.015361179156382465 0.053249031190720303 0.014949968216002195 -0.076022959310362334 0.061253271056936801 0.012154754377187799 -0.067056802945718544 -0.0091630893056413223 -0.073474899975336988 -0.048274640681564701 0.092425385361255719 0.030045628648682449 -0.039664848287650586 0.03026797686390861 -0.030029149173085298 -0.025973092339188687 0.019073623260445777 -0.026510568431935552
leaf_weight=383.14766877222519 573.92359273805778 144.91924866658883 3249.4846181512403 1374.5109871221102 276.21344549512651 678.70901379338557 899.47368294675834 2.2915737095609066 1308.829189377182 429.59366977820173 5.2524165772192628 9.646013556310205 1354.9306131675221 25.659432996042597 51.530483487047604 7.601210940265446 1.8634213768818888 1721.4800955167448 1.7860434722533671 1205.4854700284395 6.5881036299833786 41.123585180292139 2.9107643941242713 12.532585659399048 13.91965999889362 45.951504910684889 386.28008758851138 43.742890710040228 31.766702902001271 194.08007104078206
leaf_count=686049 16686 60932 13687 5387 85880 1491167 12221 345 417157 1555 278 3697 320856 1242 5088 2119 64 7638 801 218880 3720 13741 215 2315 5974 4845 128938 13229 4700 70443
internal_value=-0.000255067 -0.0206405 0.0151586 0.0110715 -0.016947 -0.0386403 0.00366763 -0.0139578 -0.0245985 0.0202347 -0.0165902 -0.0171795 -0.0143403 0.0228737 0.00468568 -0.0364641 -0.0448458 0.014595 -0.00923953 -0.0102948 0.0070056 -0.0400687 0.0317795 -0.0199644 -0.00663731 0.0254766 -0.02142 -0.0262671 -0.00702205 -0.0166606
internal_weight=14485.2 6236.76 8248.47 4569.39 5174.9 1061.86 1473.4 3721.16 1453.75 3679.08 2388.57 2324.18 1392.1 37.1689 64.3841 12.8536 11.5094 3095.99 1332.59 1251.31 81.2834 45.8204 4.69681 33.0403 26.4522 48.2431 932.083 461.79 75.5096 470.294
internal_count=3599849 3542675 57174 41932 1365459 2177216 28907 887370 478089 15242 636534 629049 325859 5003 7485 2397 3761 13025 250836 233637 17199 14757 1016 12009 8289 5190 303190 146867 17929 156323
is_linear=0
shrinkage=0.05


Tree=60
num_leaves=31
num_cat=0
split_feature=3 2 2 8 8 5 7 5 12 5 7 7 7 5 12 12 12 7 5 12 5 5 7 5 7 5 5 5 12 8
split_gain=1724.77 153.307 51.6157 16.2083 16.108 17.113 13.1619 19.1829 13.1447 11.7286 10.0411 8.19347 11.7368 12.0771 9.4723 8.93167 16.4033 12.947 13.8903 15.4465 12.1049 10.6788 10.4046 9.82044 10.3265 9.41158 9.19152 8.8456 8.63465 9.72826
threshold=1.0000000180025095e-35 1.0000000180025095e-35 1.0000000180025095e-35 7.868434190750123 10.411811828613283 4.7334287166595468 4.5485858917236337 4.5456030368804941 4079.5000000000005 4.3356165885925302 4.5163240432739267 6.9260861873626718 7.6417605876922616 4.9773013591766366 5487.5000000000009 858.50000000000011 196.50000000000003 6.6187381744384775 4.9036273956298837 541.50000000000011 4.9886684417724618 4.8503038883209237 6.729224920272828 4.7761714458465585 5.8930234909057626 4.6232826709747323 4.7859206199646005 4.994715929031373 438.50000000000006 6.960343837738038
decision_type=2 2 2 2 2 2 2 2 2 2 2 2 2 2 2 2 2 2 2 2 2 2 2 2 2 2 2 2 2 2
left_child=1 -1 3 -2 6 -6 10 9 -5 -8 -3 14 -13 -14 15 16 20 18 19 -18 21 -9 -19 24 25 -17 -25 -16 29 -20
right_child=2 4 -4 8 5 -7 7 11 -10 -11 -12 12 13 -15 27 23 17 22 28 -21 -22 -23 -24 26 -26 -27 -28 -29 -30 -31
leaf_value=-0.037294284773914867 0.0096723784846866352 -0.017734521909957626 0.017478359141180976 -0.0026228532490194835 0.017718938523921812 -0.013262667134814554 -0.038718071827316958 -0.07298333019679136 -0.081725480616745033 0.034753007727216227 -0.055830161269431515 -0.057138887398038352 0.018819560417724247 -0.06838214681448973 -0.068486510507791268 -0.0019530915195442563 -0.046292531320192856 0.059707252474481332 -0.0093373733835453842 0.014919967838459738 -0.067847673283712828 0.021537405404225014 -0.094690718314612052 0.037995023039690982 0.010343912827951426 -0.065150089715261955 -0.0080682941532934996 0.012249555713015375 -0.048237163558273358 -0.060224246745435576
leaf_weight=1010.9428093769729 1478.5041035404174 3906.621531970497 6499.7902504093272 231.40000530464749 70.890546636503132 120.05531708364288 6.508658315637148 3.2289540787896831 5.3737796238274305 32.835361128178192 17.37385516687209 24.506127057557023 14.307807750345093 5.4957079626619807 13.395100792226005 8.1146967594686448 15.632127841439795 6.8180115793074929 38.278145185176982 30.247703198689123 4.9768491110298774 40.076049036906625 1.2990382725110974 11.000706947772413 10.273118921337298 21.501153344288468 696.69755829284622 4.5432815322856177 79.326010182910977 12.445913848023336
leaf_count=2172863 23816 1098175 26012 7021 6456 18350 2420 1481 359 3492 7532 7208 1900 1735 5351 1819 6614 157 10125 6299 2303 6177 356 1424 2084 8063 140371 847 25717 4215
internal_value=0.000412187 -0.0194793 0.0154424 0.00772735 -0.0160134 -0.00176044 -0.0165572 -0.0116734 -0.00441815 0.0225987 -0.0179032 -0.0129672 -0.034006 -0.00537994 -0.012033 -0.0113739 -0.0199368 -0.0267416 -0.0295901 -0.00593629 0.00600239 0.0144896 0.0349977 -0.0087128 -0.0328509 -0.0478342 -0.00735227 -0.0480384 -0.0379348 -0.0218232
internal_weight=14422.5 6207.39 8215.07 1715.28 5196.45 190.946 5005.5 1081.51 236.774 39.344 3924 1042.16 44.3096 19.8035 997.854 979.916 232.329 184.047 175.93 45.8798 48.2819 43.305 8.11705 747.587 39.889 29.6159 707.698 17.9384 130.05 50.7241
internal_count=3600742 3543534 57208 31196 1370671 24806 1345865 240158 7380 5912 1105707 234246 10843 3635 223403 217205 63444 53483 52970 12913 9961 7658 513 153761 11966 9882 141795 6198 40057 14340
is_linear=0
shrinkage=0.05


Tree=61
num_leaves=31
num_cat=0
split_feature=0 2 0 0 0 0 7 7 7 8 8 0 8 12 11 12 0 8 12 7 12 7 12 11 11 8 0 0 11 8
split_gain=225.684 102.82 43.8788 35.0095 18.8152 13.741 13.114 11.8546 12.005 14.3854 12.7335 11.2573 10.9614 13.1991 14.3736 10.5942 9.01358 11.3969 13.2275 13.6013 12.6516 10.2883 10.0583 26.8618 12.3825 11.6426 9.90941 9.1479 9.82804 11.6366
threshold=32.155248604922242 1.0000000180025095e-35 20.336688995361332 66.728939531269148 42.283063159786259 10.815831422805788 2.2499048709869389 4.2413008213043222 3.7256208658218388 5.8593597412109384 5.0205800533294687 74.568784612602045 9.6159057617187518 190.50000000000003 14.500000000000002 319.50000000000006 22.841426115621292 8.6995978355407733 3961.5000000000005 2.8029010295867924 1930.5000000000002 5.1089665889739999 3480.5000000000005 44.500000000000007 40.500000000000007 3.2769666910171513 24.134268943809733 31.589673364862396 32.500000000000007 8.8608994483947772
decision_type=2 2 2 2 2 2 2 2 2 2 2 2 2 2 2 2 2 2 2 2 2 2 2 2 2 2 2 2 2 2
left_child=1 2 5 4 -2 -1 -6 8 10 -10 -5 -12 16 14 -14 -15 -3 22 19 27 21 -21 -18 24 -24 -26 -23 28 29 -19
right_child=3 12 -4 7 6 -7 -8 -9 9 -11 11 -13 13 15 -16 -17 17 18 -20 20 -22 26 23 -25 25 -27 -28 -29 -30 -31
leaf_value=-0.054376805086569981 0.0010136717738805118 -0.0095924514091445465 -0.014341765121521376 0.035073742025409249 0.0013391749832973644 -0.029683545116797185 0.007226445114776857 0.025119359423755733 -0.08755142964504023 -0.002160673912773658 0.0023826662265326857 0.019551412637128299 0.039235455683879594 0.054331028722713004 -0.092228249230937462 0.0079080986772463759 -0.0016479532275899293 -0.012949569231344715 0.03543766361382307 0.0057387923830594413 -0.051227354379101968 0.090581294524645167 -0.018886358725677801 -0.057133086007301853 -0.084690916632827393 0.032760294742467957 -0.092401422611163547 0.02487304293667535 -0.025148483761087262 -0.087227959002761965
leaf_weight=66.640232355656735 3879.2286081977563 739.7855147687842 974.23731094798131 61.044905042746905 1283.2858726026298 364.4284451097692 3597.9366321738908 209.37486324108158 5.3976596504044201 57.193930268218537 202.29615119680875 180.8149162179734 3.0968723975820449 13.447874536381276 6.3270415710285306 142.70888669549822 2174.2926191931892 7.3910651485493899 11.720065761313888 72.238721523644926 13.842077659115601 0.87477235293772437 40.144741613643419 30.340501798680634 2.2861205404042293 27.383486838196404 4.7985591482720338 5.4824793896332258 34.545983421026904 18.398126514686737
leaf_count=89857 903743 146649 843866 5799 218660 383846 557018 16706 1695 6494 23208 15869 148 1014 1015 17255 321139 1367 1106 8490 2930 149 7585 9181 496 2837 751 705 5202 3791
internal_value=2.19448e-05 -0.00886761 -0.0202187 0.00448185 0.00361295 -0.033501 0.00567867 0.0151112 0.0109761 -0.00952445 0.0138651 0.0104857 -0.00410461 0.00843799 -0.0490268 0.0119059 -0.00475698 -0.00329315 -0.0158088 -0.0196205 -0.00717881 0.000646977 -0.00236158 -0.0178539 -0.000783657 0.0237104 -0.0641873 -0.0369651 -0.0425841 -0.0659401
internal_weight=14231 4754.41 1405.31 9476.57 8760.45 431.069 4881.22 716.122 506.748 62.5916 444.156 383.111 3349.11 165.581 9.42391 156.157 3183.52 2443.74 169.292 157.572 91.7541 77.9121 2274.45 100.155 69.8143 29.6696 5.67333 65.8177 60.3352 25.7892
internal_count=3598571 1849379 1317569 1749192 1679421 473703 775678 69771 53065 8189 44876 39077 531810 19432 1163 18269 512378 365729 24491 23385 12320 9390 341238 20099 10918 3333 900 11065 10360 5158
is_linear=0
shrinkage=0.05


Tree=62
num_leaves=31
num_cat=0
split_feature=0 0 2 0 2 0 0 2 7 5 0 5 12 8 0 0 8 8 0 0 5 12 12 12 12 12 8 5 12 7
split_gain=206.999 97.8806 32.8395 30.5545 23.7369 12.3507 12.182 10.0439 11.1995 10.3194 13.0644 12.6858 10.6436 9.80499 13.1599 9.42051 9.0977 11.7229 15.5709 16.8365 9.00954 8.98725 10.7485 16.3317 10.6943 10.4958 9.2312 8.98514 8.77922 8.7398
threshold=32.155248604922242 19.698451743712216 1.0000000180025095e-35 53.833591192465981 1.0000000180025095e-35 26.418142547787287 74.568784612602045 1.0000000180025095e-35 6.9930112361907968 4.8891084194183358 54.917433627939324 4.9672217369079599 1889.5000000000002 6.8029501438140878 43.38945954938027 10.815831422805788 11.775259017944338 11.09481191635132 41.674093543289935 36.952164411544807 4.866830825805665 146.50000000000003 401.50000000000006 352.50000000000006 128.50000000000003 116.50000000000001 5.708768606185914 4.8572995662689218 75.500000000000014 8.4447231292724627
decision_type=2 2 2 2 2 2 2 2 2 2 2 2 2 2 2 2 2 2 2 2 2 2 2 2 2 2 2 2 2 2
left_child=1 2 15 13 5 -3 7 9 -9 10 -5 -11 -12 14 20 -1 17 -15 19 -19 21 24 23 26 25 28 -23 -24 -2 -22
right_child=3 4 -4 6 -6 -7 -8 8 -10 11 12 -13 -14 16 -16 -17 -18 18 -20 -21 29 22 27 -25 -26 -27 -28 -29 -30 -31
leaf_value=-0.054370813931784868 -0.010423956864497853 -0.01815117452691015 -0.014487716117390659 -0.083007310698886588 -0.0039975668798452541 -0.0073243157380021469 0.017908857920529805 0.0065179751989555695 -0.036369914929930733 0.052215168463440903 0.016661224111029656 0.016523103877653333 -0.058946584438648621 0.00027816162682136128 0.0079740049192634967 -0.033261915352301052 0.016603254820420982 -0.067996787191240513 -0.085834376424741787 0.021977258041496639 0.0036790284246724274 -0.0017555997190111684 -0.0020816661918514382 -0.08366176759724106 0.048201450466440615 -0.085169673269119617 -0.041244536389846591 -0.053759955535346071 0.032139767560045086 -0.089286615689747745
leaf_weight=63.961066608601868 29.126700995414467 524.4142415732731 292.52883951037438 4.4129920098148423 3021.852278243221 529.23476176682652 310.47282861941767 1788.6140120050532 15.352607151362461 34.303711019231741 37.706084280918731 90.768924549043732 5.3102852759011503 3800.7505304469178 1305.2958682764529 304.38632875686744 84.564616109964845 7.8471984371462922 9.0001084916657401 15.409651128524272 1385.5067780303207 43.868059544152857 342.26043943479181 9.9899699078068789 16.012639788474189 3.2714710621257828 22.334306959848618 8.6229254946665588 20.742244312274124 2.5327343719254705
leaf_count=89952 8406 492404 66660 3837 465319 395364 26919 149813 1783 13818 22897 57838 6574 740121 236964 340148 7859 1578 1739 1392 336955 10129 94989 4483 2120 1456 9597 3548 5135 809
internal_value=-0.000622465 -0.00914522 -0.0269947 0.0036746 -0.00625078 -0.012713 0.00870151 0.00725517 0.00615298 0.0187815 -0.00107748 0.0263124 0.00732759 0.00205704 0.00411525 -0.0369273 0.000381315 2.34233e-05 -0.0299917 -0.00838129 0.00144216 -0.00434026 -0.00704793 -0.0240702 0.0123818 0.00158834 -0.0150778 -0.00335166 0.00727979 0.0035094
internal_weight=14130.5 4736.38 660.876 9394.08 4075.5 1053.65 2286.94 1976.47 1803.97 172.502 47.4294 125.073 43.0164 7107.14 3189.56 368.347 3917.57 3833.01 32.257 23.2568 1884.27 496.229 427.076 76.1923 69.1531 53.1404 66.2024 350.883 49.8689 1388.04
internal_count=3600606 1849847 496760 1750759 1353087 887768 283479 256560 151596 104964 33308 71656 29471 1467280 714591 430100 752689 744830 4709 2970 477627 139863 122746 24209 17117 14997 19726 98537 13541 337764
is_linear=0
shrinkage=0.05


Tree=63
num_leaves=31
num_cat=0
split_feature=0 0 0 1 1 1 0 0 0 11 11 1 8 8 9 8 11 12 1 8 0 11 12 7 0 7 7 0 7 1
split_gain=187.875 83.8451 36.6026 30.654 26.9037 24.9771 22.2358 16.8444 16.025 15.1448 14.7197 12.912 13.5793 12.7997 11.2974 12.2229 15.2711 20.9016 13.9549 17.2988 12.2928 14.5776 17.313 31.8492 13.1719 12.4416 12.1725 11.2106 10.9323 17.9731
threshold=31.315075048561997 19.214056814547806 42.492732186608926 0.51851350069046032 0.62840399146080028 0.49188277125358587 74.568784612602045 33.056870937347419 26.535209874913566 7.5000000000000009 19.500000000000004 0.62698167562484752 1.0000000180025095e-35 9.8527731895446795 1.0000000180025095e-35 7.4386775493621835 48.500000000000007 1084.5000000000002 0.56806111335754406 6.8040599822998056 25.602037429809574 31.500000000000004 152.50000000000003 2.8029010295867924 28.982583284378055 5.8930234909057626 6.0741951465606698 11.901365082409031 2.2499048709869389 0.68403369188308727
decision_type=2 2 2 2 2 2 2 2 2 2 2 2 2 2 2 2 2 2 2 2 2 2 2 2 2 2 2 2 2 2
left_child=1 5 4 8 7 27 28 -2 -3 -7 -9 -12 -13 -11 15 16 -5 18 -18 -20 -17 22 23 -22 -24 -23 -27 -1 29 -4
right_child=2 3 6 14 -6 9 -8 10 -10 13 11 12 -14 -15 -16 20 17 -19 19 -21 21 25 24 -25 -26 26 -28 -29 -30 -31
leaf_value=-0.050581934657253795 -0.016328653816483293 -0.017032948346194184 -0.0050495340065736805 0.00011726907462916323 0.0034355539041087098 0.070834472169582052 0.019369306056560374 0.011692132019924889 -0.0059767430410671554 -0.017161103835976289 -0.0039728597889003864 0.069367879616984179 -0.089414983287609426 0.037855242644539371 0.005357839897655133 -0.0016496985418070925 -0.081075555698771784 -0.038268136475699405 0.033063882179822923 -0.043775985763453991 -0.05159793591887786 -0.0099442950298657337 -0.050000596246815035 0.045798066083325394 -0.018932056416987943 0.064438203932865409 -0.041455723841286457 -0.029291465901926619 0.0071139466848075738 0.0066481865390925383
leaf_weight=76.891860090859609 263.80852533278266 727.47507713724235 552.85812039766097 1309.6253829110447 2653.8730436014848 5.4388935565948477 317.89608564557329 160.68919708025169 596.43985179663377 173.90698147882722 1155.0463234486615 1.6226252020132941 7.9128725351256435 11.256214234330399 374.96248961946185 297.53253776940073 4.1422847870417163 62.293392799354478 31.530476793821435 9.5409571422060235 14.331795013997178 228.38913836493157 66.902048136693338 20.258731276335311 69.61209826504637 10.827710281839243 3.6214501967479 315.64058407373068 3833.3942409785623 808.68224801437464
leaf_count=103660 110451 565679 136244 216515 355385 933 26891 58901 353616 45102 471957 83 1194 1207 46784 48160 1133 13552 4846 2488 2523 33890 13300 1209 9467 241 581 304515 578765 91377
internal_value=-2.5959e-05 -0.00858954 0.00384566 -0.00589871 0.000354677 -0.0262512 0.0065325 -0.0047906 -0.012052 -0.0114011 -0.00249384 -0.00445122 -0.0623954 -0.0138166 -0.00264479 -0.00405448 -0.00136985 -0.0194855 0.00639224 0.0152139 -0.00940179 -0.0149738 -0.026152 0.00544426 -0.0341579 -0.00709765 0.0378976 -0.033462 0.00574697 0.00189829
internal_weight=14166.4 4410.62 9755.78 3827.49 4242.95 583.135 5512.83 1589.08 1323.91 190.602 1325.27 1164.58 9.5355 185.163 2503.57 2128.61 1417.13 107.507 45.2137 41.0714 711.476 413.943 171.105 34.5905 136.514 242.838 14.4492 392.532 5194.93 1361.54
internal_count=3600649 1769401 1831248 1313984 997971 455417 833277 642586 919295 47242 532135 473234 1277 46309 394689 347905 238534 22019 8467 7334 109371 61211 26499 3732 22767 34712 822 408175 806386 227621
is_linear=0
shrinkage=0.05


Tree=64
num_leaves=31
num_cat=0
split_feature=3 0 1 0 0 1 0 2 7 11 8 8 0 8 5 5 0 1 0 1 11 1 0 0 8 0 11 5 11 5
split_gain=1727.83 152.59 55.0292 51.2739 33.3289 27.5457 21.1909 21.1658 20.2235 17.397 13.9939 18.8067 13.1249 15.4131 14.0148 12.4803 14.3743 11.713 14.0024 12.0162 11.6655 11.4349 10.7814 10.568 10.4073 10.1725 9.5553 9.32044 9.24792 9.15187
threshold=1.0000000180025095e-35 27.276883840560917 0.5423724651336671 53.833591192465981 28.204355716705326 0.43326406180858618 66.728939531269148 1.0000000180025095e-35 5.8930234909057626 38.500000000000007 8.5174932479858416 6.6864848136901864 48.854631101734419 5.8593597412109384 4.9787485599517831 4.9707071781158456 40.133545795200924 0.72246322035789501 47.14897359498719 0.70345124602317821 46.500000000000007 0.44617865979671484 56.044703862258764 45.140167352143187 9.6159057617187518 20.012153327465061 16.500000000000004 4.9583537578582773 42.500000000000007 4.9662303924560556
decision_type=2 2 2 2 2 2 2 2 2 2 2 2 2 2 2 2 2 2 2 2 2 2 2 2 2 2 2 2 2 2
left_child=1 5 4 7 -2 -1 24 -3 -9 -8 11 12 14 -14 15 16 -10 18 19 -13 26 25 -6 28 -4 -7 -19 -15 -18 -5
right_child=2 3 6 29 22 21 9 8 10 -11 -12 17 13 27 -16 -17 23 20 -20 -21 -22 -23 -24 -25 -26 -27 -28 -29 -30 -31
leaf_value=-0.044814033646088498 -0.00060652585154350683 -0.029103583000935768 0.016157088434946731 -0.012239643121940589 0.011154386753274879 -0.065838089118902154 0.037751096809122156 -0.018544936025511279 -0.073137627790709633 0.015995197368193236 -0.060901696344859993 0.013740314200103389 -0.07457769800030481 -0.078466650534231519 -0.066416714491402393 0.023322272504841621 0.041008438841786676 -0.10746996231761322 -0.087273505217495065 -0.084652543796079116 -0.075226094409727551 -0.030806846498512959 0.026337039142861413 -0.075250473889138719 0.027173631849740882 0.024250074348629986 0.04107616919458814 0.053434263991926911 -0.068332923594757844 -0.0023704238164507633
leaf_weight=509.45449892693341 736.45825266693828 453.15894852058955 5343.1530662500809 383.22942911024893 1236.5910009918953 3.8673135606513851 223.56674052611925 3171.6100248162566 12.409240722638062 156.00953253582702 9.5192858651571424 42.576502559022629 3.5515059860190403 1.4802866307145439 17.158147825794003 15.305763518568709 10.185767338851294 1.1077127976313921 4.3516863254335467 3.3469068993072133 2.3990177667728849 739.91378222620824 129.13906706121634 3.7641512278496512 223.34153408237034 16.514609109406592 47.72231275865488 14.0630173155223 2.3869982970936681 606.9009038304639
leaf_count=997565 19336 1072582 20458 124080 14376 1300 608 853211 6045 514 3243 4643 1035 641 5618 1909 1216 269 811 902 1100 304617 1148 1560 758 2022 3724 651 1146 153776
internal_value=-0.000274556 -0.0204016 0.0149202 -0.0163289 0.00796688 -0.0358175 0.0173786 -0.0189595 -0.0175926 0.0288092 -0.001806 0.00128818 -0.0167915 0.0193995 -0.0280814 -0.0131499 -0.0325694 0.0155919 -0.00155338 0.00656942 0.0324178 -0.0297891 0.01259 -0.00175445 0.0165991 0.00715654 0.0377064 0.0408725 0.0202495 -0.0061903
internal_weight=14124.2 6075.98 8048.26 4806.23 2102.19 1269.75 5946.07 3816.1 3362.94 379.576 191.328 181.809 80.3049 19.0948 61.2101 44.0519 28.7462 101.504 50.2751 45.9234 51.229 760.296 1365.73 16.3369 5566.49 20.3819 48.83 15.5433 12.5728 990.13
internal_count=3600864 3543666 57198 2238162 34860 1305504 22338 1960306 887724 1122 34513 31270 19821 2327 17494 11876 9967 11449 6356 5545 5093 307939 15524 3922 21216 3322 3993 1292 2362 277856
is_linear=0
shrinkage=0.05


Tree=65
num_leaves=31
num_cat=0
split_feature=3 0 0 1 0 1 1 0 0 12 12 12 12 1 5 7 12 7 0 11 7 11 5 0 1 1 1 7 5 1
split_gain=1571.46 132.583 48.2129 55.3612 37.4047 37.1682 27.3505 17.6373 14.2656 13.0181 12.1834 11.6504 21.114 11.5435 10.6962 12.7209 11.0185 10.034 15.6919 10.4357 17.3837 12.7467 9.99916 12.0375 12.9391 17.3017 14.8333 13.0238 12.5201 19.9641
threshold=1.0000000180025095e-35 28.594956746732354 40.280228774952782 0.58845719695091259 48.289224414034841 1.0000000180025095e-35 0.45709185302257543 61.419888893899049 21.562258099216709 134.50000000000003 105.50000000000001 69.500000000000014 326.50000000000006 0.70511403679847728 4.9714691638946542 5.1328485012054452 380.50000000000006 2.3502402305603032 52.059799732000108 27.500000000000004 1.7005987167358401 21.500000000000004 4.8948321342468271 80.345281651647397 0.62698167562484752 0.75872755050659191 0.72159117460250866 3.2384861707687382 4.7505102157592782 0.77873951196670543
decision_type=2 2 2 2 2 2 2 2 2 2 2 2 2 2 2 2 2 2 2 2 2 2 2 2 2 2 2 2 2 2
left_child=1 5 3 8 6 -1 -3 11 -2 -10 -6 -4 17 -7 -14 16 -16 19 -19 20 21 -13 23 24 -12 26 27 -26 -27 -30
right_child=2 4 7 -5 10 13 -8 -9 9 -11 22 12 14 -15 15 -17 -18 18 -20 -21 -22 -23 -24 -25 25 28 -28 -29 29 -31
leaf_value=-0.04296224188657459 -0.0054161409251035951 -0.029853295466403092 0.034737415091695006 0.015874206570658144 0.0090357966319542706 -0.023941450563899028 -0.016007498998517639 0.026278917236501942 0.023332925486418968 0.0050679135774888851 -0.038782848581051653 0.021542940235689614 0.015055551770672436 -0.03850051315645521 0.039002159026411437 0.03549788514743768 0.018711647714952345 0.0055210820764194438 0.032715484508754333 0.0080810296780392098 -0.048996229486363285 -0.030578042159148163 -0.0069439527477641611 0.022194864491292758 -0.005530012150260325 -0.054728411933862665 0.008070093605475108 -0.038773597200305328 -0.074317934419667248 0.0071563618123889425
leaf_weight=497.77977449438822 310.06518162725661 413.17115315586216 93.393494955758797 2556.8934386028159 95.025704039352604 849.78558380838331 2608.2898453316493 675.97264525140054 105.33980485162465 1319.9669914946635 64.344960664658174 29.942232734232675 1156.085776761458 162.12136271948839 71.114803723699879 146.91537661902839 1131.0322255774445 197.12402241892414 72.577044996374752 100.32776344905142 26.675509106935351 19.286156827525701 1053.4401795009262 19.17564169346133 77.351324134542665 38.257928174134577 94.386914470549527 47.587133883527713 10.220889863208866 28.440298130182782
leaf_count=1079754 10639 891235 254 10340 34500 297013 712316 2547 848 19557 67280 112 5608 77635 204 566 4992 704 212 361 116 88 307298 3854 12620 17289 18541 12166 4035 8272
internal_value=0.000276982 -0.018937 0.014807 0.0111961 -0.0146766 -0.0317765 -0.0179008 0.0189729 0.0043034 0.00641782 -0.00830196 0.0173507 0.0168005 -0.026274 0.0185848 0.0216093 0.019912 0.00677635 0.0128391 -0.00250203 -0.0164904 0.00112356 -0.00945151 -0.0164073 -0.0184601 -0.0140459 -0.00689007 -0.018192 -0.03445 -0.0143831
internal_weight=14072.1 6059.38 8012.71 4292.27 4549.69 1509.69 3021.46 3720.45 1735.37 1425.31 1528.23 3044.47 2951.08 1011.91 2505.15 1349.06 1202.15 445.933 269.701 176.232 75.9039 49.2284 1433.21 379.765 360.589 296.244 219.325 124.938 76.9191 38.6612
internal_count=3600956 3543808 57148 41384 2089406 1454402 1603551 15764 31044 20405 485855 13217 12963 374648 11370 5762 5196 1593 916 677 316 200 451355 144057 140203 72923 43327 24786 29596 12307
is_linear=0
shrinkage=0.05


Tree=66
num_leaves=31
num_cat=0
split_feature=3 2 1 8 7 1 8 1 11 7 1 12 11 11 7 5 11 1 1 11 12 7 1 8 1 7 12 8 1 12
split_gain=1530.85 115.655 47.3692 17.8124 17.3125 12.5794 16.2313 15.1962 17.7406 15.176 13.8423 13.7336 12.2098 19.8315 13.2436 12.6553 12.2632 11.6123 20.7959 17.6408 17.8346 14.401 13.6321 10.9696 15.287 11.6955 10.8391 14.3157 10.7181 10.6482
threshold=1.0000000180025095e-35 1.0000000180025095e-35 0.5423724651336671 6.6253843307495126 4.4829866886138925 0.7401108741760255 7.8284282684326181 0.75112470984458934 40.500000000000007 3.5408543348312382 0.73850890994071972 2324.5000000000005 19.500000000000004 12.500000000000002 4.0689902305603036 4.6006991863250741 9.5000000000000018 0.77197623252868663 0.81956934928894054 32.500000000000007 751.50000000000011 4.0859410762786874 0.84805074334144603 7.0904934406280526 0.72246322035789501 2.6735538244247441 453.50000000000006 8.2984070777893084 0.5521238148212434 886.50000000000011
decision_type=2 2 2 2 2 2 2 2 2 2 2 2 2 2 2 2 2 2 2 2 2 2 2 2 2 2 2 2 2 2
left_child=1 -1 3 -2 5 10 17 9 -9 11 12 -8 13 15 23 16 -3 21 -19 -20 -21 -7 -22 24 25 -15 27 -5 -14 -11
right_child=2 4 -4 26 -6 6 7 8 -10 29 -12 -13 28 14 -16 -17 -18 18 19 20 22 -23 -24 -25 -26 -27 -28 -29 -30 -31
leaf_value=-0.035954345004466884 0.01239783350213341 0.028959200099392981 0.016410014902123574 0.016472311669245916 -0.011165250124483349 -0.0083005740732987505 0.029721420089160989 -0.0026106122715649528 -0.036302019108054098 0.011179217029690533 -0.062540319487428733 -0.081319024121014993 -0.028225045486797058 -0.022059772528165718 -0.048464113369071055 -0.05124210632423748 -0.053344361649584206 -0.033141652620375772 -0.028176909299042281 -0.042708145015845148 0.038757746336850848 -0.048100299117998235 -0.073008746823100934 0.0048221389664499107 -0.069604672481337643 0.0047271382084133487 0.0002060388301996643 -0.018015532038633687 -0.019347814417990005 -0.079231810788436663
leaf_weight=903.4286625938812 994.27532482240258 11.734162705704877 5818.3933211452095 227.65335140531533 1158.2475269295101 313.89940927416683 63.628816208816716 172.17557765385936 50.542237455061695 6.4953037190352898 18.768440266350808 2.9120284690616236 405.33635815572052 86.276000397001553 18.164415688399458 45.737945195068278 7.367664935947686 215.61836325777767 43.821284035035205 10.51700972029357 36.89751113820239 24.502757695092441 2.9460426733276099 160.20516976012277 11.274033631401833 77.220439480707682 802.25688241172338 34.672721640818054 2110.0117386049933 6.5314888103021076
leaf_count=2170599 13476 1876 22356 2967 261652 105642 7114 36327 15771 1028 8136 982 88923 25527 5668 21107 2965 109951 20454 5616 5355 11345 1492 27953 5795 15843 17657 792 583559 1772
internal_value=-0.000365344 -0.0194751 0.0141036 0.00758551 -0.0165333 -0.0181265 -0.0131236 -0.00355565 -0.0102563 0.0152002 -0.0197372 0.024862 -0.0194633 -0.0115499 -0.00688314 -0.0369668 -0.00278567 -0.0175856 -0.02458 -0.00497901 0.0152067 -0.0111824 0.0304937 -0.00462837 -0.0132913 -0.00940814 0.003091 0.0119139 -0.0207783 -0.0341519
internal_weight=13841.5 5964.26 7877.25 2058.86 5060.83 3902.58 950.488 302.285 222.718 79.5676 2952.1 66.5408 2933.33 417.98 353.14 64.8398 19.1018 648.202 309.8 94.1818 50.3606 338.402 39.8436 334.976 174.77 163.496 1064.58 262.326 2515.35 13.0268
internal_count=3599700 3542452 57248 34892 1371853 1110201 322849 62994 52098 10896 787352 8096 779216 106734 80786 25948 4841 259855 142868 32917 12463 116987 6847 75118 47165 41370 21416 3759 672482 2800
is_linear=0
shrinkage=0.05


Tree=67
num_leaves=31
num_cat=0
split_feature=3 0 2 0 2 0 0 11 0 7 5 0 12 11 12 12 11 0 5 7 11 0 11 11 12 7 5 2 7 7
split_gain=1506.81 125.55 53.9426 39.3082 31.3452 27.4332 17.663 17.3492 14.7903 15.6015 15.9737 14.9129 12.507 18.4681 17.5615 15.5674 25.8035 17.8802 12.515 12.4606 18.3967 14.5457 12.2621 15.5465 12.0422 10.2853 10.0614 9.76108 9.48109 16.9059
threshold=1.0000000180025095e-35 34.50640341816689 1.0000000180025095e-35 48.854631101734419 1.0000000180025095e-35 49.498687744351635 22.627470227605958 8.5000000000000018 21.430497722452859 4.7405652999877939 4.6141605377197275 33.466407396212169 927.50000000000011 23.500000000000004 511.50000000000006 1930.5000000000002 47.500000000000007 29.966725349426273 4.9783000946044931 3.113268375396729 42.500000000000007 32.455486847135042 27.500000000000004 9.5000000000000018 57.500000000000007 4.8242976665496835 4.9890952110290536 1.0000000180025095e-35 4.8559212684631357 4.135134458541871
decision_type=2 2 2 2 2 2 2 2 2 2 2 2 2 2 2 2 2 2 2 2 2 2 2 2 2 2 2 2 2 2
left_child=1 2 -1 4 6 24 -2 -4 28 10 19 12 13 14 -11 -14 17 -17 -19 -10 21 22 23 -21 -3 -15 -13 -26 29 -9
right_child=3 5 7 -5 -6 -7 -8 8 9 11 -12 26 15 25 -16 16 -18 18 -20 20 -22 -23 -24 -25 27 -27 -28 -29 -30 -31
leaf_value=-0.040688928620906784 -0.0059405500548871904 -0.045416383487391992 -0.07008105078425847 0.020233656690410474 0.014203400443783518 -0.0076133577791604821 0.0083458128376617344 -0.037794151620682392 -0.018047905327479404 0.026020685757495894 -0.026596888001438349 -0.078947394585322211 0.008150637690556314 0.0050898936131299659 -0.085910182041614949 -0.068479998550257784 0.014599341294377522 -0.045281631173924725 0.028913608331090346 0.082846621726390082 -0.067148063061057764 -0.074941012634333448 0.046177281929673353 -0.057751151535662792 -0.026827543866576094 -0.06428247498117122 0.001786587196416658 -0.015081268086567474 -0.062797924865504215 0.0003920889436449795
leaf_weight=616.02642518497714 266.33433697588953 36.017558852612638 19.865787150374672 2011.9456426291435 4429.2964524974213 1377.9002796365162 1152.84957969276 169.0546147113846 224.90865279113677 19.323715210237427 1030.1699012386889 12.823186983136113 132.48313998432786 6.5615674532018593 4.2805682457892535 28.098390926114007 33.730776243042783 11.572949328794495 11.16844150660472 2.7305275656108261 6.7592848689819212 3.5813401098130262 29.866070732241496 7.0234889923494848 196.29134320107005 28.769061034445258 5.5204438753571585 1786.9361966335182 26.956827544177941 34.982104624868953
leaf_count=1437115 10794 30778 10934 8001 20306 431800 17918 77540 66586 2295 364499 5263 20521 1509 1494 12275 6563 3661 1588 34 3388 1290 3355 2594 536757 12407 1200 483642 10866 10459
internal_value=-0.000103875 -0.0192866 -0.0278736 0.0142053 0.0121314 -0.0130526 0.00566473 -0.0236068 -0.0231024 -0.0213943 -0.0237395 -0.0109957 -0.0080942 -0.0285209 0.00572235 -0.0025479 -0.0193076 -0.0418039 -0.00884388 -0.0130304 0.00955695 0.0215582 0.030281 -0.0183924 -0.0167642 -0.0513987 -0.0546508 -0.0162439 -0.0349291 -0.0312471
internal_weight=13723.8 5863.4 2466.26 7860.43 5848.48 3397.15 1419.18 1850.23 1830.37 1599.37 1305.04 294.332 275.989 58.9349 23.6043 217.054 84.5706 50.8398 22.7414 274.869 49.9607 43.2014 39.6201 9.75402 2019.25 35.3306 18.3436 1983.23 230.994 204.037
internal_count=3597432 3540413 2057436 57019 49018 1482977 28712 620321 609387 510522 441746 68776 62313 17705 3789 44608 24087 17524 5249 77247 10661 7273 5983 2628 1051177 13916 6463 1020399 98865 87999
is_linear=0
shrinkage=0.05


Tree=68
num_leaves=31
num_cat=0
split_feature=3 0 0 1 0 1 1 12 8 0 9 12 0 0 12 12 12 8 12 0 0 12 0 1 8 5 12 5 12 12
split_gain=1421.91 128.4 46.2465 42.6315 34.2921 30.8742 22.3801 19.0583 13.4996 12.7761 12.3696 11.9438 10.8613 11.8739 11.444 10.6576 11.0998 10.3183 10.8898 12.7979 12.9536 10.2926 10.1541 9.91674 9.89872 19.4831 16.0541 11.5283 10.4335 16.6356
threshold=1.0000000180025095e-35 27.84568023681641 39.276136892432994 0.63116854429245006 50.568872592870328 0.53110077977180492 0.49188277125358587 152.50000000000003 12.152145862579347 74.568784612602045 1.0000000180025095e-35 5339.5000000000009 38.744354157715868 27.960618543598688 4333.5000000000009 3480.5000000000005 3015.5000000000005 6.6864848136901864 3645.5000000000005 27.960618543598688 29.966725349426273 4508.5000000000009 53.321059892219644 0.76669952273368847 6.960343837738038 4.9024493694305429 504.50000000000006 4.417105197906495 606.50000000000011 938.50000000000011
decision_type=2 2 2 2 2 2 2 2 2 2 2 2 2 2 2 2 2 2 2 2 2 2 2 2 2 2 2 2 2 2
left_child=1 5 3 7 6 -1 -3 -2 -7 -4 15 12 13 -9 -15 16 -6 -8 24 -20 -21 23 -18 -22 25 26 27 -19 -27 -30
right_child=2 4 9 -5 10 8 17 11 -10 -11 -12 -13 -14 14 -16 -17 22 18 19 20 21 -23 -24 -25 -26 28 -28 -29 29 -31
leaf_value=-0.040473256432756115 0.020663236591653408 -0.02699710738494647 0.017675246201276917 0.015867230648917326 -0.00991172629380839 -0.02585893803397268 -0.019119957296385631 -0.00023411098982855226 0.028679885468762486 0.031049287988775903 0.0026109562991876363 0.028708664222502914 -0.031961898317545187 0.008473087578272729 -0.046833302608332683 -0.036043247007815346 -0.067840579612428495 -0.069081191166947192 0.077994798189998271 -0.073568332541752518 0.023559243489323149 -0.016737280716582766 0.024504112517231461 -0.081030505420928489 -0.016135920427779064 -0.0032956055158578248 0.015505923400804963 -0.0043738135653224007 -0.060540142526041542 -0.016417302395025025
leaf_weight=604.53818476377819 190.40146837104112 482.46271826488419 3559.8598884724561 1982.7614081689971 949.20158939012208 665.97968172447236 1098.8988450026318 898.68643355981112 11.542864570881646 188.00215520698112 248.81259081376629 47.877232030339655 21.447830215562135 890.06981092419301 9.4526593365007994 37.323762906656157 3.2398979025947474 9.9166139143117089 5.4294396625482468 5.7641103247224228 47.333710430519204 35.360079181862602 36.666054584615267 2.3803417883082139 1212.6223863990144 100.91499177700371 119.4800852911776 22.503517665759318 25.903333110964923 121.86090352389328
leaf_count=1086172 1601 994007 16130 7495 319645 286089 368214 19518 1420 750 44183 776 324 10154 234 18511 2252 5258 116 2004 6470 10321 6693 1097 286470 31312 21387 8179 11787 31603
internal_value=0.000355149 -0.0182774 0.0143456 0.010635 -0.0143516 -0.0322591 -0.0170489 0.00559388 -0.0249298 0.0183461 -0.00739089 0.0040575 0.0034089 0.00383078 0.0078919 -0.00981539 -0.00882569 -0.0153399 -0.0129099 0.00342635 -0.00103064 0.00388408 0.0170068 0.0185514 -0.0138848 -0.00707032 0.00703864 -0.0241664 -0.0156885 -0.0241521
internal_weight=13636.7 5848.14 7788.56 4040.7 4566.07 1282.06 3290.83 2057.94 677.523 3747.86 1275.24 1867.53 1819.66 1798.21 899.522 1026.43 989.108 2808.37 1709.47 96.2677 90.8382 85.0741 39.906 49.7141 1613.2 400.579 151.9 32.4201 248.679 147.764
internal_count=3600172 3543190 56982 40102 2169509 1373681 1778225 32607 287509 16880 391284 31006 30230 29906 10388 347101 328590 784218 416004 20008 19892 17888 8945 7567 395996 109526 34824 13437 74702 43390
is_linear=0
shrinkage=0.05


Tree=69
num_leaves=31
num_cat=0
split_feature=3 0 2 1 0 0 0 0 12 8 12 1 0 0 12 12 8 11 12 5 1 8 0 1 8 12 0 1 1 11
split_gain=1347.43 116.183 56.458 50.8289 32.3424 18.1214 13.5595 13.6154 11.8302 16.6251 20.7364 16.3263 13.2352 10.8275 10.3864 10.7331 12.9244 13.7507 16.2388 11.0097 10.0118 9.9701 9.5064 18.9372 25.8484 13.6707 12.5802 11.5816 12.0396 10.1079
threshold=1.0000000180025095e-35 37.482618228146755 1.0000000180025095e-35 0.41471430659294134 33.601011854378164 40.562259508784344 14.127173628439779 37.301098084197299 3558.5000000000005 5.0139575004577646 4333.5000000000009 0.70754271745681774 74.568784612602045 29.077698871402394 184.50000000000003 769.50000000000011 6.5517940521240243 45.500000000000007 1743.5000000000002 4.9259731769561776 0.85659196972846996 7.8242459297180185 42.722800357609238 0.76254314184188854 9.2013998031616229 3842.5000000000005 41.865688089797921 0.55500936508178722 0.51368334889411937 14.500000000000002
decision_type=2 2 2 2 2 2 2 2 2 2 2 2 2 2 2 2 2 2 2 2 2 2 2 2 2 2 2 2 2 2
left_child=1 2 13 4 -2 -5 -4 -8 12 -10 11 -11 -7 -1 -6 -16 19 -18 -19 -17 22 -20 23 25 -25 26 27 28 -3 -24
right_child=3 20 6 5 14 8 7 -9 9 10 -12 -13 -14 -15 15 16 17 18 21 -21 -22 -23 29 24 -26 -27 -28 -29 -30 -31
leaf_value=-0.042831668663431709 -0.00097776554204545411 -0.016860455682814902 -0.057851476635894308 0.013013811301413263 0.028275142802387833 0.018346606116283599 -0.021048125231117189 -0.070703493802293418 -0.039523594663544125 0.0069481740365371584 0.025270305866625667 -0.053850771375440476 0.032857879380278232 -0.028368665403250712 0.0024766668247266509 0.0070841158696112946 0.013518520649594907 0.0082014145005520449 -0.081192623621734628 0.03158193443197773 -0.063792879655268628 -0.0090985191266851669 -0.031464220920796794 -0.050285554553248936 0.018594428111407602 -0.048753463141802976 -0.030001836429096498 -0.0052909217826783202 -0.064984237513072793 -0.0089982371631765184
leaf_weight=455.61174706261272 850.67493057294996 98.789699553901755 25.771911297231782 3090.0193318878646 98.690454011710244 2686.213223770741 2143.3155109098025 13.894552550531442 18.469263891689479 29.5825011607958 88.780390214800718 17.617321503348649 166.89215087011689 180.73872581317301 242.53390126068552 65.574621335690608 174.81694196969329 27.02454357327224 11.611800477665385 152.57105769429472 9.084177180680852 8.1694913572864589 51.286735278164088 73.603806134367915 16.71309405980719 25.875226257818213 81.613366523952209 439.32098530615076 14.965574435951565 2104.6765694843762
leaf_count=1114286 22117 189494 11337 15271 654 9172 721105 6792 102 121 317 99 517 468458 2885 799 2724 463 337 1277 5765 215 26842 42247 2715 18294 46005 113021 3912 772774
internal_value=-1.95002e-05 -0.0183815 -0.0256188 0.0136055 0.00576724 0.015703 -0.0217987 -0.021368 0.0184658 0.00498787 0.0110336 -0.015745 0.0191954 -0.0387238 0.013114 0.0109211 0.0155782 0.00707411 -0.0169954 0.0242179 -0.0113839 -0.0514184 -0.0112201 -0.0160652 -0.0375394 -0.0131291 -0.0116768 -0.00897268 -0.0231916 -0.00953267
internal_weight=13464.5 5735.26 2819.33 7729.24 1631.67 6097.57 2182.98 2157.21 3007.55 154.449 135.98 47.1998 2853.11 636.35 780.993 682.302 439.768 221.623 46.8058 218.146 2915.93 19.7813 2906.85 750.882 90.3169 660.565 634.69 553.076 113.755 2155.96
internal_count=3600117 3543047 2321978 57070 31471 25599 739234 727897 10328 639 537 220 9689 1582744 9354 8700 5815 3739 1015 2076 1221069 552 1215304 415688 44962 370726 352432 306427 193406 799616
is_linear=0
shrinkage=0.05


Tree=70
num_leaves=31
num_cat=0
split_feature=3 0 1 0 1 0 0 0 0 0 5 12 12 1 0 0 12 12 0 5 11 11 1 0 12 5 5 9 11 1
split_gain=1319.63 86.5039 47.0352 46.9716 41.2077 26.832 15.7415 12.8388 12.3233 10.5039 9.71684 16.0707 19.4167 11.2982 10.9128 10.4097 9.43591 10.354 13.0305 9.96358 10.6209 9.2496 9.40858 9.00321 8.27635 8.16617 16.3252 8.12973 8.12722 8.02344
threshold=1.0000000180025095e-35 32.155248604922242 0.53110077977180492 41.674093543289935 0.56806111335754406 57.951464589605173 22.627470227605958 32.006684852156475 18.280841882871758 19.214056814547806 4.9886684417724618 4079.5000000000005 3740.5000000000005 0.59237363934516918 20.825350706552857 17.274515151977543 5339.5000000000009 3961.5000000000005 32.455486847135042 4.9860398769378671 42.500000000000007 17.500000000000004 0.65635865926742565 68.993868182074962 87.500000000000014 4.9710426330566415 4.599781036376954 1.0000000180025095e-35 48.500000000000007 0.65848857164382946
decision_type=2 2 2 2 2 2 2 2 2 2 2 2 2 2 2 2 2 2 2 2 2 2 2 2 2 2 2 2 2 2
left_child=1 2 6 4 9 16 -1 10 -6 -2 11 12 15 -12 21 -4 17 -3 -19 -20 -21 22 -15 -5 -16 26 -18 -8 -26 -10
right_child=3 5 7 23 8 -7 27 -9 29 -11 13 -13 -14 14 24 -17 25 18 19 20 -22 -23 -24 -25 28 -27 -28 -29 -30 -31
leaf_value=-0.044323780902069287 -0.0084818146507325814 -0.015953760722688122 0.012463957270888124 0.017021362901936919 0.038615082478103274 -0.0050240083528434003 -0.02755336102420073 -0.071949389477102735 0.0092643157246027254 0.0049470869585056011 -0.040472887038538047 -0.060754776236592804 0.039420539650225461 0.029195621065227068 -0.050923899416351372 -0.017802270894911026 0.024980842725912486 0.046909042225920128 -0.060791476329499397 -0.057026647237536365 0.00062867964756511366 -0.060238070699095869 -0.074517117671231467 0.025991825153134862 -0.015915364467134974 0.018075825599858986 -0.056258206185910924 -0.051362222847849352 -0.045022158067612172 0.015048567909324427
leaf_weight=357.46593906272824 161.74870725815708 2859.671735245171 29.790003936533139 2923.4297496733816 48.484673977014609 682.41126717857196 362.75254249745558 12.18951459105301 884.28178380872669 1460.0172830722404 100.59583893093532 19.808798263058634 15.965717481580212 6.6860249423771148 19.882852096922761 613.01694905212298 11.446912008917936 4.5047621933954352 32.341310584353778 13.110642657535207 20.442407499211185 30.655923200169127 3.2495705343753798 309.30347966373665 361.40584366158328 37.271314637217984 13.450278731850629 39.786573391693537 25.686992585739972 1861.7444061500864
leaf_count=668472 7319 1473945 9644 13028 258 179874 625616 5669 4825 23574 40319 10800 2404 2121 11757 196673 3655 822 25274 7795 9224 19688 3004 1250 137555 11702 10476 74646 12392 6840
internal_value=-0.000252734 -0.0185243 -0.0268951 0.0133 0.00994775 -0.0139707 -0.0366877 -0.020888 0.0136271 0.00360774 -0.0203806 -0.0163811 -0.0150468 -0.0253317 -0.0219286 -0.0163996 -0.0160111 -0.0164201 -0.0353636 -0.040988 -0.0218998 -0.0466501 -0.00472503 0.0178796 -0.0194628 0.00326491 -0.0189072 -0.0299066 -0.0178469 0.0131859
internal_weight=13322.6 5673.59 1998.94 7649.01 4416.28 3674.65 760.005 1238.93 2794.51 1621.77 1226.74 678.581 658.773 548.163 447.567 642.807 2992.24 2930.07 70.3991 65.8944 33.5531 40.5915 9.9356 3232.73 406.976 62.1685 24.8972 402.539 387.093 2746.03
internal_count=3600621 3543527 1820760 57094 42816 1722767 1368734 452026 11923 30893 446357 219521 208721 226836 186517 206317 1542893 1517060 43115 42293 17019 24813 5125 14278 161704 25833 14131 700262 149947 11665
is_linear=0
shrinkage=0.05


Tree=71
num_leaves=31
num_cat=0
split_feature=3 1 0 1 0 0 1 0 12 0 0 0 7 0 0 12 7 8 1 0 7 7 9 12 11 12 11 12 1 12
split_gain=1226.8 93.16 33.8526 33.3072 31.6807 29.6876 16.8993 17.2932 14.7206 14.3134 13.5748 12.8054 11.9218 11.333 11.1391 11.0485 10.7738 10.7476 10.6583 11.6003 10.5193 10.3429 20.7058 12.9586 22.8409 13.86 12.1351 10.2364 13.6557 10.3028
threshold=1.0000000180025095e-35 0.38465785980224615 44.677097865322146 0.38465785980224615 23.183382987976078 35.388170533155069 0.78789359331130993 19.698451743712216 222.50000000000003 66.728939531269148 51.6733770379251 38.744354157715868 5.6716020107269296 24.134268943809733 38.927114098076352 3400.5000000000005 3.1567740440368657 5.8126356601715097 0.78249466419219982 29.966725349426273 5.3636341094970712 3.8815106153488164 1.0000000180025095e-35 916.50000000000011 41.500000000000007 2468.5000000000005 47.500000000000007 2766.5000000000005 0.61813724040985119 2439.5000000000005
decision_type=2 2 2 2 2 2 2 2 2 2 2 2 2 2 2 2 2 2 2 2 2 2 2 2 2 2 2 2 2 2
left_child=1 4 6 5 -1 13 7 -3 11 -4 21 -8 20 -2 -6 27 -16 -15 -9 -20 -7 -5 -23 24 -24 26 -25 28 -11 -30
right_child=3 2 9 10 14 12 8 18 -10 15 -12 -13 -14 17 16 -17 -18 -19 19 -21 -22 22 23 25 -26 -27 -28 -29 29 -31
leaf_value=-0.04610614801394633 -0.0061860521911222821 -0.034453962062334767 -0.010934884758466714 0.012290388400356365 -0.030594748954865039 0.015246212699276741 0.013982508199594477 -0.016387915218791609 -0.043981722048718225 -0.049461047024744256 0.019714524131139031 -0.063904539260399448 -0.014828553218398838 0.016759938191858288 -0.029009181391234453 -0.06324716174385793 -0.004346549835051579 0.0013265786169414202 -0.073264853951823847 0.020332830486139146 0.048701904218312331 0.01479592967898425 -0.0091134824645106461 0.051160445286876757 0.055709087751835619 0.01599525729173127 0.0062190564590216234 0.035493399596560518 0.0042501767685276803 -0.068497266270545074
leaf_weight=286.31743069195409 329.31057703564329 133.49189738725363 1479.3515989576954 3048.8138023701067 360.56469579789609 623.30251615138695 22.81123720528922 2774.1899015911522 103.49723378020462 13.214422168515737 1342.3444525004015 6.8654444703315667 31.84504010216915 153.77164849435212 79.915528163197905 6.4666961220718795 99.314004022703557 423.43041743487265 3.6833806952636214 32.690412025549449 24.415996526484378 1380.1042164371647 44.294132079055998 118.24864208084182 19.603834370616823 56.628733941062819 17.206390819126682 22.116328977710509 235.33349676897342 4.9697405631814027
leaf_count=685669 12664 62951 335459 13851 959759 7473 8625 845160 53535 1722 4517 5844 446 2251 264195 2385 267160 8151 2502 9207 225 6257 256 444 77 299 100 1935 34458 1511
internal_value=0.000475303 -0.0171438 -0.0144944 0.013585 -0.0326619 0.00713817 -0.0176586 -0.0168705 -0.0350802 -0.00896667 0.0152815 -0.00403599 0.0150389 0.00121541 -0.0255307 0.00135476 -0.0153432 0.00543816 -0.0160353 0.0108547 0.0165073 0.0140114 0.0172184 0.0302791 0.010774 0.0367676 0.0454517 0.0028704 2.44408e-05 0.00274568
internal_weight=13278.1 5664.79 4838.68 7613.32 826.112 1586.08 3077.23 2944.06 133.174 1761.45 6027.24 29.6767 679.564 906.513 539.794 282.101 179.23 577.202 2810.56 36.3738 647.719 4684.9 1636.09 255.982 63.898 192.084 135.455 275.634 253.518 240.303
internal_count=3599088 3542077 1365294 57011 2176783 31210 987824 919820 68004 377470 25801 14469 8144 23066 1491114 42011 531355 10402 856869 11709 7698 21284 7433 1176 333 843 544 39626 37691 35969
is_linear=0
shrinkage=0.05


Tree=72
num_leaves=31
num_cat=0
split_feature=3 0 1 0 1 0 1 1 0 1 1 8 0 7 1 0 0 7 8 8 0 1 1 7 1 1 0 1 7 7
split_gain=1170.71 103.357 46.7599 41.0039 36.4627 33.8345 17.186 16.9913 16.2312 15.3144 15.2379 14.3556 13.2869 12.1533 11.2472 10.5752 9.85915 9.1862 12.0367 17.978 18.0952 12.2541 14.944 12.1508 10.2279 13.8092 11.0383 11.1571 10.041 12.7384
threshold=1.0000000180025095e-35 27.276883840560917 0.59423714876174938 49.153644741651085 0.38465785980224615 34.657991193911592 0.38465785980224615 0.75676664710044872 20.336688995361332 1.0000000180025095e-35 0.75676664710044872 7.3514776229858407 66.728939531269148 4.4127798080444345 0.59237363934516918 15.236428431562674 13.230743121544949 5.8678824901580819 6.6864848136901864 7.0913259983062753 46.127057805926604 0.73092478513717662 0.73426711559295665 6.3412404060363778 0.61010831594467174 0.68052247166633617 48.854631101734419 0.81049501895904552 5.4359006881713876 5.5274410247802743
decision_type=2 2 2 2 2 2 2 2 2 2 2 2 2 2 2 2 2 2 2 2 2 2 2 2 2 2 2 2 2 2
left_child=1 4 5 6 -1 8 -3 -4 9 -2 15 -10 -9 -14 -7 -6 -12 28 23 20 -20 -21 -23 24 -19 -26 27 -27 -8 -30
right_child=2 3 7 -5 10 14 17 12 11 -11 16 -13 13 -15 -16 -17 -18 18 19 21 -22 22 -24 -25 25 26 -28 -29 29 -31
leaf_value=-0.043482426808530233 -0.019703637692194732 -0.027476502535640403 0.01394454166078841 -0.0067922669890242166 -0.051381422330032393 0.014193649285779517 -0.016002056153327879 0.018886734471840354 0.0076895917428785893 0.0078496259415765449 0.12106716241048032 -0.005122889202029645 0.02544608512589271 0.05802806670196288 -0.047632601510487864 -0.021872801690306067 -0.073600467764895844 -0.078026627468858967 0.032372781721014904 -0.04558704994246654 -0.098356515701455441 0.065829896638149962 -0.027449239201563405 -0.047134466385394279 0.039450489861548685 -0.074960277541568726 0.071287617971782957 0.051495224641608731 -0.073131554236713289 -0.023267078822268455
leaf_weight=384.18483237177406 149.63146421230613 357.52233820141282 3937.6655656347211 1374.3987037864122 31.795330340088185 1051.9954301392136 2527.2849825078088 1059.0905713263801 821.70640695318616 76.067943800793728 0.67271635634824889 297.87506914866572 91.38814444874879 41.670823751250282 7.4077233891002825 673.47747024869568 19.621624642953975 3.8615503763794541 51.954430239813519 20.281939432788931 2.7891174662072435 7.3542678103694952 10.317683696419406 25.940124872824526 16.224534179476908 8.8342162527969759 2.2615976699453304 2.1733979666314545 16.790950381211587 53.989866873731444
leaf_count=989977 8006 999788 15725 446318 15512 10424 738356 3442 11396 851 38 6788 278 84 52 284348 15499 1224 4364 4907 614 137 3075 9762 1998 4662 39 394 6436 15995
internal_value=-3.28172e-05 -0.017366 0.012831 -0.0139835 -0.0310272 0.00707795 -0.017164 0.0155279 0.00181481 -0.0104173 -0.0244323 0.00428071 0.0207577 0.03565 0.0137613 -0.0232031 -0.0671476 -0.0158233 -0.00387569 0.00737783 0.0257123 -0.0190672 0.0113693 -0.0214685 -0.0015083 0.00851008 -0.0293214 -0.0499923 -0.0165222 -0.0350962
internal_weight=13126.2 5591.73 7534.5 4481.98 1109.75 2404.68 3107.58 5129.82 1345.28 225.699 725.567 1119.58 1192.15 133.059 1059.4 705.273 20.2943 2750.06 151.993 92.6974 54.7435 37.9539 17.672 59.2954 33.3553 29.4937 13.2692 11.0076 2598.07 70.7808
internal_count=3600489 3543443 57046 2238069 1305374 37517 1791751 19529 27041 8857 315397 18184 3804 362 10476 299860 15537 791963 31176 13097 4978 8119 3212 18079 8317 7093 5095 5056 760787 22431
is_linear=0
shrinkage=0.05


Tree=73
num_leaves=31
num_cat=0
split_feature=0 1 0 0 0 0 1 0 7 11 1 7 1 11 7 0 0 6 5 1 7 5 0 0 5 0 7 0 12 0
split_gain=139.305 66.7127 48.4567 27.3066 15.0245 11.72 10.9202 15.5237 11.1066 10.7439 10.467 10.4656 10.3929 18.17 13.4451 11.7198 18.175 10.5789 9.85328 13.3306 12.7256 20.5319 16.3683 22.6225 15.1018 13.7242 13.9816 26.9875 16.6099 13.932
threshold=34.657991193911592 0.49188277125358587 21.961842087002882 66.728939531269148 11.901365082409031 42.492732186608926 0.67051365971565258 34.23869887476031 2.5249279737472539 50.500000000000007 0.67436936497688305 6.8416149616241464 0.80469611287117015 23.500000000000004 1.2424533367156985 43.824611792500953 46.64361182026915 1.0000000180025095e-35 4.5720579624176034 0.81243386864662182 2.5249279737472539 4.9704537391662607 29.819168536334477 31.050273856293646 4.8846635818481454 17.520705336326504 5.0466406345367441 24.748343291819769 3321.5000000000005 28.594956746732354
decision_type=2 2 2 2 2 2 2 2 2 2 2 2 2 2 2 2 2 2 2 2 2 2 2 2 2 2 2 2 2 2
left_child=1 2 4 5 -1 -2 7 9 -9 -3 -8 -5 -7 14 -14 -15 -17 -18 19 -12 -20 22 24 -24 -22 -26 28 -28 29 -27
right_child=3 6 -4 11 -6 12 10 8 -10 -11 18 -13 13 15 -16 16 17 -19 20 -21 21 -23 23 -25 25 26 27 -29 -30 -31
leaf_value=-0.049878592112631494 0.0009225290487108658 -0.0038533664403355913 -0.008510374823553787 0.014436245455260658 -0.023771837798526624 0.0057396299945087917 0.017822185854308736 -0.0064733468630423317 -0.060916967807708625 -0.049023961527298855 0.0068253179554553685 -0.090043559653672972 -0.045098897600562383 -0.066578327963136036 0.024012675418532737 0.023974467121941415 -0.013588094683197483 -0.087032402351676127 -0.010184123784113933 0.075745837898102381 0.012224201124774181 0.0081029749267916978 -0.049790063430600245 -0.008685586192694654 0.062245859104971595 -0.051033677147657913 -0.092236859623956655 0.026891376272218406 0.032301073816491686 -0.0023556900970725797
leaf_weight=62.501778760930165 2649.7818495079746 1832.6073879366713 1127.2305792328348 674.94565480291385 466.01594699399425 4225.3331103016899 84.952543992341816 16.976820453188338 20.899579093091234 13.259319728167609 250.53705325196006 2.4053808222952275 7.8441964112716951 9.2501746258203621 68.406588481877407 34.625523545537362 164.59474844722718 5.0535629942678488 345.35682116796215 7.2181765151690334 152.14873245646049 498.33715093370938 41.747538094721676 168.89814108643805 6.031349819055321 47.484333555446938 5.5584636242710976 32.855329291523958 10.236604702691691 21.289268278283998
leaf_count=103892 660186 300820 906093 69185 502381 712747 11124 2286 4058 4963 39474 458 2215 2178 9650 5440 30188 1416 73914 730 23446 77365 8563 27614 600 10706 1977 3336 1116 2824
internal_value=0.000258621 -0.00607698 -0.0143673 0.00446941 -0.0268592 0.00356225 -0.00221724 -0.00482803 -0.0365144 -0.00417784 0.000723045 0.0140652 0.00511142 -0.00404875 0.0169029 -0.0115307 -0.00903799 -0.0157759 -0.000191874 0.00875537 -0.00192593 0.000970739 -0.00633879 -0.016832 0.00168124 -0.0113121 -0.0150903 0.00965356 -0.0271205 -0.0359651
internal_weight=13054.4 5212.14 1655.75 7842.24 528.518 7164.89 3556.39 1883.74 37.8764 1845.87 1672.65 677.351 4515.11 289.775 76.2508 213.524 204.274 169.648 1587.7 257.755 1329.94 984.587 486.25 210.646 275.604 123.455 117.424 38.4138 79.0102 68.7736
internal_count=3600945 2107282 1512366 1493663 606273 1424020 594916 312127 6344 305783 282789 69643 763834 51087 11865 39222 37044 31604 271665 40204 231461 157547 80182 36177 44005 20559 19959 5313 14646 13530
is_linear=0
shrinkage=0.05


Tree=74
num_leaves=31
num_cat=0
split_feature=3 0 0 0 0 7 0 11 7 8 8 8 0 0 0 0 0 9 0 7 7 0 0 0 0 11 0 8 5 0
split_gain=1179.36 97.868 69.4603 35.6457 24.2995 12.568 14.0209 12.4016 14.1613 11.9984 14.4963 11.4635 11.1325 10.2998 12.9907 10.0256 9.65222 9.61519 9.60271 9.04543 10.5898 16.6838 11.3618 11.9878 8.90436 8.84945 9.70906 9.75665 11.5936 11.379
threshold=1.0000000180025095e-35 28.594956746732354 42.492732186608926 50.568872592870328 18.704843759536747 5.1676349639892587 30.23641028798011 25.500000000000004 1.4978661537170412 8.0070338249206561 6.908255100250245 11.925519466400148 29.423848046153584 40.133545795200924 37.301098084197299 10.815831422805788 49.498687744351635 1.0000000180025095e-35 28.204355716705326 3.1567740440368657 3.4175922870635991 27.724090004179747 23.444701433181766 22.841426115621292 31.050273856293646 30.500000000000004 62.415248971010449 8.413053512573244 4.8806395530700692 61.419888893899049
decision_type=2 2 2 2 2 2 2 2 2 2 2 2 2 2 2 2 2 2 2 2 2 2 2 2 2 2 2 2 2 2
left_child=1 4 12 5 -1 -3 9 19 -9 10 -7 13 15 14 24 -2 -15 25 -10 -6 -21 22 23 -22 -8 26 27 28 -5 -30
right_child=2 3 -4 17 7 6 11 8 18 -11 -12 -13 -14 16 -16 -17 -18 -19 -20 20 21 -23 -24 -25 -26 -27 -28 -29 29 -31
leaf_value=-0.043480391377476675 -0.053828246671396823 -0.018108333830954022 0.018674794827369254 -0.027193581895410542 -0.025184336228604522 -0.015681841462370841 -0.070024944318868979 -0.046160218731700633 -0.025447974927288442 -0.072399709078643265 0.040097893897163811 0.043851180503143246 0.010917912229112051 -0.0021498651709055713 -0.054910154945182567 0.0060322547449232818 -0.063593916302739542 0.0020162320168092287 -0.053824890565095256 0.016741070312059441 -0.028671736000549425 0.01917187557693319 -0.048286501188951086 0.028355013868442216 -0.012458001880097755 -0.012689932751800284 0.0072727801791847265 -0.034569070271964299 0.003634160817950133 -0.075954052365614255
leaf_weight=253.89085446216495 7.0223502927237851 2619.5696975109745 3032.4647696494085 46.163728064255338 187.80288945343864 17.62273675833967 7.1967808957970183 112.62195550973911 588.23506985679126 3.6664651732171469 34.354762687122275 8.7912905479315651 2615.887478757586 140.07204147135417 27.276751840125144 1778.62795391287 6.6971665610344635 245.47319836379484 31.404468581048491 32.325856513088638 27.939767143345307 25.306097507248523 35.723538310135609 13.751299801473577 100.82968457605148 623.25588643054471 143.12015471234781 32.723889306787896 152.98149418271169 4.6268753045133044
leaf_count=406367 1427 1545535 13456 23730 167820 8380 6987 128888 628986 2119 4000 999 17987 55275 19196 24107 3773 44127 25676 17353 30115 7058 35723 5305 52807 235509 28258 7128 49454 2710
internal_value=-0.000150518 -0.0176507 0.012852 -0.0139414 -0.0295929 -0.0169246 -0.0079757 -0.0262511 -0.0298505 0.0150195 0.021186 -0.0123748 0.00884036 -0.0141272 -0.0240782 0.00579684 -0.00495359 -0.00685333 -0.0268862 -0.0180873 -0.00821786 -0.0160723 -0.0275933 -0.00986214 -0.0162931 -0.00902434 -0.00300614 -0.00922663 -0.00515688 0.00129771
internal_weight=12957.4 5523.42 7434 4214.42 1309 2966.08 346.508 1055.11 732.261 55.644 51.9775 290.864 4401.54 282.072 135.303 1785.65 146.769 1248.35 619.64 322.849 135.047 102.721 77.4146 41.6911 108.026 1002.87 379.616 236.496 203.772 157.608
internal_count=3600255 3543278 56977 2089987 1453291 1699071 153536 1046924 783550 14499 12380 139037 43521 138038 78990 25534 59048 390916 654662 263374 95554 78201 71143 35420 59794 346789 111280 83022 75894 52164
is_linear=0
shrinkage=0.05


Tree=75
num_leaves=31
num_cat=0
split_feature=3 0 1 0 1 0 0 8 8 0 5 5 7 7 12 1 7 8 7 7 12 12 12 7 5 0 7 0 1 7
split_gain=1039.75 80.233 40.6626 37.6046 31.1673 25.9418 19.1711 18.1375 14.5948 14.4541 16.6267 12.6883 12.4632 12.3498 12.0545 22.3959 26.8566 13.6218 11.7587 16.6461 11.7125 12.525 11.6508 11.6085 11.3354 14.482 10.8883 10.8025 10.5702 11.3439
threshold=1.0000000180025095e-35 25.219624345434571 0.52732771635055553 48.289224414034841 0.43326406180858618 28.330972930911233 56.62229317903985 6.6253843307495126 11.004941463470461 27.485574918155184 4.8372650146484384 4.9287126064300546 4.6001451015472421 1.0000000180025095e-35 2274.5000000000005 0.70259901881217968 4.8322978019714364 4.4005842208862314 5.0271592140197763 5.1901714801788339 1641.5000000000002 778.50000000000011 3249.5000000000005 4.6395599842071542 4.919933795928956 45.852072499408685 3.3497501611709599 47.700108464843659 0.45709185302257543 4.6298508644104013
decision_type=2 2 2 2 2 2 2 2 2 2 2 2 2 2 2 2 2 2 2 2 2 2 2 2 2 2 2 2 2 2
left_child=1 4 5 8 -1 -2 7 14 12 11 -11 -9 27 -5 -4 16 22 -18 23 -20 21 -12 -16 -8 25 26 -17 -3 -14 -30
right_child=2 3 6 13 -6 -7 18 9 -10 10 20 -13 28 -15 15 24 17 -19 19 -21 -22 -23 -24 -25 -26 -27 -28 -29 29 -31
leaf_value=-0.042893765042445485 -0.0024494751313044022 -0.019004101675493046 0.018100562184568677 0.0097749525113181197 -0.023176939158801372 0.0099905616511885686 0.021189189232846368 -0.0099436146358683353 0.0038069508612399066 0.018918717488789455 0.01102953065797411 0.0082234895029217742 -0.029708737775992616 -0.0087340797909284378 -0.0070145688667547241 0.06322799726202126 -0.025566633298413233 0.034671946569022831 -0.036128518609557944 0.015035360899276706 0.015701169919572901 0.00050609890618959371 -0.040847363389893684 0.042029207757454182 0.033223127250869088 -0.044762777040617444 -0.0068297741676090597 -0.05065296243859771 0.025303439107035027 -0.01068557137674437
leaf_weight=331.55073356194475 649.22430318344504 2449.434255829025 1716.1279562867403 96.527749248411965 506.81212962625364 1182.2030885473141 674.40295130544109 150.59101349788034 80.567062810741845 599.8854554647769 647.89546758041251 265.66385215930131 70.946221079671886 1358.1381206330552 70.689145438984269 9.6515388889238256 11.724866611475589 47.021592320059426 19.696235805749893 82.423373376077507 485.15966116197524 501.69465349165694 39.757696680782828 74.171509770327248 86.242665745783597 12.100054459886449 13.038505824748425 27.261771010858865 22.81422914205541 543.99857980531806
leaf_count=839193 19208 1618041 6409 26751 229579 15084 2314 869 17818 2622 2381 1535 190309 458835 399 37 86 220 73 309 2462 2316 305 194 304 58 81 22394 4287 136762
internal_value=-0.000274825 -0.0167369 0.0120348 -0.0141699 -0.0309744 0.00558068 0.0141809 0.0129201 -0.0172039 0.0102056 0.011799 0.00165107 -0.0177474 -0.00750587 0.0165068 0.00708251 -0.004665 0.0226493 0.0210829 0.00516717 0.0091864 0.00643698 -0.0191934 0.0232541 0.0235045 -0.000587369 0.0229703 -0.0193525 -0.0115143 -0.00923701
internal_weight=12827.4 5488.05 7339.37 4649.69 838.363 1831.43 5507.94 4657.24 3195.02 2650.89 2234.64 416.255 3114.46 1454.67 2006.35 290.226 169.193 58.7465 850.694 102.12 1634.75 1149.59 110.447 748.574 121.033 34.7901 22.69 2476.7 637.759 566.813
internal_count=3601235 3543969 57266 2475197 1068772 34292 22974 20084 1989611 12185 9781 2404 1971793 485586 7899 1490 1010 306 2890 382 7159 4697 704 2508 480 176 118 1640435 331358 141049
is_linear=0
shrinkage=0.05


Tree=76
num_leaves=31
num_cat=0
split_feature=3 2 2 0 0 0 0 0 5 8 0 0 5 8 8 8 10 0 0 0 8 5 5 0 0 8 11 8 5 11
split_gain=1075.47 81.848 49.7828 32.3692 26.9988 23.0684 13.6195 13.6026 13.9557 13.1062 12.0971 11.9891 11.6327 21.9875 15.6526 11.2736 11.0895 10.6214 9.70311 9.66913 22.5514 9.39827 11.1445 9.14758 11.7531 10.1991 10.1277 10.9835 9.25303 9.14964
threshold=1.0000000180025095e-35 1.0000000180025095e-35 1.0000000180025095e-35 37.482618228146755 29.186132404982349 33.601011854378164 47.420325374063403 19.548324149101976 4.599781036376954 6.2156071662902841 36.785109005326383 61.419888893899049 4.3993008136749276 6.8982098102569589 8.5174932479858416 4.6200466156005868 1.0000000180025095e-35 36.153187875963347 11.901365082409031 46.64361182026915 7.0913259983062753 4.8503038883209237 4.9558122158050546 36.153187875963347 29.966725349426273 9.6159057617187518 28.500000000000004 1.0000000180025095e-35 4.2006492614746103 34.500000000000007
decision_type=2 2 2 2 2 2 2 2 2 2 2 2 2 2 2 2 2 2 2 2 2 2 2 2 2 2 2 2 2 2
left_child=1 4 5 7 -1 18 19 9 10 15 12 -5 16 17 -15 -3 23 -14 -2 -4 -21 -17 -23 24 26 28 -9 -28 29 -26
right_child=2 3 6 11 -6 -7 -8 8 -10 -11 -12 -13 13 14 -16 21 -18 -19 -20 20 -22 22 -24 -25 25 -27 27 -29 -30 -31
leaf_value=-0.041608044001963038 -0.064149839401265826 -0.039384339428449149 0.013309031048058832 -0.012372067080249315 -0.022242319325790787 0.010662569892888421 0.018138190778146237 -0.006017576992999922 -0.020089978094972042 -0.048339283654367848 -0.072705143255518342 -0.0035420950783067538 -0.051044053778007227 0.031962251718026885 -0.033184106374226877 -0.06658684538996755 -0.073089448798527315 0.055373966996651064 -0.0011169754205925086 0.012129580091221871 -0.042937415493626153 0.059443905949609632 -0.013316978852601392 -0.074636552581276133 -0.0083874822956501501 -0.078178289622977501 0.008437000267177237 -0.044463990535211648 -0.048759233358755705 0.021439171058573563
leaf_weight=385.60727374474163 6.1542205197247304 24.0340098876095 3883.3677149312844 2141.5581436275352 337.50127376057617 753.86351190307323 1830.7267271569817 61.508368307952878 1614.5296427365056 74.978151407969563 7.3162215665415706 468.52276046078623 18.077937318818844 57.393810460271197 10.985047652793581 3.5445498565627558 7.4965156033358644 2.6941591180948299 770.27351639519111 67.810600703785894 25.615454033424612 10.066292545408942 11.028076230762963 5.5823515063457299 46.09901986207251 3.8727229476571656 12.105352816988214 51.788610340450305 7.6396565095128599 58.139637349973782
leaf_count=1121944 1618 11338 19320 557607 1048605 9324 6395 18256 575220 43398 3790 74366 9159 8018 2549 2312 3479 357 20205 234 184 1304 4665 2711 12738 1262 2860 22282 3071 10572
internal_value=-2.25991e-05 -0.0169094 0.0124554 -0.0144995 -0.0325694 0.00443246 0.0145695 -0.0191383 -0.0181262 -0.0352238 -0.00908571 -0.010787 -0.00773021 0.00781059 0.0214965 -0.0150199 -0.0131799 -0.0372415 -0.00161659 0.0129266 -0.00296863 0.00874627 0.0214047 -0.0113596 -0.00989488 0.00159432 -0.0204998 -0.0344414 0.00435569 0.00824848
internal_weight=12759.9 5422.07 7337.81 4698.96 723.109 1530.29 5807.52 2088.88 1965.23 123.651 350.699 2610.08 343.383 89.151 68.3789 48.6729 254.232 20.7721 776.428 3976.79 93.4261 24.6389 21.0944 246.736 241.153 115.751 125.402 63.894 111.878 104.239
internal_count=3599143 3541863 57280 1371314 2170549 31147 26133 739341 676324 63017 101104 631973 97314 20083 10567 19619 77231 9516 21823 19738 418 8281 5969 73752 71041 27643 43398 25142 26381 23310
is_linear=0
shrinkage=0.05


Tree=77
num_leaves=31
num_cat=0
split_feature=0 1 0 0 0 1 7 1 0 12 7 7 1 1 1 1 12 12 0 11 12 12 1 12 9 0 7 11 7 0
split_gain=139.817 47.4549 43.1481 24.9986 19.528 21.6099 19.4742 12.9619 11.8087 11.731 11.3131 11.9121 10.8715 10.9213 10.5376 11.3389 11.5386 9.82731 9.51328 11.0382 8.99206 9.6441 16.2449 14.8398 12.0616 10.6782 9.52873 14.9754 13.2564 11.3547
threshold=28.458874041527455 0.53865098953247081 66.728939531269148 19.856720862298975 35.082134247200891 0.72483605146408092 5.1676349639892587 0.73176342248916637 10.815831422805788 424.50000000000006 4.3502571582794198 4.2972624301910409 0.57773616909980785 0.45709185302257543 0.7417249083518983 0.72655618190765392 475.50000000000006 366.50000000000006 35.238753859292054 43.500000000000007 75.500000000000014 1515.5000000000002 0.56032049655914318 1658.5000000000002 1.0000000180025095e-35 29.302871477677403 5.4227426052093515 33.500000000000007 5.625819444656373 28.594956746732354
decision_type=2 2 2 2 2 2 2 2 2 2 2 2 2 2 2 2 2 2 2 2 2 2 2 2 2 2 2 2 2 2
left_child=1 3 4 8 5 20 -3 -7 -1 17 11 12 13 -4 15 16 -12 -9 19 -6 -2 22 -22 24 25 -23 29 -28 -29 -24
right_child=2 6 10 -5 18 7 -8 9 -10 -11 14 -13 -14 -15 -16 -17 -18 -19 -20 -21 21 23 26 -25 -26 -27 27 28 -30 -31
leaf_value=-0.050893299918072579 -0.024972349744000144 -0.0060082956594612394 -0.004536810185897828 -0.012440375342676058 0.0050331058224804054 0.025209183358248871 0.012791343424589739 -0.0059450329949565679 -0.024523776507350256 0.0083185948445112737 -0.074974624109555202 -0.080031337559075405 0.013676367876467749 -0.088005435911344465 0.038337169286527924 -0.036225023139488451 0.023503797551994943 -0.064657826315555 0.0030712572809149766 0.048366459516091392 -0.0089943233211958878 0.0041545363803402275 -0.053729156165531061 -0.0067482836558818669 0.012101496672872972 -0.059448082361026278 -0.077771013726475532 -0.091513016397983593 0.015290432383368767 0.0048129443709660283
leaf_weight=48.485002028800864 52.515093804363005 1364.1614662000941 25.7277643024936 825.38286070995343 35.494047289203081 80.673969374031003 153.22536404548191 119.93360122597005 341.41194111199536 344.39854185055083 3.0813300823756427 3.5653687742178581 445.41662714156337 4.6231596849393091 86.314409854974656 9.9387536231879476 85.771981234394843 7.5773195761139496 6772.3026436881191 25.079620282300311 447.95535352726074 8.2249660823913455 8.3785764435283436 535.92446770281458 10.950614829403092 33.384928401368597 9.1716078128229146 3.4518335407992735 18.350924382597441 725.05027758802544
leaf_count=91279 23755 286191 21396 692267 10194 9290 22663 23546 372179 51912 1029 829 31689 716 5756 919 7243 2715 1366464 4326 287395 2419 2031 160095 2250 15642 1633 805 1892 99383
internal_value=5.9138e-06 -0.0100066 0.00276873 -0.0173691 0.00188365 -0.00199027 -0.00410991 0.00668803 -0.0278029 0.0035218 0.0150754 0.0110211 0.0117034 -0.017251 0.0255743 0.0144234 0.0200887 -0.00943403 0.0032477 0.0229746 -0.00457772 -0.00398298 -0.00143372 -0.00923482 -0.0345883 -0.0468758 0.00299694 -0.0241677 -0.00161879 0.00414417
internal_weight=12635.9 2732.67 9903.26 1215.28 9238.82 2405.94 1517.39 552.583 389.897 471.909 664.439 479.333 475.768 30.3509 185.106 98.7921 88.8533 127.511 6832.88 60.5737 1853.36 1800.84 1212.36 588.485 52.5605 41.6099 764.403 30.9744 21.8028 733.429
internal_count=3599903 1464579 2135324 1155725 2065747 684763 308854 87463 463458 78173 69577 54630 53801 22112 14947 9191 8272 26261 1380984 14520 597300 573545 393139 180406 20311 18061 105744 4330 2697 101414
is_linear=0
shrinkage=0.05


Tree=78
num_leaves=31
num_cat=0
split_feature=3 2 0 2 0 0 0 8 0 12 8 12 5 12 11 7 11 5 0 12 5 0 5 11 5 8 5 7 5 0
split_gain=1042.85 73.4052 49.9066 33.2802 31.6952 30.5508 15.5422 12.1469 12.0468 10.7221 10.1395 15.5669 18.1449 16.4095 15.1433 14.246 14.9699 13.3452 17.9308 21.2378 17.2816 12.3543 12.1924 11.8909 11.7131 12.2107 11.394 17.7503 11.4304 15.4725
threshold=1.0000000180025095e-35 1.0000000180025095e-35 41.175623627186731 1.0000000180025095e-35 37.482618228146755 29.077698871402394 20.336688995361332 7.1705040931701669 61.419888893899049 87.500000000000014 9.0508713722229022 1760.5000000000002 4.599781036376954 1193.5000000000002 48.500000000000007 5.2496488094329843 23.500000000000004 4.8489396572113046 25.463954769780688 2058.5000000000005 4.9298512935638437 28.458874041527455 4.6843512058258066 42.500000000000007 4.3229064941406259 6.8982098102569589 4.8891084194183358 3.979637980461121 4.9928188323974618 27.381498787584864
decision_type=2 2 2 2 2 2 2 2 2 2 2 2 2 2 2 2 2 2 2 2 2 2 2 2 2 2 2 2 2 2
left_child=1 5 3 6 10 -1 -2 -8 -6 -9 11 13 14 15 24 -3 -17 21 19 20 -19 -14 -15 -22 -13 -26 27 -20 29 -28
right_child=2 4 -4 -5 8 -7 7 9 -10 -11 -12 12 17 22 -16 16 -18 18 26 -21 23 -23 -24 -25 25 -27 28 -29 -30 -31
leaf_value=-0.041442511436695646 -0.013832456355892701 -0.021584954958137538 0.017380652238287869 0.011700098736901513 -0.012065254963672353 -0.020615573993577122 0.0074525960868449511 0.036317407012274656 -0.0032759013609874525 -0.0076578571523948386 -0.0089369455032079267 -0.0034611738131415052 -0.017618670238821185 -0.060530002955984021 -0.06565464472460382 0.031169063727601032 -0.016265895821290219 0.048199341954063619 -0.073141272518802675 -0.051033571843545789 -0.073719603565613204 -0.066603015839106369 -0.02961371131653457 0.0079819854653298238 -0.016202719851463952 0.049825069949550389 0.018342562694214772 0.038268527083201609 -0.0031564121760956302 -0.035648619934407717
leaf_weight=366.22343269396288 144.43225892319242 991.55011886292596 3159.2681464405232 3002.499451223528 2130.6810319008146 339.13893488570693 657.07240473539605 14.673133699689059 477.15755079902738 250.53878269728011 234.2658367017948 47.195757322465397 27.226135459788566 36.976238642211683 6.5586460010454166 26.710587275427315 44.083166009064371 11.72723177804801 4.1773951290379072 57.860816023963707 8.2996853811528144 24.414491586938311 231.83100801381443 9.6098956433415861 9.244885903412067 28.862262287197154 16.326456526127004 24.800621623106053 164.92390156389229 70.868372222186736
leaf_count=1113362 8023 406721 14759 16115 557347 1058147 10241 126 74369 7847 54353 12722 11322 15764 4042 3039 13778 1515 2100 31627 4582 11066 83272 2782 3034 2092 4020 3484 43275 24837
internal_value=0.000252914 -0.0163914 0.0126656 0.0090049 -0.0141276 -0.0314289 0.00141869 0.00380706 -0.0104571 -0.00522488 -0.0187351 -0.0199803 -0.0125721 -0.0228303 0.00755826 -0.0200378 0.00163138 -0.0169725 -0.0136374 -0.0334037 0.00101568 -0.0407773 -0.0338665 -0.0298803 0.0131873 0.0338066 -0.00748467 0.022208 -0.0108975 -0.0255393
internal_weight=12619.2 5390.71 7228.48 4069.22 4685.35 705.362 1066.72 922.284 2607.84 265.212 2077.51 1843.25 512.097 1331.15 91.8616 1062.34 70.7938 420.235 368.594 87.4976 29.6368 51.6406 268.807 17.9096 85.3029 38.1071 281.097 28.978 252.119 87.1948
internal_count=3599763 3542652 57111 42352 1371143 2171509 26237 18214 631716 7973 739427 685074 162500 522574 21890 423538 16817 140610 118222 40506 8879 22388 99036 7364 17848 5126 77716 5584 72132 28857
is_linear=0
shrinkage=0.05


Tree=79
num_leaves=31
num_cat=0
split_feature=0 0 0 1 12 12 11 1 0 7 0 7 0 11 0 8 7 8 8 0 11 12 12 7 11 11 1 7 0 0
split_gain=115.883 52.2499 25.7865 25.1138 15.5078 17.8003 16.0632 15.3459 15.1112 13.3976 24.89 12.7329 12.1162 13.9337 11.566 11.342 13.6896 11.9025 10.785 12.7508 10.654 15.412 11.9213 13.3216 11.6657 15.3166 17.2889 19.0121 17.1494 14.4311
threshold=32.311915178237548 18.907059791203213 42.492732186608926 0.59045517444610607 299.50000000000006 431.50000000000006 49.500000000000007 0.50332832336425792 68.993868182074962 5.2496488094329843 31.725929553180325 6.1913387775421151 18.280841882871758 42.500000000000007 10.815831422805788 7.0492546558380136 5.1561734676361093 7.3135535717010507 7.8242459297180185 58.677237779193099 15.500000000000002 116.50000000000001 105.50000000000001 1.0000000180025095e-35 21.500000000000004 37.500000000000007 0.67235088348388683 4.8242976665496835 20.97148777232724 30.23641028798011
decision_type=2 2 2 2 2 2 2 2 2 2 2 2 2 2 2 2 2 2 2 2 2 2 2 2 2 2 2 2 2 2
left_child=1 3 -2 14 -4 6 11 -3 -7 15 -11 18 -5 -14 -1 -9 17 -17 -6 -20 21 22 23 -19 -22 28 27 -27 -26 -28
right_child=2 7 4 12 5 8 -8 9 -10 10 -12 -13 13 -15 -16 16 -18 20 19 -21 24 -23 -24 -25 25 26 29 -29 -30 -31
leaf_value=-0.053284773290796665 -0.00038178999667107559 -0.010134546735303285 -0.0014268752350345571 0.0077030244993196344 0.013517412855547787 0.00427273852843913 -0.044348707012416833 -0.0013442950487176307 0.014298911173761484 0.010551023150093547 -0.083343336450152239 -0.099798407848254153 -0.075012872100179886 0.023899012355228091 -0.026253703129617223 -0.036381687967600031 -0.090614786493472946 0.054444319548744048 0.038924998860308396 -0.0096523189026060524 0.0083637853491662934 -0.03852532429742573 0.075169761610243219 -0.073173281417670266 -0.067219115472024457 -0.0077455943018933174 -0.00081529227631980733 -0.087269088899562794 -0.013398269949169789 0.028971604411358848
leaf_weight=45.631428735593204 3383.5619591481409 1137.3178459993551 738.83067246997962 76.730035998013591 291.50959424628627 3454.3220371805164 10.646792439125418 1318.956688222594 421.68816219786049 243.47172564044195 7.2687904027843606 2.2859383184695607 10.213599009565312 5.4659147856182235 298.04108617479267 35.708885038831795 5.0486292121131546 3.5968510338498145 93.708936624949274 15.783862901501378 129.67654896344266 52.942074198666887 5.8141493392977273 4.7393940660986118 15.546537203488695 213.50711942659655 106.25356448113962 7.7900868353390242 308.592379454205 65.869681072428648
leaf_count=91380 902585 988660 163993 22186 52141 562320 2555 250713 41072 30503 1793 381 3368 1062 310827 9186 1256 268 8824 1617 17795 11227 220 1443 4769 35672 19283 1690 55821 6315
internal_value=-0.000365722 -0.00726026 0.00299304 -0.0236208 0.00526377 0.00641605 0.0162717 -0.00531205 0.00536353 -0.0031397 0.00782909 0.0178721 -0.000481207 -0.040532 -0.0298428 -0.00434914 -0.00849877 -0.00806239 0.0185428 0.0319224 -0.00695639 -0.026136 0.0202171 -0.0181099 -0.00543756 -0.00793172 -0.00130103 -0.010545 -0.0159797 0.0105838
internal_weight=12510.5 4098.18 8412.34 436.082 5028.78 4289.95 413.935 3662.1 3876.01 2524.78 250.741 403.288 92.4095 15.6795 343.673 2274.04 955.086 950.037 401.002 109.493 914.328 67.0925 14.1504 8.33625 847.236 717.559 393.42 221.297 324.139 172.123
internal_count=3600925 1865437 1735488 428823 832903 668910 65518 1436614 603392 447954 32296 62963 26616 4430 402207 415658 164945 163689 62582 10441 154503 13158 1931 1711 141345 123550 62960 37362 60590 25598
is_linear=0
shrinkage=0.05


Tree=80
num_leaves=31
num_cat=0
split_feature=3 0 1 0 0 0 1 12 6 1 12 8 0 7 1 7 12 12 12 8 12 8 7 7 12 1 0 0 7 0
split_gain=1074.31 66.8275 53.6142 34.4313 31.9232 18.2478 14.4687 11.0029 17.1445 10.8835 11.4608 15.3024 12.5312 11.0358 10.7675 17.173 12.0568 10.9248 13.4383 12.0603 12.4167 14.4219 11.6481 11.432 13.1713 12.9725 12.1204 11.3252 10.3478 12.2813
threshold=1.0000000180025095e-35 21.832920931654375 0.51368334889411937 44.911517938056939 28.330972930911233 61.419888893899049 1.0000000180025095e-35 33.500000000000007 1.0000000180025095e-35 0.75676664710044872 2499.5000000000005 6.4792768955230722 37.996997195237789 6.7973818778991708 0.77081426978111278 4.2413008213043222 896.50000000000011 387.50000000000006 359.50000000000006 7.5472350120544442 87.500000000000014 7.6016521453857431 7.1974341869354257 4.5053346157073983 339.50000000000006 0.68685591220855724 31.725929553180325 34.112061908428593 5.995206594467164 51.302268195318909
decision_type=2 2 2 2 2 2 2 2 2 2 2 2 2 2 2 2 2 2 2 2 2 2 2 2 2 2 2 2 2 2
left_child=1 7 4 6 -2 9 -3 8 -1 13 28 -12 -13 -4 17 16 -16 18 19 -8 -21 -22 -20 24 25 -23 -25 -26 29 -11
right_child=2 3 5 -5 -6 -7 14 -9 -10 10 11 12 -14 -15 15 -17 -18 -19 22 20 21 23 -24 26 27 -27 -28 -29 -30 -31
leaf_value=-0.065269875858976256 -0.0045230682701456739 -0.027610623065819108 0.012500544218388338 -0.010005214549409199 0.0097609379936685683 0.023729275792012759 -0.026760963398810813 -0.037504333111202465 0.069292262621472853 0.021315428941186328 0.057080496375040118 -0.025054499244762465 0.029915106956509847 0.036136572624240158 -0.02679196632520341 -0.0093968446935683066 -0.056935061888978414 -0.014786790421466614 -0.065516798441511079 -0.043600774267983797 0.023138503455408285 -0.012409681988716177 0.087398848357309683 0.047189638537995349 -0.071366488865518968 -0.051899378006065922 -0.073060613624100323 0.055167631413273556 -0.015787952784811342 0.007249339618121531
leaf_weight=3.9259513859386725 599.62983840367087 403.75942745767361 3883.7097938144288 1746.6988082111825 1125.0469394082174 530.01647753149155 328.04978465129261 416.4736051737795 5.9615877663433707 612.87753934735883 43.382988831912371 13.089045665226875 49.869850525104994 50.020946934630047 84.003319030474813 78.175213526308653 54.824886334177791 1944.1729553267787 24.808106503307503 24.624271748168212 34.46335035913944 62.13962169858678 1.3111653178348195 12.568893266921803 2.1834105008165343 31.258180618486222 2.5147407690947139 9.3024020666671259 23.656777706608409 207.79415928575327
leaf_count=7547 18966 1307164 18260 667492 14786 1854 142559 671470 1491 2075 110 71 162 192 53978 25479 30072 575210 12578 9850 7515 14918 12 1020 1122 11540 1256 716 88 707
internal_value=-0.000168808 -0.017289 0.0124721 -0.0156189 0.00479472 0.0149176 -0.0187838 -0.0362667 0.015863 0.0139614 0.0187624 0.0342315 0.018487 0.0128011 -0.0174611 -0.0281409 -0.0386958 -0.0165257 -0.0228657 -0.0210643 -0.0106272 -0.00536954 -0.0578406 -0.0135591 -0.0194124 -0.025626 0.0271415 0.031114 0.0168141 0.0177539
internal_weight=12410.3 5271.22 7139.09 4844.86 1724.68 5414.42 3098.16 426.361 9.88754 4884.4 950.67 106.342 62.9589 3933.73 2694.4 217.003 138.828 2477.4 533.224 507.105 179.055 154.431 26.1193 119.967 104.884 93.3978 15.0836 11.4858 844.328 820.672
internal_count=3600260 3542989 57271 2862481 33752 23519 2194989 680508 9038 21665 3213 343 233 18452 887825 109529 84050 778296 203086 190496 47937 38087 12590 30572 28296 26458 2276 1838 2870 2782
is_linear=0
shrinkage=0.05


Tree=81
num_leaves=31
num_cat=0
split_feature=3 0 1 0 1 0 1 1 8 12 12 12 8 1 0 11 11 12 1 8 1 11 0 0 1 1 12 11 0 12
split_gain=953.578 76.1468 51.5244 25.5739 25.4998 24.303 17.399 17.2064 16.1099 16.7556 14.874 14.8969 18.7782 20.0912 15.3908 14.9459 14.5245 19.7038 12.2222 17.2999 14.1622 12.2171 11.9326 11.753 13.3547 18.8131 11.9206 12.0964 11.1743 10.7098
threshold=1.0000000180025095e-35 27.276883840560917 0.5423724651336671 45.381685110362021 1.0000000180025095e-35 28.330972930911233 0.70004886388778698 0.68403369188308727 13.815511226654055 19.500000000000004 2202.5000000000005 2324.5000000000005 8.7873439788818377 0.82219353318214428 44.033764384985268 23.500000000000004 39.500000000000007 1930.5000000000002 0.57068943977355968 8.9872593879699725 0.59817656874656688 49.500000000000007 27.485574918155184 48.564443069248235 0.74769887328147899 0.76669952273368847 93.500000000000014 23.500000000000004 56.044703862258764 1949.5000000000002
decision_type=2 2 2 2 2 2 2 2 2 2 2 2 2 2 2 2 2 2 2 2 2 2 2 2 2 2 2 2 2 2
left_child=1 4 5 10 -1 21 7 -6 9 -8 16 -12 15 14 -14 -13 17 -3 19 22 -20 -2 -18 -4 26 -26 -25 -28 -7 -24
right_child=2 3 23 -5 6 28 8 -9 -10 -11 11 12 13 -15 -16 -17 18 -19 20 -21 -22 -23 29 24 25 -27 27 -29 -30 -31
leaf_value=-0.040349653522369855 -0.0011866199372828111 -0.013720181440311719 0.013032971904306315 -0.0083101089916476894 -0.02259992680133532 0.007552889732122591 0.064443827723730696 0.0059809600513986436 0.059252554286122888 -0.05010068402511382 0.013386350962914179 -0.050678894392132245 -0.063016868018063582 0.048551251182480548 0.026848930159314249 -0.0056704292891043666 0.036469419409212944 -0.043905827460432804 0.0017454093322803042 0.0031296457735070977 -0.022880156152242377 -0.03034907068298566 -0.046902782764358275 -0.020351984331325637 0.036104237363036307 0.017741775116115636 0.028608470903521272 0.013015276418985059 0.024035928348684874 -0.0046137578300749623
leaf_weight=307.0833831614691 609.52047339593446 1301.3898937990298 3650.4634489758537 1714.26798239253 535.87958988018272 1088.0963497299235 3.3052755250901091 58.398605247522937 3.7623818454885614 93.698643575346068 67.841250637170788 19.455937765786075 38.795583164945128 5.5989593706617589 5.4314808484414234 354.89064218752242 4.9134502658243937 56.404880982470786 66.709846342440869 26.518033038009889 467.82212764608084 38.162125200134142 147.41308128427545 23.902937643026235 209.10544591824873 418.97515955280687 146.75577376154251 815.46877263810893 113.55174050154164 16.663941313642226
leaf_count=985322 18027 805360 16731 639234 231633 14245 629 20868 293 66347 27632 14871 23151 277 998 196711 5496 31262 11437 19476 165842 1330 276777 80 576 1405 490 3149 1121 19489
internal_value=0.000123222 -0.0159399 0.012082 -0.0130437 -0.0283504 0.00490239 -0.0230489 -0.0197913 -0.0422605 -0.0461977 -0.0161891 -0.00836836 -0.0118478 -0.0406838 -0.0519805 -0.00800966 -0.0180321 -0.0149741 -0.0237195 -0.0344168 -0.0198069 -0.0029049 -0.0403086 0.0146039 0.0181566 0.0238551 0.0145271 0.0153935 0.00911048 -0.0426078
internal_weight=12410.2 5296.24 7114 4294.12 1002.13 1849.33 695.044 594.278 100.766 97.0039 2579.85 492.014 424.173 49.826 44.2271 374.347 2087.84 1357.79 730.04 195.509 534.532 647.683 168.99 5264.67 1614.21 628.081 986.127 962.225 1201.65 164.077
internal_count=3600259 3543105 57154 2238013 1305092 34723 319770 252501 67269 66976 1598779 263640 236008 24426 24149 211582 1335139 836622 498517 321238 177279 19357 301762 22431 5700 1981 3719 3639 15366 296266
is_linear=0
shrinkage=0.05


Tree=82
num_leaves=31
num_cat=0
split_feature=3 0 0 0 7 7 8 12 12 5 0 12 12 7 7 8 8 8 5 7 7 7 11 7 7 8 0 12 8 7
split_gain=885.602 70.4413 52.6237 33.4215 15.8235 15.7717 13.972 12.2095 13.5525 12.3306 11.2674 10.9368 10.7901 11.1166 16.4045 10.645 9.63888 9.42867 14.5095 13.403 16.9039 12.9451 10.7473 9.11689 9.09696 14.4642 11.4261 10.8098 8.89981 8.5668
threshold=1.0000000180025095e-35 37.645366161003047 38.927114098076352 19.856720862298975 5.0466406345367441 6.9260861873626718 6.6253843307495126 519.50000000000011 699.50000000000011 4.8948321342468271 28.458874041527455 658.50000000000011 3400.5000000000005 5.0271592140197763 1.7005987167358401 6.8040599822998056 10.596672058105471 11.925519466400148 4.9871957302093515 5.059420347213746 7.6417605876922616 6.8139936923980722 36.500000000000007 4.7317931652069101 1.8688347935676577 6.8982098102569589 34.793249309062965 177.50000000000003 10.306982994079592 4.9089648723602304
decision_type=2 2 2 2 2 2 2 2 2 2 2 2 2 2 2 2 2 2 2 2 2 2 2 2 2 2 2 2 2 2
left_child=1 3 6 -1 -5 -6 29 24 11 10 23 15 -3 14 -14 -9 -17 18 19 -15 -21 22 -20 -10 25 -8 -27 -28 -25 -2
right_child=2 12 -4 4 5 -7 7 8 9 -11 -12 -13 13 17 -16 16 -18 -19 21 20 -22 -23 -24 28 -26 26 27 -29 -30 -31
leaf_value=-0.038150450165993242 0.009075465277006655 -0.0093530049368251624 0.015818481496036606 -0.02131123792372127 -0.0066418073258429139 -0.067627482461042859 -0.074377411981395303 -0.077893462486298068 0.0032462323040099981 -0.00014776354126616627 0.017046783110279837 -0.043080167010552485 0.0039836815415443469 0.055601336498810411 -0.047693233939502255 -0.0063179525243499254 0.069392922054169179 0.059626054336451878 -0.086642334697241849 -0.067312672623397879 0.017990167607003626 -0.06220086616703055 0.048630268166769686 -0.059239576287259212 0.014513798155076372 0.010119547308002524 0.0011896658222816036 -0.054199990129023948 0.071812472747095665 0.019282955455668944
leaf_weight=274.75673626441721 1358.6569601534593 2582.8664387306121 3500.4393495567492 1951.603121656959 285.19716583346235 11.01070744229264 6.1332458399119778 5.0104999941540873 131.93490349375134 801.05951867059048 250.82794695448683 24.696819855955255 20.253761762414342 3.7410004113626192 63.521321891867046 110.85660178812395 4.369581163628026 4.8699516908891374 1.6118301955248231 21.994201708275799 7.8913918316648042 4.0599588386903624 16.491266262522913 10.270933811640132 403.49958324556064 142.2724743981853 21.775162510137307 14.792128616507396 1.4824745597434219 242.19294274748063
leaf_count=502114 12835 1131438 17307 1647939 171734 13326 85 94 2673 11784 2225 430 8188 549 45062 1360 32 177 663 16166 919 2202 2675 391 3507 1339 83 139 18 2581
internal_value=-0.000128673 -0.0156668 0.0114745 -0.021689 -0.0196769 -0.00890878 0.00716664 0.00430092 0.0016653 0.00341572 0.0106513 -0.0127741 -0.0100967 -0.0233961 -0.0351996 -0.0065492 -0.00344686 -0.00709453 -0.0129187 -0.0336197 -0.0447882 0.0184897 0.0365861 -0.000512876 0.0103047 0.00112303 0.00371229 -0.0212164 -0.0427098 0.0106198
internal_weight=12280.1 5249.87 7030.27 2522.57 2247.81 296.208 3529.83 1928.98 1340.51 1195.58 394.516 144.934 2727.3 144.435 83.7751 120.237 115.226 60.6596 55.7896 33.6266 29.8856 22.1631 18.1031 143.688 588.473 184.973 178.84 36.5673 11.7534 1600.85
internal_count=3600035 3543152 56883 2335113 1832999 185060 39576 24160 19007 17091 5307 1916 1208039 76601 53250 1486 1392 23351 23174 17634 17085 5540 3338 3082 5153 1646 1561 222 409 15416
is_linear=0
shrinkage=0.05


Tree=83
num_leaves=31
num_cat=0
split_feature=3 0 1 0 0 0 1 1 1 0 1 11 11 1 7 7 1 1 1 0 1 5 11 0 7 0 11 7 0 0
split_gain=891.907 98.0061 41.1624 24.8675 22.8793 15.2823 14.6339 14.9986 12.5627 13.8171 11.7566 17.2589 14.9348 11.697 11.5359 10.9556 11.2219 14.7988 25.1549 19.6047 12.8121 12.5483 11.6009 10.8611 10.792 10.3577 10.0546 11.2701 14.8591 12.8839
threshold=1.0000000180025095e-35 27.381498787584864 0.38465785980224615 43.5979521188383 40.133545795200924 42.492732186608926 1.0000000180025095e-35 0.75207445025444042 0.7231939733028413 28.733637571334842 0.71844381093978893 37.500000000000007 20.500000000000004 0.76254314184188854 2.1383330821990971 2.9700856208801274 0.73850890994071972 0.7596479356288911 0.75207445025444042 36.153187875963347 0.74510830640792858 4.9394986629486093 43.500000000000007 39.972687359397248 2.6020033359527592 13.230743121544949 49.500000000000007 4.6200466156005868 30.23641028798011 32.762374526824722
decision_type=2 2 2 2 2 2 2 2 2 2 2 2 2 2 2 2 2 2 2 2 2 2 2 2 2 2 2 2 2 2
left_child=1 6 4 26 23 8 -1 -8 10 13 -4 12 -12 -10 -14 -11 22 18 19 20 -18 -20 -17 -2 -15 -9 27 -3 -29 -30
right_child=2 3 5 -5 -6 -7 7 25 9 15 11 -13 14 24 -16 16 17 -19 21 -21 -22 -23 -24 -25 -26 -27 -28 28 29 -31
leaf_value=-0.039334140447372067 -2.4525698979340486e-05 -0.017113493128978859 0.0098444030553697243 -0.0083452784464772972 0.012888849057494822 0.016470257734770122 -0.024683023263301337 0.11276528755470872 0.040591414551344684 0.0061762245496707665 0.01253446982682768 0.022978557005370263 -0.014303134977679292 0.04448948858437355 -0.080696851074533837 0.042529116718176919 0.004106146192375891 0.022112036837761008 -0.078240368593529314 -0.018162881047231058 0.05736457234090428 -0.013289229480269022 0.0059028623150130461 -0.087273365769143518 -0.0084807952922926685 -0.073529307913116529 -0.030059286503062679 0.006377337683691065 -0.038173517999003245 -0.0097431471121533567
leaf_weight=299.2864077900158 971.08446587890467 1711.2663666454027 2194.6216037638969 1928.3868046557795 491.18532558728475 2441.1794548752805 651.60837341098159 0.7736380454152848 95.48373037964484 292.8997034097265 12.772138737142084 22.288648354646284 11.192998751997949 14.447733257897196 15.746064962353556 79.498033799522091 19.683752884157002 191.49136023352548 12.297493865684375 28.351041885092854 26.488446273840964 18.81104444898665 29.695190485726926 3.5800755864474914 28.750044099055231 20.966827645544981 121.46046328551893 125.77519407678164 46.734608837391534 270.49258231293516
leaf_count=994142 25852 1151766 13382 750910 5346 9153 305862 43 359 1143 42 95 36 48 81 262 71 652 63 142 76 69 100 84 103 18831 103386 44769 34458 139214
internal_value=-9.54255e-05 -0.0158318 0.0115396 -0.0125227 0.00408947 0.0135124 -0.0301349 -0.0260461 0.0111791 0.0164072 0.00923781 -0.0122339 -0.0319975 0.0308244 -0.0531107 0.0135477 0.0188616 0.0138243 -0.0012 0.0145644 0.0346599 -0.038965 0.0325686 -0.000345003 0.00923541 -0.0669 -0.0160626 -0.0152734 -0.00816556 -0.0139316
internal_weight=12178.3 5176.75 7001.55 4204.12 1465.85 5535.7 972.635 673.349 3094.52 837.898 2256.62 61.9999 39.7112 138.682 26.9391 699.216 406.316 297.123 105.632 74.5232 46.1722 31.1085 109.193 974.665 43.1978 21.7405 2275.73 2154.27 443.002 317.227
internal_count=3600540 3543381 57159 2224503 31282 25877 1318878 324736 16724 3088 13636 254 159 510 117 2578 1435 1073 421 289 147 132 362 25936 151 18874 1473593 1370207 218441 173672
is_linear=0
shrinkage=0.05


Tree=84
num_leaves=31
num_cat=0
split_feature=3 0 1 1 0 7 0 12 12 0 1 0 0 12 0 0 8 8 8 12 7 0 7 7 8 12 1 8 0 1
split_gain=862.434 66.9523 49.1003 38.4246 27.5193 18.8129 14.0235 13.7187 22.1055 13.6415 13.5303 13.0358 15.6555 12.4033 10.9378 13.0493 13.5071 14.2144 19.6055 11.5885 10.3282 12.0184 18.1788 15.8899 13.6765 15.0594 13.4293 11.1765 10.2905 12.0791
threshold=1.0000000180025095e-35 36.623165194705514 0.52732771635055553 0.43326406180858618 40.280228774952782 2.6020033359527592 63.50759748686324 533.50000000000011 504.50000000000006 20.486215531826023 0.80469611287117015 35.847203636625643 35.699507168741555 623.50000000000011 21.832920931654375 33.601011854378164 7.8242459297180185 5.0205800533294687 3.8393944501876835 51.500000000000007 3.9219243526458745 50.935361998883316 3.65057384967804 3.3140207529067998 5.8126356601715097 1119.5000000000002 0.80133241415023815 7.3135535717010507 60.438021918220336 0.68685591220855724
decision_type=2 2 2 2 2 2 2 2 2 2 2 2 2 2 2 2 2 2 2 2 2 2 2 2 2 2 2 2 2 2
left_child=1 3 4 9 -2 7 20 8 10 -1 -5 12 14 -9 -7 -16 17 18 19 -17 21 26 23 24 25 -23 -4 -24 -22 -30
right_child=2 -3 6 5 -6 11 -8 13 -10 -11 -12 -13 -14 -15 15 16 -18 -19 -20 -21 28 22 27 -25 -26 -27 -28 -29 29 -31
leaf_value=-0.044420961520932063 0.00092620441839125255 -0.0094240691203951298 0.010051528790043908 -0.022220689501013479 0.014494815486434113 -0.028018549023923579 0.023293677335395772 -0.070007041464348427 0.036036525431255594 -0.027170923202616545 0.034340870757530201 -0.039185217056079094 0.030839576395216995 -0.028727504616244522 -0.0095649951875228061 0.064548032393258542 -0.0051364189722085092 -0.05272330615438621 0.032687023719442244 -0.073464461175938189 0.017759291237119442 0.012926408738414288 -0.030761616636804896 0.041955885012219585 0.022199937437826518 -0.032293230441401859 0.029057497697931284 0.016314315527024899 -0.058330652512401694 0.0074708093617691131
leaf_weight=170.80236146532582 1217.0643176764615 2830.9675123783868 2433.363756491176 261.94107956442667 539.26019159613497 115.26918084661338 440.51321295538219 19.253820996608738 18.857232525293057 348.36819908047335 11.017924781786858 48.204934518966184 20.33356203022413 331.65528078661418 876.58546709064467 1.7738122221489927 47.090989945405454 56.802971971719671 13.842737358674638 10.671792744209595 1620.5717536683205 68.581338799092919 28.328755101872957 80.103267078724457 364.4087134248839 25.168498384882696 96.632914178795545 22.719892429886386 9.2429865086451155 28.415467670303769
leaf_count=482107 28565 1290937 11594 120564 5579 58802 1558 11876 4232 1080097 3001 19098 3798 137269 278047 184 12182 31384 3278 6286 7211 210 128 228 1242 108 415 83 56 134
internal_value=0.000842992 -0.0146042 0.0123235 -0.0208379 0.0050923 -0.0174374 0.0147574 -0.024331 -0.0163205 -0.032846 -0.0199376 -0.0137159 -0.0126411 -0.0309924 -0.0134291 -0.0117587 -0.0265301 -0.0386546 -0.0082555 -0.0537942 0.0139704 0.0122753 0.018706 0.0214104 0.0178183 0.000786543 0.0107775 -0.00980984 0.0171589 -0.00867967
internal_weight=12157.8 5183.44 6974.38 2352.47 1756.32 1833.3 5218.05 642.725 291.816 519.171 272.959 1190.58 1142.37 350.909 1122.04 1006.77 130.182 83.0913 26.2883 12.4456 4777.54 3119.31 589.31 538.262 458.159 93.7498 2530 51.0486 1658.23 37.6585
internal_count=3600253 3543142 57111 2252205 34144 690001 22967 276942 127797 1562204 123565 413059 393961 149145 390163 331361 53314 41132 9748 6470 21409 14008 1999 1788 1560 318 12009 211 7401 190
is_linear=0
shrinkage=0.05


Tree=85
num_leaves=31
num_cat=0
split_feature=3 1 1 0 0 0 7 12 0 7 12 12 0 0 7 8 8 7 1 1 12 12 12 12 7 1 12 1 7 12
split_gain=762.906 62.24 34.6267 23.8593 20.6521 18.8791 15.1284 15.1019 13.3792 13.2867 13.9058 16.7411 11.9112 11.888 10.5856 10.5221 10.4842 9.8387 11.6273 9.45226 10.6893 12.9595 10.081 9.90913 9.35661 15.3166 14.3513 12.0906 17.5346 14.5592
threshold=1.0000000180025095e-35 0.41471430659294134 0.52732771635055553 29.186132404982349 26.418142547787287 31.315075048561997 4.79990577697754 2274.5000000000005 51.6733770379251 6.1147871017456064 927.50000000000011 606.50000000000011 27.381498787584864 30.777892024492761 4.6774799823760995 11.004941463470461 6.8982098102569589 4.5900437831878671 0.77081426978111278 0.59817656874656688 222.50000000000003 190.50000000000003 827.50000000000011 858.50000000000011 4.9089648723602304 0.65946751832962047 254.50000000000003 0.64870747923851024 5.4445774555206308 1969.5000000000002
decision_type=2 2 2 2 2 2 2 2 2 2 2 2 2 2 2 2 2 2 2 2 2 2 2 2 2 2 2 2 2 2
left_child=1 3 4 -1 -2 6 13 9 24 10 11 -8 16 14 17 -7 -11 18 -3 22 21 -21 -15 -24 -4 26 -26 28 -28 -30
right_child=2 5 8 -5 -6 15 7 -9 -10 12 -12 -13 -14 19 -16 -17 -18 -19 -20 20 -22 -23 23 -25 25 -27 27 -29 29 -31
leaf_value=-0.037711886757442616 -0.0038907079628716307 -0.018230685789796561 0.010733604036331066 -0.018765298600480665 0.0083138892387008122 -0.010781892840459271 -0.0014002286233074888 -0.030215615626640043 0.01777302071444643 -0.072901358817472381 0.015433815852896802 -0.076168270280523226 -0.087581346312211691 -0.077904255662155503 -0.057816732621616795 0.006780806211486543 0.026918952201711449 0.012917970197219332 -0.053911832253207906 -0.072691133315944442 -0.0745395152232987 0.066225468763619733 0.073597958709211903 -0.0250982665794879 -0.057709374795695982 0.023503310133961852 0.033405534495026465 -0.023652111343371147 -0.023889710427341702 0.018814392539435332
leaf_weight=348.27821682093236 478.40081027725773 880.95952750082688 3386.2447501345068 317.77357266963099 1258.3665695301388 3176.9002410684488 33.807540034844351 49.392716262758768 1187.4893657217472 3.9702506838893914 110.57104150446867 9.6162358827459666 7.4439842245974424 4.1224688084112122 17.26859887552564 87.634838217345532 7.7952364155789837 24.559755133788713 23.43927629862992 3.3800620694064483 25.686089352915587 3.3357739334896905 4.2278936097718525 6.3821638121298747 8.4944117632694525 374.11150502162491 66.014329357873066 24.46381279657362 37.902322306606948 42.159850284129789
leaf_count=1131700 16685 369493 15925 1050062 17602 872744 8647 18076 4426 2370 18519 5228 2324 1622 7912 9705 1632 5855 19222 2211 13609 423 50 1777 51 1450 428 126 302 255
internal_value=0.000141651 -0.0144113 0.0110538 -0.0286725 0.00495208 -0.0122913 -0.0176093 -0.00582775 0.0131208 0.00112694 0.00601801 -0.0179577 -0.0380828 -0.0202493 -0.0190285 -0.0103104 -0.0067653 -0.0183075 -0.0191554 -0.0447569 -0.059855 -0.00369088 -0.011551 0.0142302 0.0117185 0.0177476 0.00572041 0.00887977 0.014328 -0.0014022
internal_weight=12010.2 5146.55 6863.65 666.052 1736.77 4480.49 1215.96 222.597 5126.88 173.204 153.995 43.4238 19.2095 993.362 946.227 3264.54 11.7655 928.959 904.399 47.1345 32.4019 6.71584 14.7325 10.6101 3939.39 553.146 179.035 170.54 146.077 80.0622
internal_count=3600431 3543181 57250 2181762 34287 1361419 478970 56796 22963 38720 32394 13875 6326 422174 402482 882449 4002 394570 388715 19692 16243 2634 3449 1827 18537 2612 1162 1111 985 557
is_linear=0
shrinkage=0.05


Tree=86
num_leaves=31
num_cat=0
split_feature=3 0 0 1 1 0 0 8 1 1 1 8 1 8 11 11 1 8 8 8 11 0 0 1 11 11 8 8 1 5
split_gain=792.731 68.849 32.1878 27.6286 27.1383 21.7939 12.9067 12.2841 16.9051 13.0868 9.38449 11.4889 10.8203 10.5971 9.95632 17.7784 9.89859 9.78861 9.37355 10.1231 12.9013 9.76335 9.32498 9.29821 9.6356 8.74381 11.3711 14.5225 15.6174 10.7374
threshold=1.0000000180025095e-35 32.311915178237548 34.657991193911592 0.60841339826583873 1.0000000180025095e-35 49.153644741651085 56.62229317903985 11.004941463470461 0.69919240474700939 0.59817656874656688 0.80133241415023815 6.1601512432098398 0.82523763179779064 6.1974613666534433 43.500000000000007 28.500000000000004 0.74679896235466015 1.0000000180025095e-35 4.6200466156005868 6.2156071662902841 48.500000000000007 49.842019936113509 13.230743121544949 0.74940919876098644 45.500000000000007 41.500000000000007 1.8688347935676577 6.0991966724395761 0.62568986415863048 4.8400712013244638
decision_type=2 2 2 2 2 2 2 2 2 2 2 2 2 2 2 2 2 2 2 2 2 2 2 2 2 2 2 2 2 2
left_child=1 4 3 -2 -1 7 -4 -3 9 -9 16 -12 13 -13 15 -14 -7 -18 -19 20 21 -20 -6 24 -21 -24 -27 -28 -29 -30
right_child=2 5 6 -5 22 10 -8 8 -10 -11 11 12 14 -15 -16 -17 17 18 19 23 -22 -23 25 -25 -26 26 27 28 29 -31
leaf_value=-0.035392558576699866 0.0013279634007837989 -0.014975861651588596 0.012151866732620956 0.011703539901068616 -0.061390580720304483 -0.0076581503618285106 0.018911445000004173 0.0042994507989412888 0.025550088712411906 -0.083568119087896908 -0.05851415386426654 0.086410232531664022 0.014949773790429974 -0.039813825252862645 0.035634267495304364 -0.064964693754729283 -0.038305525144972895 0.035443530845231566 0.040985626083882232 0.039290928889409285 0.033141607355128867 -0.056362771957530255 -0.017001634543750293 0.0017750994129006983 -0.084646545643580484 -0.0041482804703322548 -0.052604796334688508 -0.013910690663560958 -0.06521021041896817 -0.030004595848724669
leaf_weight=371.9248772915987 1291.2294952227176 1989.7748015611414 3351.5458256835418 1275.3315296194123 13.535118362164438 869.19487492060534 894.69800373326871 9.9088947643913361 41.45346935280395 7.4038110055334974 16.821124024188975 1.7478479363780923 19.427048920108067 34.174321552181937 15.464532210186006 10.844544018451414 14.135136695840627 22.351281793144153 2.9556858201867788 26.718545113581062 7.1298441605758844 20.029766232873953 915.80521724756954 243.18170497949177 1.6660305012919696 51.959235913787779 55.710306886572653 153.92186357821447 27.476865652231936 102.26850163683594
leaf_count=1305445 27698 1250856 19502 6161 7812 321520 3849 4413 4715 2026 10732 67 5901 17144 3228 7002 5946 4799 436 2220 1302 9742 357599 55338 649 17532 30122 51366 16141 47859
internal_value=-0.00022202 -0.015241 0.0109042 0.00648362 -0.0234622 -0.0110927 0.0135761 -0.0143105 0.00821936 -0.0332773 -0.00604483 -0.0208863 -0.0131351 -0.0336722 0.00299511 -0.0136789 -0.00483427 0.00242395 0.00420067 0.00188592 -0.0256181 -0.0438448 -0.0201024 0.00493598 0.0320164 -0.0196748 -0.0259307 -0.0292656 -0.0246819 -0.0374603
internal_weight=11859.8 5046.99 6812.8 2566.56 1692.6 3354.38 4246.24 2048.54 58.7662 17.3127 1305.84 98.4794 81.6583 35.9222 45.7361 30.2716 1207.36 338.168 324.033 301.682 30.1153 22.9855 1320.68 271.566 28.3846 1307.14 391.337 339.378 283.667 129.745
internal_count=3599122 3541912 57210 33859 1833876 1708036 23351 1262010 11154 6439 446026 44074 33342 17211 16131 12903 401952 80432 74486 69687 11480 10178 528431 58207 2869 520619 163020 145488 115366 64000
is_linear=0
shrinkage=0.05


Tree=87
num_leaves=31
num_cat=0
split_feature=3 0 0 0 1 11 7 1 0 1 0 7 11 0 7 7 8 0 0 7 7 0 0 1 7 0 12 12 12 11
split_gain=714.48 78.4756 42.4351 34.8063 19.0144 21.0379 21.6222 14.845 14.1298 13.1046 13.2719 12.8529 12.082 11.8616 11.4422 15.8669 12.2588 11.8521 11.9066 17.3994 11.2693 11.5148 11.1802 10.6863 9.96054 9.62929 14.0499 15.4874 15.2676 9.95374
threshold=1.0000000180025095e-35 22.841426115621292 31.180725687620001 40.713683310226777 0.61813724040985119 36.500000000000007 6.4512596130371103 0.51851350069046032 31.589673364862396 0.49188277125358587 29.966725349426273 1.0000000180025095e-35 48.500000000000007 30.109389814177124 3.5114340782165532 3.3497501611709599 7.5524969100952157 19.698451743712216 20.336688995361332 2.0126758217811589 5.9175479412078866 71.169067537874085 35.847203636625643 0.61333882808685314 5.3351285457611093 33.056870937347419 769.50000000000011 482.50000000000006 1760.5000000000002 59.500000000000007
decision_type=2 2 2 2 2 2 2 2 2 2 2 2 2 2 2 2 2 2 2 2 2 2 2 2 2 2 2 2 2 2
left_child=1 7 9 -3 22 20 8 -1 -7 13 -11 -12 -10 -2 15 17 -17 -9 19 -19 21 -6 24 -24 -4 -14 27 -27 -28 -30
right_child=2 3 4 -5 5 6 -8 14 12 10 11 -13 25 -15 -16 16 -18 18 -20 -21 -22 -23 23 -25 -26 26 28 -29 29 -31
leaf_value=-0.042332477964441097 -0.0032717216108892853 -0.016838878674145796 0.0025417055728219292 -0.0081133569848411292 0.018007857036360729 0.045006857247893037 0.042495747478123527 -0.045056287302837929 0.0065172253496958918 0.0091839755675748973 0.046928229491884209 -0.011059884927433126 0.055637750761322935 0.019577002491205097 -0.040753119274794539 0.049415023292912572 -0.083806451697474527 -0.061862299111299417 -0.021811005912730993 0.047934314516486949 -0.0060521382792850078 0.034548474986726432 0.011415585067673437 -0.017157120344631051 -0.029954358477177347 0.010042050327449124 0.03312540638550792 -0.048618988989940368 0.0025370159458286464 0.040159225343007803
leaf_weight=251.05742134924844 655.26725444221938 2310.5916074770603 324.42276911242516 2261.6049085947852 1718.0645702343863 27.526003304636106 51.338712139986455 38.725803045397015 1181.0199998362896 1060.2751116530089 10.285466066678053 134.68479889864102 15.700566907355094 62.192451061651809 71.290984455187299 13.233921685598942 1.9859234448740597 4.7223120668168148 68.414510048220109 15.294559589845447 45.939962385571562 112.08283584055607 1018.3817568276281 33.810356474423315 25.429294769463013 36.714595201599877 121.92035500798374 16.223753458820283 110.13371635923795 20.920283201150596
leaf_count=684043 20291 1782504 4106 957368 6546 101 168 31046 5132 6397 53 835 74 1026 41419 3106 1287 3106 37056 2838 205 302 10115 185 426 139 370 93 524 69
internal_value=-0.000247401 -0.0145126 0.0103467 -0.0125229 0.0128344 0.014826 0.0105781 -0.0340883 0.00950718 0.00405903 0.00724385 -0.0069457 0.00885688 -0.0012911 -0.0244016 -0.016214 0.032032 -0.0219888 -0.011887 0.0220315 0.0184069 0.0190208 0.00792286 0.0104975 0.000179702 0.0174485 0.0154885 -0.00793551 0.0203903 0.00854269
internal_weight=11819.3 5036.92 6782.33 4572.2 4859.63 3457.59 1581.5 464.725 1530.16 1922.71 1205.25 144.97 1502.63 717.46 213.668 142.377 15.2198 127.157 88.4314 20.0169 1876.09 1830.15 1402.04 1052.19 349.852 321.613 305.913 52.9383 252.974 131.054
internal_count=3600930 3543773 57157 2739872 28555 13723 6670 803901 6502 28602 7285 888 6401 21317 119858 78439 4393 74046 43000 5944 7053 6848 14832 10300 4532 1269 1195 232 963 593
is_linear=0
shrinkage=0.05


Tree=88
num_leaves=31
num_cat=0
split_feature=3 0 1 1 0 0 7 0 0 1 5 8 8 0 1 5 7 1 0 7 1 0 7 8 1 1 7 8 1 1
split_gain=714.97 73.3773 46.3195 39.3219 27.9848 15.6255 11.7204 12.8269 10.5098 9.45302 8.82111 12.8788 15.8068 11.1193 13.6679 9.59432 11.8511 9.35268 8.77923 19.3268 8.73806 8.61713 13.4194 12.6846 9.52284 12.9831 25.4054 13.7037 12.9523 11.8157
threshold=1.0000000180025095e-35 42.722800357609238 0.59991258382797252 0.41471430659294134 40.280228774952782 25.343876447845108 4.79990577697754 41.502212012397656 74.568784612602045 0.80657270550727855 4.9907515048980722 9.6159057617187518 9.5504422187805194 21.126478566962763 0.62698167562484752 4.9937694072723398 6.0924398899078378 0.67523354291915905 22.510761981335239 4.8559212684631357 0.85659196972846996 53.321059892219644 6.0924398899078378 13.809986114501955 0.70345124602317821 0.71013498306274425 3.9981586933135991 6.6764485836029062 0.70004886388778698 0.73006677627563488
decision_type=2 2 2 2 2 2 2 2 2 2 2 2 2 2 2 2 2 2 2 2 2 2 2 2 2 2 2 2 2 2
left_child=1 3 4 5 -2 -1 -5 9 10 18 13 12 15 14 -4 16 -12 -16 19 -8 21 22 23 24 28 26 27 -26 -3 -27
right_child=2 20 8 6 -6 -7 7 -9 -10 -11 11 -13 -14 -15 17 -17 -18 -19 -20 -21 -22 -23 -24 -25 25 29 -28 -29 -30 -31
leaf_value=-0.040480509761189984 0.0013998102623513965 -0.014153085840575619 0.031391898293025952 -0.017853515285438697 0.01345767718900614 -0.023264688543362125 0.043432179530198359 -0.057488691481012259 0.026806610828015782 -0.078920114415152384 -0.051936554655531209 0.030875803895291709 -0.038213154394731656 0.016127425895962829 -0.057392343059721324 0.011123884355858187 0.021554429918826157 -0.00052877150079756686 -0.0045009321000507333 -0.052960848911680361 -0.063864408637182415 -0.0029156974530133674 0.014127336888955483 -0.096849989188434349 -0.041456609304729587 -0.025526201927909466 -0.076388469124300196 0.045296114758291477 -0.071724104794539792 -0.0044672282870709401
leaf_weight=246.31673433395383 1561.768730896335 494.99677901388804 13.754168672487138 2033.1692906052449 695.47797913170143 283.49672378178809 6.6247001846641096 13.134663883178289 152.20618731860304 4.5599460391949824 13.294984484425187 79.463283548742766 16.6139802262187 2187.5041217660873 14.560527591675056 1998.1931623398596 9.33906765677966 14.36542738159187 388.33849762367845 24.180807106295106 6.6383819854672756 943.17875811132308 57.098422455415857 4.2629180437288587 5.2337282853914067 80.584239624302427 5.9892665430670595 34.951759840929299 9.9663261186360597 384.04412148132906
leaf_count=844627 31602 328844 96 802442 6463 971808 831 5551 496 3090 86 264 65 9411 124 8375 33 108 95925 14016 5399 288142 15842 818 2640 27693 2542 3262 4009 126228
internal_value=0.000336416 -0.0139426 0.0109598 -0.0189083 0.00511495 -0.0312685 -0.016257 -0.00882651 0.0138921 -0.007318 0.0134399 0.0111281 0.0103579 0.0156343 -0.00964124 0.0107572 -0.0216133 -0.0291523 -0.00653903 -0.0322316 -0.00659351 -0.00640533 -0.009461 -0.0107814 -0.0104202 -0.00560671 0.0196795 0.0339975 -0.0152894 -0.00811966
internal_weight=11783.3 5026.77 6756.54 2999.82 2257.25 529.813 2470.01 436.839 4499.29 423.704 4347.09 2116.9 2037.44 2230.18 42.6801 2020.83 22.6341 28.926 419.144 30.8055 2026.94 2020.31 1077.13 1020.03 1015.77 510.803 46.1748 40.1855 504.963 464.628
internal_count=3600832 3543709 57123 2738290 38065 1816435 921855 119413 19058 113862 18562 8823 8559 9739 328 8494 119 232 110772 14847 805419 800020 511878 496036 495218 162365 8444 5902 332853 153921
is_linear=0
shrinkage=0.05


Tree=89
num_leaves=31
num_cat=0
split_feature=0 0 0 0 7 2 7 7 12 0 7 12 8 6 5 8 7 0 5 7 0 12 5 8 0 8 12 2 8 7
split_gain=90.808 42.8805 18.0404 14.1569 9.65557 8.40426 8.97368 8.28075 7.71022 8.91969 9.26445 9.29769 7.45952 11.1993 6.81926 8.65161 6.79808 6.56054 7.05263 6.54265 6.22353 8.9691 6.22251 7.89132 6.17361 6.62971 11.3298 6.51664 6.13669 14.4236
threshold=34.50640341816689 19.856720862298975 10.815831422805788 66.728939531269148 4.1666352748870858 1.0000000180025095e-35 4.0342013835906991 5.3636341094970712 33.500000000000007 18.280841882871758 2.7403194904327397 2010.5000000000002 5.0205800533294687 1.0000000180025095e-35 4.9787485599517831 6.908255100250245 3.65057384967804 14.556813240051271 4.8503038883209237 3.8393944501876835 23.308298528194431 26.500000000000004 4.9850831031799325 4.6200466156005868 23.444701433181766 8.0065340995788592 1360.5000000000002 1.0000000180025095e-35 6.2156071662902841 5.4359006881713876
decision_type=2 2 2 2 2 2 2 2 2 2 2 2 2 2 2 2 2 2 2 2 2 2 2 2 2 2 2 2 2 2
left_child=1 2 -1 -2 12 -4 8 17 -7 19 11 -11 13 16 -9 -16 -5 -8 -19 -10 21 -3 23 -20 25 26 -22 -28 29 -6
right_child=3 20 5 4 28 6 7 14 9 10 -12 -13 -14 -15 15 -17 -18 18 22 -21 24 -23 -24 -25 -26 -27 27 -29 -30 -31
leaf_value=-0.052321411438861688 0.003088477197514023 -0.081657756504943668 -0.023634110973475737 0.032148546780399245 -0.025346890016791974 0.040944095145459748 -0.023570785930683607 -0.067336001242264368 -0.0078916963143664098 -0.035569597451133715 -0.069641496164570243 0.033240127299187093 0.0041519052633141569 -0.090397037379046252 -0.074106510883405002 0.042462680831932199 -0.075323149001045864 -0.033531549064240426 -0.058883027840564088 -0.077294603985325311 0.021985666421205311 -0.007626926656428468 -0.0028597579457873734 0.047388342843035308 -0.0030024646508247416 0.045079056411698432 0.013542164844089641 -0.079801273841097142 0.024336438134428304 0.04044746168766198
leaf_weight=38.597723632765906 6598.7390094537132 4.117308263394988 215.6419551650273 49.125807044406429 20.697104116312403 5.58706078135583 9.7574068170033552 6.4115496591875836 93.476841798614714 23.792190332095291 14.871810290084339 6.1855745999055207 359.63987130686291 2.0457710510818279 2.3864802898497146 4.7796602930648078 1.5168579884666531 5.156664754907978 1.864935667970715 3.5237825762142156 21.363192832443932 648.28506181073726 11.389940295630366 27.589444403580274 3328.696764694696 13.501724450127766 2.8778997635454271 5.3379024154364743 160.68155455894248 13.940271733197731
leaf_count=92320 1438351 3702 351634 5032 4035 983 2227 2304 30658 9926 6980 1402 45272 626 876 461 901 1680 758 1760 7323 359697 3078 3850 1203581 2773 2650 1455 12252 1612
internal_value=0.000282209 -0.00529471 -0.0195688 0.00376098 0.011064 -0.0166453 -0.00969289 0.00514173 -0.0166692 -0.0189385 -0.0373775 -0.0213715 0.00672602 0.0242964 -0.0298743 0.00364261 0.0289295 0.0136685 0.0215674 -0.0104129 -0.00362399 -0.00809413 0.0285237 0.0406597 -0.00275907 0.0160473 0.00279542 -0.0471042 0.0202216 0.00113292
internal_weight=11701.6 4495.19 471.013 7206.39 607.647 432.415 216.773 69.3361 147.437 141.85 44.8496 29.9778 412.328 52.6884 13.5777 7.16614 50.6427 55.7584 46.001 97.0006 4024.18 652.402 40.8443 29.4544 3371.78 43.0807 29.579 8.2158 195.319 34.6374
internal_count=3600159 2092078 510897 1508081 69730 418577 66943 15234 51709 50726 18308 11328 51831 6559 3641 1337 5933 11593 9366 32418 1581181 363399 7686 4608 1217782 14201 11428 4105 17899 5647
is_linear=0
shrinkage=0.05


Tree=90
num_leaves=31
num_cat=0
split_feature=3 0 1 1 0 0 7 7 5 11 11 0 7 0 0 0 11 1 11 1 5 11 8 7 7 1 8 7 8 0
split_gain=684.957 70.3472 59.039 32.3973 25.4811 24.2162 13.7342 16.5401 15.132 13.8854 13.3462 14.0176 13.7917 12.3496 12.1672 11.9243 11.1166 14.3431 11.3652 13.1688 12.0313 10.8878 10.7481 10.9956 10.2105 10.0282 9.62615 13.1095 10.8594 9.69864
threshold=1.0000000180025095e-35 40.713683310226777 0.5423724651336671 0.41471430659294134 33.725280130776817 64.900488853454604 5.1676349639892587 4.9593360424041757 4.9756255149841317 25.500000000000004 20.500000000000004 21.562258099216709 4.7229433059692392 57.246900822254254 22.179531865644098 20.486215531826023 42.500000000000007 0.77989822626113903 44.500000000000007 0.83669582009315502 4.599781036376954 35.500000000000007 6.4002559185028085 5.1789667606353769 6.9260861873626718 0.79939696192741405 9.1073079109191912 3.9607677459716801 2.4414010047912602 22.950577483567034
decision_type=2 2 2 2 2 2 2 2 2 2 2 2 2 2 2 2 2 2 2 2 2 2 2 2 2 2 2 2 2 2
left_child=1 3 4 15 -2 -4 7 13 9 -9 11 12 -5 -3 -13 -1 17 -8 19 20 -18 22 25 -24 -12 -19 28 -28 -16 -30
right_child=2 6 5 10 -6 -7 16 8 -10 -11 24 14 -14 -15 26 -17 18 21 -20 -21 -22 -23 23 -25 -26 -27 27 -29 29 -31
leaf_value=-0.04277157083851197 -0.002949698147636565 -0.010761326673492014 0.012555433327167149 -0.05167223872177449 0.0091401077771785869 0.025684192223624704 0.013537062301776781 -0.00042882404139862662 -0.005287669081469739 -0.07991102480193879 -0.018115210108951785 0.037426259296349539 0.046532534368340928 -0.0020476704057194412 0.010873832944938341 -0.025738249622393773 0.072815260522367961 -0.078323380779736357 -0.0040256674574993597 0.068971346585051843 -0.083811612706920058 -0.07772028622105058 0.091948976425240594 -0.080348114594915865 -0.070794657961135363 0.054000828907210863 0.021667318571477773 -0.079725984556792182 -0.07594353236870359 -0.013294231896295373
leaf_weight=145.4179874956327 905.8496620544629 1305.7917656472991 4510.0277546002635 28.729114257138917 839.96743949412485 380.90031076614105 189.2140198051984 7.3071012312047996 21.850827744060553 22.156358543526949 1832.1520778273598 15.919185957260195 4.0832700054088482 590.5086271722198 48.977835556008358 350.16152843989528 1.3626014878500416 1.7559651805931986 84.534385576129353 2.0107528854277907 12.237303056563176 7.4544745842795228 1.1039197116915591 5.744684503377357 9.2446713693170732 7.7559422893464216 42.325445122794918 3.4475920373515683 6.3417226013407335 238.67180328056065
leaf_count=480252 24736 667489 20901 20067 10077 1334 44403 2078 7709 15794 702215 3942 1259 170326 13384 1254987 120 698 33940 131 6874 3162 42 2906 5767 968 5653 1368 4432 93924
internal_value=0.000239491 -0.0137639 0.0107604 -0.0191728 0.00286709 0.0135779 -0.00724314 -0.00880586 -0.0368165 -0.060199 -0.0166029 -0.00818149 -0.0394513 -0.00804789 -0.00529679 -0.0307363 0.00247539 0.00893429 -0.011264 -0.0504608 -0.0681189 -0.0276355 -0.00481501 -0.0525757 -0.0183797 0.0295728 -0.00729852 0.0140304 -0.0106193 -0.0149158
internal_weight=11623 4986.26 6636.75 2725.47 1745.82 4890.93 2260.79 1947.61 51.3143 29.4635 2229.89 388.496 32.8124 1896.3 355.684 495.58 313.174 213.029 100.145 15.6107 13.5999 23.815 16.3605 6.8486 1841.4 9.51191 339.764 45.773 293.991 245.014
internal_count=3600938 3543890 57048 2587250 34813 22235 956640 863396 25581 17872 852011 144029 21326 837815 122703 1735239 93244 52179 41065 7125 6994 7776 4614 2948 707982 1666 118761 7021 111740 98356
is_linear=0
shrinkage=0.05


Tree=91
num_leaves=31
num_cat=0
split_feature=3 0 1 1 0 0 0 8 8 1 11 0 5 0 5 1 5 1 11 1 8 11 1 1 8 5 11 0 11 11
split_gain=654.924 60.3426 46.3978 31.0703 26.3038 17.0874 13.6491 13.1817 13.7443 12.3248 10.6441 8.96708 8.81843 21.5695 15.9926 17.2487 15.6119 14.0742 14.747 12.1028 11.4482 9.5154 8.60437 9.76022 8.51215 10.0383 8.66922 8.40106 9.72921 9.91678
threshold=1.0000000180025095e-35 27.276883840560917 0.51851350069046032 0.51851350069046032 28.330972930911233 66.728939531269148 34.657991193911592 8.8430309295654315 8.5174932479858416 0.69149696826934826 21.500000000000004 34.50640341816689 4.8709805011749276 26.160371724970904 4.5372099876403817 0.54567015171051036 4.9036273956298837 0.66163408756256115 30.500000000000004 0.7408951222896577 7.8284282684326181 34.500000000000007 0.67146727442741405 0.66457650065422069 7.6011524200439462 1.0000000180025095e-35 15.500000000000002 56.044703862258764 39.500000000000007 34.500000000000007
decision_type=2 2 2 2 2 2 2 2 2 2 2 2 2 2 2 2 2 2 2 2 2 2 2 2 2 2 2 2 2 2
left_child=1 3 4 -1 -2 -3 11 8 -8 -10 -9 22 13 14 15 21 -14 -17 20 -16 24 -5 23 -4 25 26 -19 28 29 -12
right_child=2 5 6 12 -6 -7 7 10 9 -11 27 -13 16 -15 19 17 -18 18 -20 -21 -22 -23 -24 -25 -26 -27 -28 -29 -30 -31
leaf_value=-0.037088815425923204 -0.0058454107971926926 -0.012107294471198869 0.006866139394304813 0.057588696811067701 0.007494542492413242 0.00080959654512244978 0.013825972578151637 0.047506170022244006 -0.045316449787860008 0.0059352070595390955 0.014031308041239266 -0.034516216897346318 -0.074560905991278056 -0.06023221246713073 0.012644414458395765 -0.058278631352669953 -0.020552212580830127 0.057841484851887497 -0.069027131071978984 -0.086482284786363856 -0.089130298989302581 -0.067163892308025649 0.012808180626662361 -0.015664300516208651 0.061471550885108743 -0.076622669076868655 -0.036678963398842183 0.035915310225802161 0.025842045757525613 -0.021417673926170607
leaf_weight=355.18342906393286 561.84204702537045 3781.1602354425299 731.24675629791727 8.9928871732336102 1079.591554203038 274.63164084483378 3068.7610822417282 42.177475774398772 18.209297523717396 32.967003830635804 70.250337091827532 11.880543250066692 13.952669311157022 18.701095447944681 95.012178363516341 27.772884424372023 326.21592317660111 6.3733689339751489 7.9467762134627256 3.1823979058899559 2.6359264682250787 1.8415060153456568 778.84384025087638 51.450583294412354 8.1991996684955648 3.4562797707221753 3.9166646843550552 66.857172624440864 108.21483723212441 27.433152871788479
leaf_count=1031912 18898 2170516 5399 1322 14852 68044 12687 133 135 167 299 89 10356 12528 32694 17398 180572 1009 6930 2690 1461 1171 3312 284 599 2488 2386 201 450 152
internal_value=-2.0144e-05 -0.0138119 0.0102239 -0.0256537 0.00292844 -0.0112326 0.0126149 0.0143815 0.0133974 -0.0123009 0.0241306 0.00875824 -0.0179642 -0.00927466 -0.00364683 -0.0217004 -0.0227675 -0.0321367 -0.0098164 0.00943181 0.00932546 0.0363847 0.00908748 0.0053851 0.0211512 -0.00289848 0.0218644 0.020516 0.0155156 0.00407592
internal_weight=11588.9 4939.18 6649.73 883.383 1641.43 4055.79 5008.29 3434.87 3119.94 51.1763 314.933 1573.42 528.2 188.031 169.33 71.1355 340.169 60.3011 32.5282 98.1946 24.5814 10.8344 1561.54 782.697 21.9455 13.7463 10.29 272.755 205.898 97.6835
internal_count=3601134 3544076 57058 1305516 33750 2238560 23308 14224 12989 302 1235 9084 273604 82676 70148 34764 190928 32271 14873 35384 7943 2493 8995 5683 6482 5883 3395 1102 901 451
is_linear=0
shrinkage=0.05


Tree=92
num_leaves=31
num_cat=0
split_feature=3 2 2 11 8 8 7 7 7 7 7 11 8 11 8 8 11 13 11 11 7 7 7 8 7 5 11 8 11 11
split_gain=669.233 34.1623 32.7601 10.9881 8.48579 12.9981 16.9259 13.0333 11.7022 9.55195 13.9932 8.58333 9.95174 7.56493 7.20573 8.21033 8.79567 8.18392 6.9744 7.72612 11.6927 8.36024 28.6494 8.62908 7.24524 6.94507 6.90279 6.85273 6.68608 12.9258
threshold=1.0000000180025095e-35 1.0000000180025095e-35 1.0000000180025095e-35 87.500000000000014 8.9873843193054217 8.6845688819885272 1.0000000180025095e-35 3.113268375396729 3.1984648704528813 2.8617925643920903 2.5249279737472539 21.500000000000004 0.89587974548339855 8.5000000000000018 6.5517940521240243 6.908255100250245 17.500000000000004 1.0000000180025095e-35 43.500000000000007 40.500000000000007 5.3636341094970712 3.6242519617080693 3.8176519870758061 4.2696731090545663 6.6187381744384775 3.8588039875030522 47.500000000000007 8.6172094345092791 29.500000000000004 46.500000000000007
decision_type=2 2 2 2 2 2 2 2 2 2 2 2 2 2 2 2 2 2 2 2 2 2 2 2 2 2 2 2 2 2
left_child=2 3 -1 -2 5 7 -7 9 -9 10 26 12 -11 -10 -14 -16 17 -17 19 24 21 -21 -23 -24 -3 -15 27 -4 -8 -30
right_child=1 18 4 -5 -6 6 28 8 13 11 -12 -13 14 25 15 16 -18 -19 -20 20 -22 22 23 -25 -26 -27 -28 -29 29 -31
leaf_value=-0.025800756321796056 0.0033712688487304056 0.01239418773071712 -0.019146327866307961 -0.074810449563612186 -0.0067784770446328319 0.024995136330966491 -0.021813802210837962 0.0064885828569578325 -0.068797952699782172 0.036481107667335949 -0.0053260633894274814 -0.032290559551898669 -0.055839650824358628 -0.076842145281992805 0.052619069616058195 -0.080273670989792614 0.0096442427232301051 0.059348018646043478 0.0088849316228403266 0.021326695620403211 0.038276259014272895 -0.059631690410970023 -0.030888937170599092 0.016638118721935456 -0.012353213278782227 -0.011129653770477043 -0.0070528322187252013 0.068237412956545451 -0.068417979771911955 -0.016374844527142312
leaf_weight=562.39152858969737 1387.830781325204 3237.6849653513473 1044.7142227481072 4.508792448352323 490.67908921390335 11.566615026447833 33.102168432826147 95.541215783337066 5.7310878799289631 10.031705296005383 290.34041404359687 156.23962483120067 10.002007397895794 4.0293130841710072 4.8722676601755692 6.950871611144068 10.713066876727678 1.2361871302127836 1364.4719694669502 267.93156739756523 66.964056224096566 14.677140444531686 10.23034467056277 143.70027504547033 29.848278888006462 1920.2708400460397 137.76269689009405 2.2484138306317609 34.604664246706307 18.208726408694929
leaf_count=2172703 30897 15842 403904 116 92214 1964 10990 26371 4646 1388 94677 62345 5229 2268 831 3857 2692 7 7402 1303 279 99 88 759 182 591755 46084 237 15640 4962
internal_value=-0.000388345 0.0100648 -0.0144541 0.00311809 -0.0129662 -0.0137656 -0.0317876 -0.0132909 -0.0105925 -0.0165538 -0.0151634 -0.0268065 -0.0072468 -0.0114381 -0.0202349 -0.00525455 -0.0201738 -0.0591918 0.0119482 0.0130565 0.0188219 0.0158377 0.00711518 0.0134794 0.0121681 -0.0112672 -0.0175742 -0.0189587 -0.0394321 -0.0504748
internal_weight=11379.1 6527.85 4851.24 1392.34 4288.85 3798.17 97.4822 3700.68 2025.57 1675.11 1475.07 200.046 43.8061 1930.03 33.7744 23.7724 18.9001 8.18706 5135.51 3771.04 503.503 436.539 168.608 153.931 3267.53 1924.3 1184.73 1046.96 85.9156 52.8134
internal_count=3601731 56967 3544764 31013 1372061 1279847 33556 1246291 625040 621251 544902 76349 14004 598669 12616 7387 6556 3864 25954 18552 2528 2249 946 847 16024 594023 450225 404141 31592 20602
is_linear=0
shrinkage=0.05


Tree=93
num_leaves=31
num_cat=0
split_feature=3 0 0 1 1 0 5 12 0 12 1 12 8 12 12 8 12 12 12 12 5 5 12 7 0 12 12 1 7 0
split_gain=560.351 59.295 50.8743 36.933 27.9358 23.4016 22.5285 15.2958 15.6121 14.3837 15.4212 21.974 11.7384 17.5805 26.2361 16.2947 13.9832 13.2138 17.0002 14.1009 10.9798 10.839 12.7853 11.5012 12.5952 11.6473 10.8183 13.6735 10.1912 9.92125
threshold=1.0000000180025095e-35 27.84568023681641 40.713683310226777 0.38465785980224615 1.0000000180025095e-35 49.842019936113509 4.8056213855743417 1415.5000000000002 18.907059791203213 2129.5000000000005 0.55500936508178722 2083.5000000000005 9.2103905677795428 273.50000000000006 959.50000000000011 10.463317394256594 63.500000000000007 1281.5000000000002 1577.5000000000002 1084.5000000000002 4.8056213855743417 4.3993008136749276 26.500000000000004 3.4811217784881596 24.619906067848209 1488.5000000000002 848.50000000000011 0.77421200275421154 3.1567740440368657 47.976722137740587
decision_type=2 2 2 2 2 2 2 2 2 2 2 2 2 2 2 2 2 2 2 2 2 2 2 2 2 2 2 2 2 2
left_child=1 4 3 7 -1 9 21 8 -2 10 -3 12 -12 16 26 17 -14 19 -19 28 -20 22 -6 -23 -25 -26 27 -15 -16 -11
right_child=2 5 -4 -5 6 -7 -8 -9 -10 29 11 -13 13 14 15 -17 -18 18 20 -21 -22 23 -24 24 25 -27 -28 -29 -30 -31
leaf_value=-0.038855790745195629 -0.024709591870016388 -0.023537570241611308 0.014137080413120265 0.0083007347547402674 0.048020327085029318 -0.0046495075577494393 -0.025016889453642572 -0.012565638508805861 0.0035988787744020579 -0.0044451196778495065 -0.013839368301076287 -0.083572061917360677 0.010967334366238413 0.014415596924723243 0.023564872511283169 -0.057857091118184836 -0.084460209889482454 0.02949746696766303 0.011408993856089289 -0.089953813973765576 -0.063246506602945438 0.015542994467771016 -0.02344356012222884 -0.052710098831538967 0.028166859633949212 -0.06204844185561003 0.043645847508324426 -0.084604544316083927 -0.088466512094795294 -0.038247555948128203
leaf_weight=244.57744737758253 53.293094404554267 410.04180819167186 2983.1171028799572 2621.5581477746782 6.757531343268055 1232.1363605280285 494.41058997404025 301.92157505667092 565.66815922483829 536.5717327571997 1525.5933424106097 10.887849972134061 5.9718460969088509 63.774444816819596 8.3200578338382929 18.822197230609163 10.747611632272308 32.780200181336113 9.0685020709715918 8.3445879197424784 10.779099380968544 78.981597916364308 84.768650266589702 15.419251357534447 15.492661523130666 4.6520104904739119 33.838316937752097 3.6879636866724459 2.6850601027254006 22.6227433667882
leaf_count=1029155 3692 840037 15328 15534 1100 418344 260626 10977 11556 293777 561985 5324 899 9460 881 5196 4341 3147 1518 2454 3491 23450 42744 9871 3643 2835 2214 1704 761 13976
internal_value=-0.000264317 -0.013058 0.00932618 0.00527488 -0.0243075 -0.0103642 -0.0192279 -0.0033391 0.0011615 -0.0129582 -0.014812 -0.0127621 -0.0123175 -0.00119944 0.00308059 -0.0164367 -0.0503755 -0.00560521 0.00738497 -0.0409362 -0.0291359 -0.00533887 -0.0181673 0.0049115 -0.0186993 0.00733343 0.0205747 0.00900247 -0.00376886 -0.00581263
internal_weight=11417.3 4891.73 6525.56 3542.44 945.06 3946.67 700.482 920.883 618.961 2714.54 2155.34 1745.3 1734.41 208.82 192.1 90.7997 16.7195 71.9775 52.6278 19.3497 19.8476 206.072 91.5262 114.546 35.5639 20.1447 101.301 67.4624 11.0051 559.194
internal_count=3600020 3542933 57087 41759 1373424 2169509 344269 26225 15248 1751165 1443412 603375 598051 36066 30826 17448 5240 12252 8156 4096 5009 83643 43844 39799 16349 6478 13378 11164 1642 307753
is_linear=0
shrinkage=0.05


Tree=94
num_leaves=31
num_cat=0
split_feature=3 1 0 1 0 0 5 8 1 11 1 7 12 0 12 11 7 0 8 1 12 7 0 7 12 12 0 0 7 8
split_gain=608.813 58.3453 43.2384 30.0831 20.5824 17.1059 15.6655 13.0258 12.4939 17.7119 12.2337 11.767 10.9262 11.847 10.4085 10.4094 13.11 9.80866 9.44908 8.66879 8.64902 11.1185 16.9137 8.61152 8.56854 12.7729 13.6912 12.5781 9.48673 16.1408
threshold=1.0000000180025095e-35 0.60841339826583873 33.056870937347419 0.50332832336425792 35.847203636625643 68.993868182074962 4.9714691638946542 9.4764981269836444 0.71844381093978893 47.500000000000007 0.71264937520027172 1.7005987167358401 5339.5000000000009 59.527770420558234 339.50000000000006 28.500000000000004 3.7726949453353886 19.214056814547806 9.4010090827941912 0.65946751832962047 5445.5000000000009 1.8688347935676577 33.725280130776817 1.2424533367156985 4508.5000000000009 3842.5000000000005 27.84568023681641 32.611590981483467 3.1984648704528813 8.413053512573244
decision_type=2 2 2 2 2 2 2 2 2 2 2 2 2 2 2 2 2 2 2 2 2 2 2 2 2 2 2 2 2 2
left_child=2 4 3 14 17 -3 8 18 10 -10 -5 -7 13 -4 15 16 -1 -2 24 -13 -14 -22 -23 -6 25 27 -27 28 -8 -30
right_child=1 5 12 6 23 11 7 -9 9 -11 -12 19 20 -15 -16 -17 -18 -19 -20 -21 21 22 -24 -25 -26 26 -28 -29 29 -31
leaf_value=-0.016797286809402824 -0.01278890240684488 0.012528847066413787 -0.011903319984822004 -0.013308555410377305 -0.0052151423270958338 -0.00061501708901076418 -0.025555311676728365 -0.057044466723247006 0.0057254433251955721 -0.06802063121322928 -0.073243464209497872 -0.0034364720075891727 0.043674696442014764 -0.0037674928534951503 -0.034470933960542481 -0.033815195675342975 0.037252987204492459 0.00086231610710235771 0.062450064758582807 0.033187829622133312 0.042002013506407275 0.069169509166477613 -0.027674136156265284 0.010612970701940748 -0.066865925839606197 -0.068533580915664735 0.04604091040203407 -0.06232785308787963 -0.0083205074873107833 -0.062774924317352626
leaf_weight=41.422072684069718 148.48073154498525 4028.6796227433824 2503.9190915355084 468.75914578233846 95.640750228736579 35.964169905637391 295.60045596047712 24.898464895817597 151.20360881360648 8.6052952540667302 8.6716050085487932 17.567779445555061 15.023196978288068 544.8055124745506 373.53614915612644 47.831850988955836 15.385902251997548 1156.3907460087776 3.4460510293356483 201.19138359520002 11.972321554487278 5.2768601888583353 30.965280978006376 846.64505443864618 9.8317248854036716 3.2448618499247486 13.272193393302585 17.890792189664353 207.85942107886785 14.561439210696333
leaf_count=115921 7472 17648 1462846 172312 1197 159 164334 11133 48386 6477 6143 96 4818 149237 1105128 150995 19002 21187 440 604 2932 771 18436 8680 6756 2168 1568 8580 75533 7281
internal_value=-4.69102e-05 0.00990026 -0.0135299 -0.0199272 0.00337533 0.0133234 -0.0157837 -0.0216501 -0.0103466 0.00175441 -0.0143972 0.0258893 -0.0100228 -0.0104495 -0.0305666 -0.016629 -0.00215828 -0.00069105 -0.0200923 0.0302467 0.0105484 0.00022653 -0.0135737 0.00900644 -0.0205982 -0.0197748 0.0235322 -0.0211095 -0.019686 -0.0118855
internal_weight=11348.5 6530.56 4817.98 1706.02 2247.16 4283.4 1227.85 590.605 637.24 159.809 477.431 254.723 3111.96 3048.72 478.176 104.64 56.808 1304.87 565.707 218.759 63.2377 48.2145 36.2421 942.286 562.261 552.429 16.5171 535.912 518.021 222.421
internal_count=3598240 57043 3541197 1902157 38536 18507 511111 277793 233318 54863 178455 859 1639040 1612083 1391046 285918 134923 28659 266660 700 26957 22139 19207 9877 266220 259464 3736 255728 247148 82814
is_linear=0
shrinkage=0.05


Tree=95
num_leaves=31
num_cat=0
split_feature=3 0 0 0 1 1 11 1 0 1 1 12 11 1 0 0 11 0 1 1 1 12 1 11 0 1 11 12 11 0
split_gain=648.846 51.3815 48.4325 24.9898 21.3639 16.8284 13.6209 12.8807 11.6753 14.0006 11.2057 10.8946 11.0724 10.6141 13.435 13.2504 12.4328 10.0688 9.74329 9.37275 15.0678 12.4139 15.2948 21.1994 18.1796 11.9444 14.7874 17.9797 14.1901 15.0161
threshold=1.0000000180025095e-35 32.155248604922242 21.832920931654375 48.289224414034841 0.53865098953247081 0.57550552487373363 20.500000000000004 0.65419164299964916 20.486215531826023 0.69836860895156871 0.38465785980224615 1061.5000000000002 15.500000000000002 0.59817656874656688 22.179531865644098 45.381685110362021 19.500000000000004 66.728939531269148 0.63798579573631298 0.63260510563850414 0.64643323421478283 948.50000000000011 0.66780734062194835 27.500000000000004 23.580707516688566 0.66949605941772472 30.500000000000004 2033.5000000000002 47.500000000000007 26.024645240890099
decision_type=2 2 2 2 2 2 2 2 2 2 2 2 2 2 2 2 2 2 2 2 2 2 2 2 2 2 2 2 2 2
left_child=2 10 7 5 -3 -4 -5 -1 9 11 -2 12 -9 15 16 -7 -15 -8 -18 -16 -21 -22 23 -23 -24 -26 -27 28 -28 -30
right_child=1 4 3 6 -6 13 17 8 -10 -11 -12 -13 -14 14 19 -17 18 -19 -20 20 21 22 24 -25 25 26 27 -29 29 -31
leaf_value=-0.035883402130008339 -0.0015392409316949815 0.0064688828541971544 -0.020921234434905914 0.0074005847416396923 0.015209857586676088 0.0010470126165409786 -0.010758873236278279 -0.079881290368336882 -0.051669691679386204 -0.043634998923556635 0.0065026593468313623 -0.045587520125049352 0.045526660453306722 0.064145122361439863 -0.023059183286372225 -0.081815288657326901 0.040518309463112946 0.00049311363138289973 -0.06366603143179933 0.0018071006582108325 -0.018942661111377646 0.0071154816862547881 -0.069723424394606867 -0.041480399309316698 0.033565284195246479 -0.019773813179770269 0.0065638839265014116 -0.015136132636339903 0.053295021579810399 -0.03272912238141347
leaf_weight=289.97356778341327 643.16150123291118 863.23414764612971 805.89658909835771 155.09117609094346 3675.055399836061 183.00349942809498 931.56905802457186 1.9092767067231822 12.333456973576174 11.221134390576479 1326.7261279921004 4.9545579452751545 22.523663557851251 10.657900907011937 247.58037841037822 4.9551545916219757 4.1666254947776888 252.76505012440612 4.8635325776558602 163.18493854097551 740.85649630615035 31.296170286092092 11.733418351239377 79.326699160485987 17.717283795695039 198.22327452878835 321.93310256562745 225.58713601825093 5.758676503901369 42.597625758380673
leaf_count=648307 20918 11385 1518423 42656 15626 43150 378148 1677 11554 8953 9263 4323 5533 1432 89999 1820 1029 64675 4274 44648 361523 7552 9959 34097 3259 68739 82940 81317 1182 21313
internal_value=0.000345837 0.0106203 -0.0136383 -0.0122397 0.0135472 -0.014706 -0.00653282 -0.0317428 -0.00906376 0.00387631 0.00387701 0.0220177 0.0357268 -0.012522 -0.0135383 -0.00113749 0.0275718 -0.00835743 -0.0155941 -0.0139263 -0.0126962 -0.0141092 -0.0102759 -0.0277322 -0.00793114 -0.00703804 -0.00794395 -0.00400865 0.00277042 -0.0224846
internal_weight=11289.9 6508.18 4781.68 4438.76 4538.29 3099.34 1339.43 342.916 52.9421 40.6086 1969.89 29.3875 24.4329 2293.44 2105.48 187.959 19.6881 1184.33 9.03016 2085.8 1838.21 1675.03 934.173 110.623 823.551 811.817 794.1 595.877 370.289 48.3563
internal_count=3599674 57192 3542482 2862135 27011 2376656 485479 680347 32040 20486 30181 11533 7210 858233 813263 44970 6735 442823 5303 806528 716529 671881 310358 41649 268709 258750 255491 186752 105435 22495
is_linear=0
shrinkage=0.05


Tree=96
num_leaves=31
num_cat=0
split_feature=3 1 1 0 0 0 7 0 1 5 0 1 1 7 1 7 1 0 7 0 1 1 0 7 1 0 0 7 7 5
split_gain=561.952 41.8554 31.5883 20.8536 15.8836 14.604 12.0886 9.19088 7.9328 6.75033 6.33324 7.74092 10.079 6.64249 11.5494 9.69513 7.90795 6.28859 6.22485 6.45445 7.17409 6.99 6.18805 9.41504 7.14335 6.98941 8.74594 7.59972 9.38379 8.83205
threshold=1.0000000180025095e-35 0.55500936508178722 0.46742680668830877 20.656244277954105 41.332076951668576 40.713683310226777 3.7012257575988774 74.568784612602045 0.85659196972846996 3.5435606241226201 68.993868182074962 0.61813724040985119 0.56547641754150402 5.2284276485443124 0.70670554041862499 5.1209788322448739 0.69321471452713024 24.134268943809733 5.1561734676361093 22.510761981335239 0.38465785980224615 0.50332832336425792 27.276883840560917 5.0466406345367441 0.47620809078216558 28.733637571334842 31.180725687620001 3.9981586933135991 4.2413008213043222 4.9600181579589853
decision_type=2 2 2 2 2 2 2 2 2 2 2 2 2 2 2 2 2 2 2 2 2 2 2 2 2 2 2 2 2 2
left_child=1 3 4 -1 17 -3 -5 -4 10 -8 -7 12 -12 15 16 -13 -15 -2 22 20 -20 -21 23 24 -11 -24 -27 -28 -29 -30
right_child=2 5 7 6 -6 8 9 -9 -10 18 11 13 -14 14 -16 -17 -18 -19 19 21 -22 -23 25 -25 -26 26 27 28 29 -31
leaf_value=-0.037852574698414278 -0.0063427072528155076 -0.014057562023114412 0.010920797242457467 -0.023758985480686952 0.011138558298230815 -0.0086203438511904748 0.12875017140918163 0.023998702077250852 -0.06404634439325145 -0.019330300109884516 0.044287826684245357 0.002481764761391665 -0.087940353448260913 -0.084712174656304595 -0.077304114716832573 0.058999234993721783 0.049993027110270975 0.0021489180027792518 -0.052952833929026527 -0.021192635861764352 0.047961871833286561 -0.06117228052652262 0.01949536006412269 0.038811426568231687 -0.065141023005876139 -0.038086665520086251 0.01517553191701594 -0.039993990844902079 -0.021334471332248292 0.012998681653792813
leaf_weight=178.32327792267802 310.21840298190182 1821.2101608425896 4844.569130838363 511.0886791802277 420.14187295710508 1700.2963787200206 0.85772647031626448 138.17649524827721 6.2485813995990602 37.347114386733892 2.0083578170742831 178.18711006555168 5.102779818498675 1.4291139604611069 6.7480211046568002 7.9255199124017954 4.5850251805095468 733.65620516100898 2.5287272156265299 53.806340274378044 5.8020550182955049 13.720994591734778 28.186235602042643 5.5822032140413276 11.020635364040571 20.397670441916944 40.546024351705455 21.215420174804422 33.914293270736835 41.84147510452749
leaf_count=513953 12967 744852 24410 1151669 4868 459455 1723 537 5537 126859 77 27536 988 374 2034 476 143 14410 13337 143140 968 4722 28917 6455 7308 42653 69367 50730 79611 61071
internal_value=-0.000222803 -0.0132922 0.00938631 -0.0223431 0.00292942 -0.0108531 -0.0190023 0.0112835 -0.0078016 -0.0113277 -0.00761724 0.000662811 -0.0505959 0.00249566 -0.0324 0.00488853 0.0179836 -0.000374621 -0.011708 -0.0241934 0.0173302 -0.0293162 -0.00776249 -0.0226724 -0.0297683 -0.00344017 -0.00753394 -0.00300211 -0.0106026 -0.00237156
internal_weight=11186.7 4739.92 6446.76 1006.18 1464.02 3733.74 827.856 4982.75 1912.53 316.767 1906.28 205.986 7.11114 198.875 12.7622 186.113 6.01414 1043.87 315.909 75.8581 8.33078 67.5273 240.051 53.95 48.3677 186.101 157.915 137.517 96.9712 75.7558
internal_count=3601147 3543955 57192 2302483 32245 1241472 1788530 24947 496620 636861 491083 31628 1065 30563 2551 28012 517 27377 635138 162167 14305 147862 472971 140622 134167 332349 303432 260779 191412 140682
is_linear=0
shrinkage=0.05


Tree=97
num_leaves=31
num_cat=0
split_feature=3 0 0 1 1 0 8 0 12 12 0 11 12 8 8 12 7 12 1 0 0 8 1 12 8 0 12 12 8 7
split_gain=553.345 46.6154 41.5505 28.9277 20.2203 17.1252 15.3742 14.757 12.2248 11.3659 10.9857 14.2292 12.405 12.2209 10.1011 9.88649 11.0812 12.4916 10.6629 9.57948 11.8582 11.3867 11.2535 9.95838 9.14898 10.573 8.95967 9.46972 8.71439 8.65563
threshold=1.0000000180025095e-35 34.793249309062965 27.84568023681641 0.51851350069046032 1.0000000180025095e-35 48.289224414034841 8.8430309295654315 47.700108464843659 526.50000000000011 326.50000000000006 61.419888893899049 47.500000000000007 1073.5000000000002 7.9395136833190927 9.2013998031616229 99.500000000000014 5.2390944957733163 122.50000000000001 0.75872755050659191 27.485574918155184 27.381498787584864 9.8527731895446795 0.46742680668830877 1429.5000000000002 6.112574815750123 29.077698871402394 1545.5000000000002 2766.5000000000005 8.2941746711730975 4.6001451015472421
decision_type=2 2 2 2 2 2 2 2 2 2 2 2 2 2 2 2 2 2 2 2 2 2 2 2 2 2 2 2 2 2
left_child=2 3 4 24 -1 7 9 29 -8 15 -11 13 -13 -12 -10 -3 17 18 -17 20 21 -6 -21 -22 25 -2 -14 -28 -15 -4
right_child=1 6 5 -5 19 -7 8 -9 14 10 11 12 26 28 -16 16 -18 -19 -20 22 23 -23 -24 -25 -26 -27 27 -29 -30 -31
leaf_value=-0.035181156197221564 -0.0024565548976612974 0.016287325204764735 -0.014136419039417881 0.0083351574840849849 -0.019541522224653184 -0.0059429837340990227 0.040227688923064796 -0.048219471847058375 0.033104256895809391 0.012134981233197799 0.027568477567240731 -0.048045838172116224 0.038860122756680514 -0.031592583922231916 0.011775664838515675 -0.011853582506905212 0.043092877692942101 0.0033468824669367647 -0.073227585628448708 0.025871218974188301 0.03377837049603815 0.010161339886991761 -0.055433036612072842 -0.073623244100460228 -0.0066748471979233368 0.018437301904290323 -0.030721834324967775 0.027560694603551025 0.01692329688296056 -0.0069862381593201574
leaf_weight=231.32501628841578 184.846720471136 170.00679715181468 1918.2912673740643 1527.6256222710481 593.58195588523381 1324.7455673395702 79.948309841274749 29.356763110550673 78.201921303581912 2590.3245593379488 328.26968844600196 11.798332280246539 16.531196860130876 15.221799731138161 191.32195861839864 30.873481957431068 15.979432527929019 405.47890468572587 9.1816536616533977 4.9714740814160896 17.913680495927114 34.120391043852578 29.571857381545669 2.4539323793960639 583.96026891978181 90.042605661335983 17.319293293083323 11.662669359240679 23.614779182709754 543.08583483109214
leaf_count=1029304 4963 687 1373339 9193 314254 484973 305 27623 445 16180 1479 93 60 125 1160 179 75 2039 35 509 3370 9689 14931 1324 18569 1284 108 72 146 281255
internal_value=0.000131829 0.00973683 -0.0128298 0.00420755 -0.0224055 -0.0105361 0.0130392 -0.0129791 0.0230573 0.0120791 0.0133567 0.0208133 -0.00235739 0.0244306 0.0179641 0.00597975 0.00218277 0.000715498 -0.0259221 -0.0180761 -0.0167086 -0.0179269 -0.0437317 0.0208384 -0.00313418 0.00438743 0.00948638 -0.00726829 -0.00209226 -0.0125588
internal_weight=11111.6 6382.21 4729.42 2386.48 913.938 3815.48 3995.73 2490.73 349.472 3646.26 3014.74 424.418 57.3115 367.106 269.524 631.52 461.513 445.534 40.0551 682.613 648.07 627.702 34.5433 20.3676 858.85 274.889 45.5132 28.982 38.8366 2461.38
internal_count=3597768 57197 3540571 34009 1373381 2167190 23188 1682217 1910 21278 18263 2083 333 1750 1605 3015 2328 2253 214 344077 328637 323943 15440 4694 24816 6247 240 180 271 1654594
is_linear=0
shrinkage=0.05


Tree=98
num_leaves=31
num_cat=0
split_feature=3 0 1 1 0 0 1 11 12 7 12 12 11 12 0 11 9 12 7 5 11 1 8 12 0 5 1 11 0 7
split_gain=510.66 46.9196 34.4285 27.6091 20.9881 18.8636 14.906 14.5309 12.6302 13.1303 12.0452 12.028 9.70219 22.5672 16.713 13.0608 10.491 13.5751 14.635 16.0791 13.5376 12.7967 12.1193 14.02 12.1306 11.2872 11.1967 9.44842 9.68581 9.36276
threshold=1.0000000180025095e-35 25.219624345434571 0.64529997110366832 0.38465785980224615 40.713683310226777 37.301098084197299 0.64286693930625927 43.500000000000007 5070.5000000000009 3.3842465877532963 4333.5000000000009 3740.5000000000005 24.500000000000004 2202.5000000000005 29.423848046153584 21.500000000000004 1.0000000180025095e-35 1591.5000000000002 2.9700856208801274 4.7761714458465585 37.500000000000007 0.76975703239440929 8.2941746711730975 424.50000000000006 38.555312328462612 4.9245858192443857 0.70004886388778698 43.500000000000007 40.133545795200924 4.3630783557891855
decision_type=2 2 2 2 2 2 2 2 2 2 2 2 2 2 2 2 2 2 2 2 2 2 2 2 2 2 2 2 2 2
left_child=1 3 5 -1 11 6 7 8 10 -10 -2 -3 13 29 -15 -16 -14 18 21 -20 -21 22 23 -18 -25 -22 -19 -28 -29 -4
right_child=2 4 12 -5 -6 -7 -8 -9 9 -11 -12 -13 16 14 15 -17 17 26 19 20 25 -23 -24 24 -26 -27 27 28 -30 -31
leaf_value=-0.040504442567464147 0.0051409080052995078 -0.014851011876253104 0.012381964362401663 -0.01784453958428148 -0.0067045728103410631 0.010451239702442799 -0.039856917956428262 -0.0050007122688938638 -0.021842439130395248 0.057926673026492286 -0.052173548485720249 0.001795463130348346 0.01295120947317962 -0.084248575646721127 0.0098392859204984896 -0.057259797985933697 0.018631055217057088 0.010815768492034618 0.061216107009652812 0.031865044199179425 -0.041374520182862723 0.033511756724271792 0.02550489579946812 -0.0057046349238570994 -0.058654911855738713 0.011662844018757208 0.049687638768418654 0.044562194748226466 -0.003739010046992822 -0.0025490312282436967
leaf_weight=192.23092713671485 1158.5369015985825 1829.9342326091764 666.78276169313176 447.00815089148455 2160.807647065476 1114.9853689122101 20.947504870593548 456.57479643240913 6.8076412905647912 21.298815269263287 9.2400425663654442 115.35524979510774 2366.2074131610798 9.8010960170504386 24.194945381124853 10.356728413142262 16.432487366721034 44.296790823282208 24.496201687958091 64.248355606148834 13.741264316602608 21.593159385025501 18.476633304933785 19.221429968216398 24.736499437596649 37.155802471861534 84.091881855427346 20.865428620898456 20.652120786842715 124.61726291391824
leaf_count=831851 20862 1438420 2643 236479 957197 10054 138 9969 145 237 272 79048 10123 57 123 77 79 253 56 265 83 92 66 115 178 196 268 65 97 472
internal_value=0.000371398 -0.012058 0.00958679 -0.0246588 -0.0100963 0.00541308 0.00205618 0.00258749 0.00548458 0.0386059 0.00468741 -0.0138639 0.0128088 0.00808581 -0.0266205 -0.0102734 0.0142307 0.0216145 0.0139612 0.0244314 0.0166058 -0.000592718 -0.00993025 -0.0207717 -0.0355014 -0.00265626 0.0324298 0.0400521 0.0205357 0.0100309
internal_weight=11145.7 4745.34 6400.36 639.239 4106.1 2788.39 1673.41 1652.46 1195.88 28.1065 1167.78 1945.29 3611.97 835.753 44.3528 34.5517 2776.22 410.008 240.102 139.642 115.145 100.46 78.8671 60.3904 43.9579 50.8971 169.906 125.609 41.5175 791.4
internal_count=3599980 3542995 56985 1068330 2474665 41677 31623 31485 21516 382 21134 1517468 15308 3372 257 200 11936 1813 1130 600 544 530 438 372 293 279 683 430 162 3115
is_linear=0
shrinkage=0.05


Tree=99
num_leaves=31
num_cat=0
split_feature=3 2 2 7 8 12 12 11 5 12 12 5 5 11 8 8 5 11 12 7 8 12 12 12 11 7 7 7 11 7
split_gain=524.571 31.9563 23.7192 12.4869 15.1949 14.6993 14.02 18.1746 12.9418 13.6088 13.5526 11.4666 21.2505 16.0917 11.4392 11.0434 9.60521 9.47232 15.7436 15.044 9.37758 11.176 10.9596 21.901 10.5164 9.58021 9.41469 9.36198 11.4134 8.91353
threshold=1.0000000180025095e-35 1.0000000180025095e-35 1.0000000180025095e-35 5.7822844982147226 9.0508713722229022 971.50000000000011 916.50000000000011 30.500000000000004 4.9773013591766366 1281.5000000000002 1061.5000000000002 4.6670219898223886 4.8733181953430185 45.500000000000007 7.910548448562623 6.2156071662902841 4.8400712013244638 41.500000000000007 339.50000000000006 3.0201274156570439 5.8622088432312021 959.50000000000011 1309.5000000000002 2605.5000000000005 46.500000000000007 5.962292194366456 6.729224920272828 3.4498615264892583 33.500000000000007 5.7541573047637948
decision_type=2 2 2 2 2 2 2 2 2 2 2 2 2 2 2 2 2 2 2 2 2 2 2 2 2 2 2 2 2 2
left_child=2 14 -1 4 29 6 11 -8 10 -10 -7 -6 -13 17 -2 20 -9 18 -14 -20 21 -5 -23 -24 25 -25 -27 -11 -29 -4
right_child=1 -3 3 15 5 8 7 16 9 27 -12 12 13 -15 -16 -17 -18 -19 19 -21 -22 22 23 24 -26 26 -28 28 -30 -31
leaf_value=-0.022858326841478777 0.0044280762466441109 0.011298384589631519 -0.013132723984158863 -0.080060812817092153 0.017992298185717816 -0.079609366153952713 -0.09351548854222537 -0.090243719567957528 -0.069814605625445045 -0.0084674806178450801 0.00020678925724576394 -0.081803327438204079 0.017563598146286649 -0.071823720920573417 -0.0091342714746301019 0.0046593612846223993 0.060730052782633798 0.031949370865758102 -0.059170483524310424 0.00078993710668291749 -0.065574754366718641 0.039699232894754403 -0.067295987658335318 -0.086341821169053035 -0.071643406738774132 0.050141772149551622 -0.069760337486294996 -0.011235422962435375 -0.080905318953759034 -0.092527499158105098
leaf_weight=499.89849644456444 1159.4770717796891 5045.4588089629424 3426.172844103814 5.3005694126313747 66.500326199384062 5.5099078098501186 2.3031496921612442 1.1053865576177511 14.68863743453039 67.408001379875714 153.02548488712455 8.9892541910896835 40.695820778066263 7.6769461607254916 179.55410098461289 206.33378732045276 22.453835441927367 22.474793247552952 18.904976041190821 23.420825599441741 9.343147011146355 11.204464192327576 13.498752189745572 1.7032182966067981 3.1434552500722921 15.911111700366748 1.8249403422996682 12.094500100301959 11.437722126229344 3.5387850051884007
leaf_count=2170635 23845 26073 1222777 2995 7191 1691 773 300 4795 13198 27496 3894 6237 2632 7413 38543 770 2217 5958 4345 3694 1265 6499 823 2347 1622 1237 1955 4197 1711
internal_value=0.000156933 0.00947604 -0.0125656 -0.0113337 -0.0120499 -0.00370504 0.0060177 0.0405411 -0.0116008 -0.025159 -0.00256723 0.00128515 -0.00780953 -0.00193227 0.00260947 -0.000898467 0.0536464 0.00315371 -0.00464157 -0.0259916 -0.0194157 -0.0112146 -0.00349717 -0.0169111 0.0132064 0.0269271 0.0378045 -0.0179462 -0.0450981 -0.0132146
internal_weight=11061.1 6384.49 4676.56 4176.66 3908.4 478.69 214.525 25.8624 264.164 105.629 158.535 188.663 122.163 113.173 1339.03 268.263 23.5592 105.496 83.0216 42.3258 61.9297 52.5865 47.2859 36.0815 22.5827 19.4393 17.7361 90.9402 23.5322 3429.71
internal_count=3599128 57331 3541797 1371162 1312137 87649 34317 1843 53332 24145 29187 32474 25283 21389 31258 59025 1070 18757 16540 10303 20482 16788 13793 12528 6029 3682 2859 19350 6152 1224488
is_linear=0
shrinkage=0.05


Tree=100
num_leaves=31
num_cat=0
split_feature=3 1 1 7 1 7 12 12 7 7 5 5 7 5 1 1 1 7 1 1 7 1 1 7 12 5 12 11 7 11
split_gain=485.202 53.7617 36.4991 15.7478 11 11.0845 8.36415 11.733 15.3255 13.4795 11.9972 15.7658 12.5717 12.8106 9.92062 12.4946 12.5542 8.97218 10.4307 22.6438 14.4855 8.92501 12.6587 10.8721 10.599 9.7568 9.40411 9.35912 8.97252 8.69961
threshold=1.0000000180025095e-35 0.52732771635055553 0.49188277125358587 3.4811217784881596 0.75676664710044872 7.2737860679626474 3015.5000000000005 3068.5000000000005 4.7833075523376474 2.9174053668975835 4.9767591953277597 4.6368215084075937 3.2384861707687382 4.3993008136749276 0.78517657518386852 0.68506747484207164 0.61965674161911022 5.2012517452239999 0.56547641754150402 0.63116854429245006 4.6200466156005868 0.68685591220855724 0.68779003620147716 6.8416149616241464 2908.5000000000005 4.8934218883514413 40.500000000000007 14.500000000000002 3.1567740440368657 91.500000000000014
decision_type=2 2 2 2 2 2 2 2 2 2 2 2 2 2 2 2 2 2 2 2 2 2 2 2 2 2 2 2 2 2
left_child=2 -2 3 -1 5 -3 21 8 9 -8 11 12 14 -14 15 16 -9 18 -12 -20 -21 23 25 24 26 -23 27 -4 -27 -22
right_child=1 4 6 -5 -6 -7 7 10 -10 -11 17 -13 13 -15 -16 -17 -18 -19 19 20 29 22 -24 -25 -26 28 -28 -29 -30 -31
leaf_value=-0.029515643279110694 0.001125577052662956 0.010329420866941596 0.0083626078742981749 -0.014197630307044115 0.016419924687032888 0.046241371634193555 -0.044889951749691383 -0.072387998278270138 -0.08576828246351248 0.054994239971824836 0.026655559279714539 -0.026391235870844645 -0.072344769547660642 0.044179281255243591 0.046138358097428604 -0.080872938035111822 0.021631052219026319 0.020016987045684779 -0.072918625738236584 0.0041467487380567455 -0.088531406095236909 0.050123724180636035 -0.0091606252463575771 -0.076528341643278569 -0.066793015309418377 0.017308104743206328 -0.012736399412062031 -0.075009260819246582 -0.080260662964418916 0.10538994134737821
leaf_weight=384.12642296436479 1574.8822394467525 3723.8527182880371 4.7405333937497316 297.91359147554658 1008.4027907901427 21.611820765785524 3.9968467057735841 4.9505098507907048 2.6957783013240251 21.804149249714101 22.263425313849439 109.85329035877567 2.6303975520058911 22.838540248909339 5.4070385238956069 7.8504727435647501 12.555441859323762 55.40982852255911 12.929547221853907 79.086568431153864 6.3621850820891259 16.078265696891322 1849.4135744511873 6.845807938667348 9.2417190811738674 8.4670647416551237 1687.4589803827564 11.610777355087064 3.2649099312184253 0.63617784285452206
leaf_count=1317350 34253 18976 1366 902276 3778 72 1584 2419 1185 2022 3777 44693 1621 2789 672 4438 3065 9065 6960 25678 3367 1643 677616 3066 4213 1876 509050 7672 1722 129
internal_value=0.000121967 0.00913216 -0.01214 -0.0228248 0.0117846 0.0105366 -0.0103036 -0.00315852 0.0276688 0.0395211 -0.00572138 -0.0153695 0.00616203 0.0321448 -0.015349 -0.0284607 -0.0049566 0.00334784 -0.00426801 -0.0112212 -0.00195452 -0.011041 -0.00865713 -0.013643 -0.0133917 0.0248257 -0.0131021 -0.0508383 -0.00984446 -0.0709032
internal_weight=10979.2 6328.75 4650.43 682.04 4753.87 3745.46 3968.39 371.27 28.4968 25.801 342.773 166.086 56.2324 25.4689 30.7635 25.3564 17.506 176.688 121.278 99.0145 86.0849 3597.12 1877.22 1719.9 1713.05 27.8102 1703.81 16.3513 11.732 6.99836
internal_count=3598393 57079 3541314 2219626 22826 19048 1321688 113464 4791 3606 108673 59697 15004 4410 10594 9922 5484 48976 39911 36134 29174 1208224 682857 525367 522301 5241 518088 9038 3598 3496
is_linear=0
shrinkage=0.05


Tree=101
num_leaves=31
num_cat=0
split_feature=3 0 0 0 0 1 1 1 8 1 9 1 5 1 0 12 7 7 0 7 12 12 12 0 12 8 1 12 8 7
split_gain=451.534 43.0566 40.1866 22.8448 17.8101 13.1796 12.7357 13.392 11.6591 10.1982 9.45045 11.3518 11.2458 19.7281 9.32576 9.80212 9.15943 9.13596 16.2998 14.281 9.45653 8.74814 11.6395 8.52104 8.48843 8.43338 13.2777 13.9478 12.6437 8.25703
threshold=1.0000000180025095e-35 30.916060213465247 20.825350706552857 37.482618228146755 57.246900822254254 0.38465785980224615 0.63910901546478283 0.68779003620147716 4.6200466156005868 0.7635781764984132 1.0000000180025095e-35 0.76975703239440929 4.5814776420593271 0.78517657518386852 30.109389814177124 674.50000000000011 4.4601275920867929 5.995206594467164 40.133545795200924 5.9441101551055917 5445.5000000000009 817.50000000000011 1294.5000000000002 71.169067537874085 598.50000000000011 7.1705040931701669 0.80857551097869884 511.50000000000006 7.1750981807708749 2.9700856208801274
decision_type=2 2 2 2 2 2 2 2 2 2 2 2 2 2 2 2 2 2 2 2 2 2 2 2 2 2 2 2 2 2
left_child=2 5 6 -4 9 14 -1 8 -8 29 11 16 13 -13 -2 -16 24 19 -19 -5 23 -12 -23 -20 -11 -6 28 -28 -27 -3
right_child=1 4 3 17 25 -7 7 -9 -10 10 21 12 -14 -15 15 -17 -18 18 20 -21 -22 22 -24 -25 -26 26 27 -29 -30 -31
leaf_value=-0.036176620677342723 -0.0065020818208363796 0.0053562535882384294 -0.015286471167784905 -0.008479955299913201 0.021959714193576983 0.0046353099326869726 -0.075933409358048251 -0.050307121346966389 0.016441852752706775 0.009473125801219057 0.045355932598470566 -0.068009072931545123 0.011864725332791046 0.008393064603873247 0.046518649073756579 -0.0041769991872286352 -0.0032031287961448588 -0.079588475681789575 0.012317725381269818 -0.087114688063732251 -0.07986601068845646 -0.015179743589877948 0.033303168175760699 -0.087559799572625413 0.048690667389506226 -0.043313674548366113 0.027429246460071624 -0.052272391055918535 0.016342991681969756 0.010503722317413207
leaf_weight=219.48476294989973 518.20264942338781 1332.2061095238132 1852.2969642437865 2354.670135908927 473.23939856830111 1148.0006868626142 3.8019157060607531 13.968837246018664 33.635078344688054 19.278961200849153 46.600313596718479 12.551090960099826 365.91416292883969 25.85288634095923 17.585156594170257 20.828489570849342 17.316444157622755 5.4829586491086948 121.91125232132345 5.7880909281630002 2.9596700980710002 19.415775198489428 34.158690842879878 2.1735601193599896 48.52998061850667 9.1880858866497856 8.4512604027986544 15.661995144502724 266.34248418256175 1876.3561416397151
leaf_count=555136 19219 9650 1737272 1177888 2088 8305 2875 12871 13259 72 190 70 1380 108 220 535 66 5849 31668 3418 1725 80 130 733 124 41 29 102 1437 13423
internal_value=-0.000375313 0.0083559 -0.0122454 -0.0110806 0.010885 0.00157395 -0.0309299 -0.00852824 0.00706068 0.00947712 0.015521 0.0126572 0.00916325 -0.0165765 -0.00474 0.0190307 0.0292524 -0.00795557 0.00481859 -0.00867278 0.00846141 0.0295131 0.0157326 0.0105682 0.0375406 0.0178037 0.01124 -0.0243384 0.0143536 0.00836648
internal_weight=10891.9 6275.68 4616.17 4345.28 4571.06 1704.62 270.891 51.4058 37.437 3798.18 589.618 489.444 404.318 38.404 556.616 38.4136 85.1254 2492.99 132.527 2360.46 127.044 100.175 53.5745 124.085 67.8089 772.883 299.644 24.1133 275.531 3208.56
internal_count=3599963 57269 3542694 2958553 28990 28279 584141 29005 16134 25293 2220 1820 1558 178 19974 755 262 1221281 39975 1181306 34126 400 210 32401 196 3697 1609 131 1478 23073
is_linear=0
shrinkage=0.05


Tree=102
num_leaves=31
num_cat=0
split_feature=3 0 0 1 1 0 5 11 1 1 0 5 5 12 1 0 0 0 5 5 1 12 1 1 1 0 0 12 0 12
split_gain=448.956 50.1449 49.9767 28.6947 27.2748 15.4417 14.227 13.786 11.9879 18.1101 20.1398 16.7458 17.6502 13.8 15.8469 12.5604 12.4502 11.8928 11.7136 15.5587 11.675 16.4204 11.4945 11.3672 14.4439 11.2202 11.0901 11.6387 12.0189 10.7831
threshold=1.0000000180025095e-35 42.492732186608926 28.594956746732354 0.43326406180858618 0.58845719695091259 53.321059892219644 4.8320837020874032 35.500000000000007 0.5230008363723756 0.5521238148212434 27.485574918155184 4.6766192913055429 4.5456030368804941 927.50000000000011 0.69408443570137035 22.06638944400402 25.463954769780688 19.214056814547806 4.9111537933349618 4.9298512935638437 0.57550552487373363 1793.5000000000002 0.80657270550727855 0.74510830640792858 0.74340617656707775 28.204355716705326 43.38945954938027 1142.5000000000002 80.345281651647397 1073.5000000000002
decision_type=2 2 2 2 2 2 2 2 2 2 2 2 2 2 2 2 2 2 2 2 2 2 2 2 2 2 2 2 2 2
left_child=2 4 3 -1 17 -4 7 8 -5 -10 11 12 13 14 -11 -15 -16 -2 -8 -20 21 -9 -12 24 -3 -21 -25 -28 -29 -22
right_child=1 23 5 6 -6 -7 18 20 9 10 22 -13 -14 15 16 -17 -18 -19 19 25 29 -23 -24 26 -26 -27 27 28 -30 -31
leaf_value=-0.035412840312851128 -0.013833821371982925 0.013251373514512927 -0.010028418702308943 -0.05028818066146399 0.0093606658405518788 -0.0025203611874818708 -0.043393549787792397 -0.040946224297429841 0.049706496533710745 -0.057586271573041151 -0.07550814537904077 0.030024600043872553 -0.085403114525396021 -0.069449595503612224 0.031751641763429601 0.043928193646923394 -0.076911068920040945 0.0019663556383221 0.014012310293559198 -0.018866945432144979 -0.015938685326883899 0.031702141929292035 0.088326497790616645 -0.023822660720064542 -0.027863102184602858 -0.056895962594421902 0.025816985094248065 0.011151354361589498 0.052091357891679513 -0.062942587234768019
leaf_weight=252.45426591139255 131.01348652708657 1761.6364628828705 2779.5955985141663 9.7418475235760962 2224.2880423894494 908.70686856222483 50.73296604339248 13.377162467253585 21.154835432840173 15.721831380616093 11.450127825112984 44.451818246545372 6.9244730465707098 2.7931036888239786 14.224992557104999 19.477091883758476 3.2356667131571148 1309.4149152474802 34.900573048413207 387.36407795587513 26.562922514614002 18.583009794119789 1.1810032540015516 14.240832116920499 21.623797609470785 20.418292457142343 461.90870725180866 310.39938650605927 19.025883171707392 22.568050189993301
leaf_count=1091939 7417 10397 1796919 4865 11550 292329 31048 7072 3069 10773 5885 10697 4923 2315 3711 4377 2440 24761 9921 216421 13726 4067 40 108 82 9413 1626 1189 37 17111
internal_value=0.000895342 0.00965261 -0.0108424 -0.0208954 0.00588945 -0.00817862 -0.0158393 -0.00561157 0.00335007 0.00706614 -0.00048491 0.0065744 -0.0101369 -0.000738284 -0.0211724 0.0297085 0.0116152 0.000529258 -0.0206368 -0.0180288 -0.022228 0.00129464 -0.0601897 0.0149797 0.0127528 -0.0207711 0.0199091 0.0206961 0.0135158 -0.0375297
internal_weight=10919.2 6253.55 4665.62 977.318 3664.72 3688.3 724.864 231.448 150.357 140.615 119.46 106.829 62.3772 55.4527 33.1825 22.2702 17.4607 1440.43 493.416 442.683 81.0911 31.9602 12.6311 2588.84 1783.26 407.782 805.575 791.334 329.425 49.131
internal_count=3600228 57167 3543061 1453813 43728 2089248 361874 95071 53095 48230 45161 39236 28539 23616 16924 6692 6151 32178 266803 235755 41976 11139 5925 13439 10479 225834 2960 2852 1226 30837
is_linear=0
shrinkage=0.05


Tree=103
num_leaves=31
num_cat=0
split_feature=3 0 1 0 0 0 1 12 1 1 1 12 0 8 8 10 6 12 5 0 8 1 12 7 5 1 1 1 12 12
split_gain=468.712 51.3083 44.4469 28.8513 18.5256 17.7832 11.4327 8.25017 7.68633 20.8413 12.4753 15.0918 9.24907 9.06603 13.1841 18.632 20.0618 9.93468 9.81786 11.816 9.39222 11.93 9.33567 8.05857 8.33229 8.04516 7.91798 7.91088 9.93499 9.41486
threshold=1.0000000180025095e-35 40.562259508784344 0.61508452892303478 18.907059791203213 35.847203636625643 74.568784612602045 0.41471430659294134 2202.5000000000005 0.71598994731903087 0.71100652217865001 0.71435987949371349 867.50000000000011 50.935361998883316 7.7016401290893564 7.3786959648132333 1.0000000180025095e-35 1.0000000180025095e-35 5070.5000000000009 4.5560796260833749 41.01843373759403 8.5000429153442401 0.56281793117523204 63.500000000000007 7.2737860679626474 4.994715929031373 0.7092360556125642 0.55500936508178722 0.6923654079437257 416.50000000000006 798.50000000000011
decision_type=2 2 2 2 2 2 2 2 2 2 2 2 2 2 2 2 2 2 2 2 2 2 2 2 2 2 2 2 2 2
left_child=1 3 4 -1 -2 -4 -5 -7 9 13 -11 12 -12 14 22 16 17 -16 19 -15 27 26 -3 -10 -25 -20 -22 28 -21 -29
right_child=2 8 5 6 -6 7 -8 -9 23 10 11 -13 -14 18 15 -17 -18 -19 25 20 21 -23 -24 24 -26 -27 -28 29 -30 -31
leaf_value=-0.037094857731547859 -0.00026937870133679557 -0.054953518991599774 0.011832758063628906 -0.024224926076500716 0.0089511797443633991 0.036631242920786351 -0.013860604195696766 0.0073549680985588763 -0.0035123356248150726 -0.076201344885300601 -0.075972428747155527 -0.082735664556833191 0.045406021421036023 0.049946686992398216 -0.061746370670150236 0.059821597670706231 0.035141230438282343 0.043309794280662554 0.0024998538237204267 0.019191414078827785 -0.045402456173447826 -0.075473597128268566 -0.0082709881678320191 0.036759244985557014 -0.070901698781575317 -0.088823271660234487 0.058349378034873944 -0.10193140144746149 -0.063222728526387259 0.06077765709139276
leaf_weight=161.80200929913326 1281.3113412332386 10.880895367589345 3851.4149273825569 307.23973924339725 947.63900210420252 107.42009145804332 1985.9942039626076 31.011327640153468 954.86678231698716 17.914859977230662 1.9521528979093989 5.314103418004378 8.0064230455755006 5.1601114766308447 41.081924098625223 4.7935257339931914 7.0133787406475667 2.3807656292710808 323.53144160389138 6.5141094296627697 4.1228979071938765 16.374174454696913 680.64829104284127 20.024071006395392 1.9743643947294902 2.4297544039291088 3.3195045264728833 1.041149785145534 8.3369098195071256 6.0861213023745222
leaf_count=421563 29105 18132 17514 1353958 10146 360 796177 110 306267 8706 1249 2283 790 995 40571 1191 2256 549 102885 2542 6496 3057 464556 1511 641 705 38 277 5697 287
internal_value=0.000361701 -0.0117599 0.00930617 -0.0166889 0.00365074 0.0124656 -0.0152492 0.0300728 -0.00608882 -0.00884638 -0.0478967 -0.0146953 0.0216125 -0.00769308 -0.0108837 -0.034383 -0.0433293 -0.0559917 -0.00137144 -0.0217816 -0.0298638 -0.051616 -0.00900552 -0.00282304 0.0270967 0.00181912 0.000873553 -0.00629225 -0.0270734 0.0370092
internal_weight=10807.6 4588.8 6218.8 2455.04 2228.95 3989.85 2293.23 138.431 2133.77 1156.9 33.1875 15.2727 9.95858 1123.71 746.799 55.2696 50.4761 43.4627 376.916 50.955 45.7949 23.8166 691.529 976.865 21.9984 325.961 7.4424 21.9783 14.851 7.12727
internal_count=3600614 3543379 57235 2571698 39251 17984 2150135 470 971681 663262 13028 4322 2039 650234 527255 44567 43376 41120 122979 19389 18394 9591 482688 308419 2152 103590 6534 8803 8239 564
is_linear=0
shrinkage=0.05


Tree=104
num_leaves=31
num_cat=0
split_feature=3 0 0 1 1 0 5 0 5 7 7 7 1 1 7 1 7 1 7 5 7 0 12 12 0 7 1 7 12 7
split_gain=414.891 47.5539 47.246 25.455 15.9986 13.1812 11.4351 24.5653 12.8178 12.9176 11.3362 12.0426 13.2949 11.9712 11.7877 9.67512 9.23956 12.3972 12.0644 13.39 11.6758 11.6527 10.1569 9.09737 15.253 10.3628 9.46734 9.37566 12.3344 8.71149
threshold=1.0000000180025095e-35 40.562259508784344 40.713683310226777 0.44617865979671484 0.38465785980224615 23.183382987976078 4.5720579624176034 38.371809956661316 4.5560796260833749 4.5485858917236337 5.1209788322448739 4.7229433059692392 0.56547641754150402 0.78118044137954723 4.8713660240173349 0.74419632554054271 3.8815106153488164 0.7231939733028413 4.3372693061828622 4.5279338359832773 4.2268071174621591 31.449475526809696 2083.5000000000005 1193.5000000000002 38.927114098076352 5.3107368946075448 0.72924405336380016 4.7749040126800546 511.50000000000006 2.6020033359527592
decision_type=2 2 2 2 2 2 2 2 2 2 2 2 2 2 2 2 2 2 2 2 2 2 2 2 2 2 2 2 2 2
left_child=1 4 3 -2 5 -1 7 8 9 -6 11 -3 -13 14 -14 -16 -5 18 20 -20 21 -18 -22 24 25 27 -25 28 -19 -8
right_child=2 10 -4 16 6 -7 29 -9 -10 -11 -12 12 13 -15 15 -17 17 23 19 -21 22 -23 -24 26 -26 -27 -28 -29 -30 -31
leaf_value=-0.037529876834190692 -0.0028157374385321147 -0.0066422606951131169 0.013012672208662111 0.0046819887097100414 -0.0071969594319169815 -0.018416611403208129 -0.022148127057417234 -0.053345833384712243 0.048626468571775626 0.034819402954940203 0.0026229768065182792 0.014378996432825487 -0.071602207128672449 0.0009915480215997672 -0.01719738235313777 -0.082074768885617877 -0.0048992298491743573 0.045796019441201347 -0.061596070769448709 0.0039748724338273802 0.048474604931394341 0.024437261139181717 -0.011199617518812457 0.065686334653301995 -0.035917528887941759 0.05464880189526964 0.024903552167134788 -0.020155863198088667 -0.00019471053381195326 -0.014130211933333907
leaf_weight=146.86570728228622 924.34645460026604 1699.3827497287384 2841.2725475144989 1572.5661465950916 291.01811131484624 233.80717293512811 465.6157285510742 25.771287842711899 11.758759542812184 19.519996639690362 314.63631473501664 18.583612577596341 22.878695519453686 20.722411355527584 36.89301550557866 6.8068409901943587 65.128403381928365 26.32390689861495 7.9351935572922221 413.27506403358711 42.350352492081583 70.480393650679616 8.5743502061814052 16.43615229986608 15.214703916106371 16.037049328297144 106.03275323126581 18.880355628010875 32.674207826545171 1243.5792379483514
leaf_count=686469 26840 814862 15325 9805 107618 1034575 238155 11676 1565 3238 99995 25969 9956 6561 9908 3901 531 79 71 2950 222 379 85 52 64 61 447 84 124 488585
internal_value=-0.000168665 -0.0116121 0.00827442 0.00423915 -0.0163746 -0.0257906 -0.0146322 -0.00637167 -0.00261555 -0.00455587 -0.00613518 -0.00766162 -0.0240218 -0.0321961 -0.0425257 -0.0273029 0.00694288 0.0111788 0.00742763 0.00273958 0.0180137 0.0103479 0.0384271 0.0210224 0.0105246 0.0180484 0.0303769 0.0105115 0.0203255 -0.0163144
internal_weight=10735.4 4557.84 6177.53 3336.26 2437.94 380.673 2057.26 348.068 322.297 310.538 2119.9 1805.27 105.885 87.301 66.5786 43.6999 2411.91 839.343 607.744 421.21 186.533 135.609 50.9247 231.599 109.13 93.9155 122.469 77.8785 58.9981 1709.19
internal_count=3600152 3543033 57119 41794 2571881 1721044 850837 124097 112421 110856 971152 871157 56295 30326 23765 13809 14954 5149 4238 3021 1217 910 307 911 412 348 499 287 203 726740
is_linear=0
shrinkage=0.05


Tree=105
num_leaves=31
num_cat=0
split_feature=3 0 1 0 0 0 1 12 0 1 1 12 8 0 0 5 12 12 5 1 0 5 1 1 1 5 1 9 12 12
split_gain=371.731 50.4827 43.5481 23.2125 18.5707 17.236 16.8684 12.3961 11.901 11.7376 11.3211 10.9454 10.1816 10.0608 9.76047 11.7272 9.67626 8.77417 9.11909 8.57119 9.1011 18.0761 11.2492 13.5427 9.16554 8.69944 8.56483 8.92104 8.48555 12.0933
threshold=1.0000000180025095e-35 42.283063159786259 0.5423724651336671 20.825350706552857 42.492732186608926 53.833591192465981 0.65419164299964916 827.50000000000011 24.748343291819769 0.72483605146408092 0.72087550163269054 1969.5000000000002 8.8608994483947772 38.371809956661316 32.455486847135042 4.952435016632081 1061.5000000000002 3480.5000000000005 4.6521179676055917 0.62698167562484752 39.105576460780874 4.9745383262634286 0.73607569932937633 0.7118021845817567 0.67146727442741405 4.999742031097413 0.77306294441223156 1.0000000180025095e-35 1217.5000000000002 1155.5000000000002
decision_type=2 2 2 2 2 2 2 2 2 2 2 2 2 2 2 2 2 2 2 2 2 2 2 2 2 2 2 2 2 2
left_child=1 3 5 6 7 8 -1 12 17 10 28 -12 13 -4 16 -16 -11 18 -2 -15 21 -21 23 24 -22 -26 27 -8 29 -9
right_child=2 -3 4 -5 -6 -7 26 9 -10 14 11 -13 -14 19 15 -17 -18 -19 -20 20 22 -23 -24 -25 25 -27 -28 -29 -30 -31
leaf_value=-0.035137779315803808 -0.03273847783074512 -0.0045700911074438352 0.0045500058319248382 -0.013656030731891389 0.013995567275542062 0.018870326960571466 0.011306210540156326 0.011742240462939457 0.0020364650070419511 -0.026996920546631872 -0.053869337774708731 0.012205173847345811 0.020335237323213389 -0.041079984680688103 0.03611550105627212 0.014187309010135127 0.012796310045833148 0.016633259386796734 -0.0077138428388746714 -0.076819310202151783 0.019621345531707621 0.0075367809037030766 -0.015579816811120101 0.042017214710599271 -0.053269732074502266 0.0047130998514765777 -0.10404921312344172 -0.079277930617883852 0.0060985296064094358 0.040764469875598314
leaf_weight=214.7711792177729 41.826106978362077 1941.6599973480465 782.93031545077247 2372.8226860098921 2155.7249724802368 124.37724239620002 36.768877851709476 206.72541547982837 1105.4548419921048 18.308612346241716 14.310160697546964 11.152054857928304 82.947574014484417 18.147139620996313 111.18140512831451 135.01358963758685 92.249957181898935 31.640338211334893 280.85415900260887 12.050027358345687 24.681051094201393 13.426529208663851 62.746587061497848 26.344319695024751 12.369834749042639 13.56056006270228 1.9003305841979443 2.9349689245000254 723.44855220821501 43.435919305484276
leaf_count=561704 2063 832473 3901 2126195 8904 1491 19368 1293 18639 88 92 62 367 149 461 629 440 1195 11423 68 119 69 282 91 69 66 1154 2452 5019 214
internal_value=0.000113029 -0.0106847 0.00814485 -0.0152003 0.0106256 0.0010029 -0.029493 0.0076049 -0.000519454 0.0107627 0.00798268 -0.0249297 0.0035243 0.00208118 0.0185479 0.0240901 0.00620651 -0.00849374 -0.0109576 -0.00846242 -0.00487894 -0.0323624 0.000133029 0.0129446 -0.00218824 -0.022947 -0.000353077 0.00461009 0.00884341 0.0167814
internal_weight=10715.8 4570.86 6144.91 2629.2 4560.75 1584.15 256.375 2405.03 1459.78 1355.83 999.072 25.4622 1049.2 966.256 356.754 246.195 110.559 354.321 322.68 183.326 165.179 25.4766 139.702 76.9558 50.6114 25.9304 41.6042 39.7038 973.61 250.161
internal_count=3600540 3543346 57194 2710873 22383 34811 584678 13479 33320 8298 6680 154 5181 4814 1618 1090 528 14681 13486 913 764 137 627 345 254 135 22974 21820 6526 1507
is_linear=0
shrinkage=0.05


Tree=106
num_leaves=31
num_cat=0
split_feature=3 0 1 1 0 0 0 1 9 0 0 12 0 5 0 1 7 5 12 12 0 12 0 7 7 1 12 1 12 1
split_gain=379.961 61.1455 40.6063 29.1793 23.5595 14.8811 13.8383 19.8348 12.804 11.0277 12.9912 9.91046 9.20251 9.04914 11.0043 17.6578 11.9762 11.3641 8.99611 15.1678 11.621 8.92299 8.87183 8.74041 14.1297 13.0398 11.9698 10.0751 10.4184 10.5711
threshold=1.0000000180025095e-35 35.699507168741555 0.65848857164382946 0.4843269437551499 21.688525392322848 66.728939531269148 41.674093543289935 0.65093171596527111 1.0000000180025095e-35 35.847203636625643 36.30276173639141 75.500000000000014 35.082134247200891 4.5025253295898446 28.864580531135292 0.67146727442741405 2.9700856208801274 4.3993008136749276 99.500000000000014 1500.5000000000002 24.502472712738385 5774.5000000000009 16.374140127136346 1.7005987167358401 0.89587974548339855 0.74340617656707775 1909.5000000000002 0.49824166297912603 1777.5000000000002 0.81243386864662182
decision_type=2 2 2 2 2 2 2 2 2 2 2 2 2 2 2 2 2 2 2 2 2 2 2 2 2 2 2 2 2 2
left_child=1 3 4 22 -2 -4 7 -6 -9 -3 -11 12 -5 14 15 16 17 18 -13 -20 -21 -8 -1 24 26 -25 27 -16 29 -29
right_child=2 9 5 11 6 -7 21 8 -10 10 -12 13 -14 -15 23 -17 -18 -19 19 20 -22 -23 -24 25 -26 -27 -28 28 -30 -31
leaf_value=-0.046991153332629737 -0.0094542729867115316 0.024210830432995999 0.011190959233720672 -0.04364606921340735 0.0039480190601403403 0.023858752786223496 0.010216646242732108 -0.03816640100330556 0.015981367143995239 -0.03507927337599847 -0.0058859254495176958 0.053500602383976442 0.031981694598764134 -0.015426486559628617 0.080283602570096257 -0.054091636653969481 -0.078582844483062214 0.043336061675532077 -0.042314310110257887 0.036805021832703684 -0.054326514330530776 0.065891574357703583 -0.026434778495941648 0.025663302904778335 -0.06722981029854995 -0.074100124903548698 -0.057773659763884128 -0.013101007429331233 0.057854496358357911 0.070498369186207277
leaf_weight=61.712115859764367 292.32005089609311 29.925195204275497 2964.0916115312366 43.826471739340832 1650.033506146126 251.50211838602263 856.21071129360644 45.855777276839945 14.329115931876002 38.674037700333884 2606.1780424633184 5.1081335950931352 4.4288660406746194 1166.4134641046321 4.5621602248575064 24.499761592768436 5.0623158061280256 12.834942133994899 25.163154803890279 15.388640002865943 4.5273939024496022 7.2576655716984524 351.16040090147942 53.503158812546872 8.4721657315822068 3.4890286360023302 7.5951908795157115 42.995791904522093 7.4569913701125179 4.1460692222753996
leaf_count=237930 11240 13438 13258 31579 24154 902 7097 360 81 40003 1320207 721 1238 520513 119 17438 2988 2169 15161 4162 2723 29 1299754 9045 4058 2714 2978 13368 506 244
internal_value=0.000160464 -0.010807 0.0083246 -0.0177897 0.00399698 0.0121817 0.00552477 0.00291963 -0.0252746 -0.00597131 -0.0063128 -0.0144288 -0.036705 -0.0136562 -0.00447073 -0.0176907 -0.00459204 0.00135134 -0.00938587 -0.0165118 0.0160886 0.0106846 -0.0295073 0.00478622 -0.00640309 0.0195558 0.00131655 0.00890265 0.00293822 -0.00574854
internal_weight=10608.7 4527.12 6081.6 1852.35 2866.01 3215.59 2573.69 1710.22 60.1849 2674.78 2644.85 1439.47 48.2553 1391.22 224.805 92.5843 68.0846 63.0223 50.1873 45.0792 19.916 863.468 412.873 132.221 75.2284 56.9922 66.7562 59.161 54.5989 47.1419
internal_count=3600177 3543056 57121 2169408 42961 14160 31721 24595 441 1373648 1360210 631724 32817 598907 78394 45362 27924 24936 22767 22046 6885 7126 1537684 33032 21273 11759 17215 14237 14118 13612
is_linear=0
shrinkage=0.05


Tree=107
num_leaves=31
num_cat=0
split_feature=3 0 1 0 0 0 11 8 0 8 0 0 0 5 1 9 11 0 5 0 0 8 1 11 1 8 9 1 11 8
split_gain=393.381 37.1612 33.3293 23.2126 15.0092 11.7425 9.80682 12.1358 10.9187 9.74696 7.83751 8.37764 9.77444 8.6675 7.62758 8.00808 7.6119 19.8355 9.67991 8.69264 7.43061 16.5462 14.7439 15.9611 8.87705 10.9336 10.0554 8.92021 18.2184 10.8506
threshold=1.0000000180025095e-35 19.548324149101976 0.44617865979671484 49.153644741651085 41.674093543289935 56.044703862258764 13.500000000000002 6.3017024993896493 47.976722137740587 11.004941463470461 64.900488853454604 45.61947421901278 45.852072499408685 4.9036273956298837 0.67436936497688305 1.0000000180025095e-35 49.500000000000007 41.502212012397656 4.7505102157592782 25.219624345434571 27.276883840560917 10.54799270629883 0.74769887328147899 22.500000000000004 0.64157921075820934 5.8593597412109384 1.0000000180025095e-35 0.68506747484207164 12.500000000000002 7.5472350120544442
decision_type=2 2 2 2 2 2 2 2 2 2 2 2 2 2 2 2 2 2 2 2 2 2 2 2 2 2 2 2 2 2
left_child=1 -1 5 9 -4 -2 7 -6 -9 16 11 -8 13 -13 15 -12 20 18 19 -18 22 -22 23 24 25 -3 27 -26 -29 -30
right_child=2 3 4 -5 6 -7 10 8 -10 -11 14 12 -14 -15 -16 -17 17 -19 -20 -21 21 -23 -24 -25 26 -27 -28 28 29 -31
leaf_value=-0.033767148304636244 0.00045502559889645236 -0.053561043347101024 0.0079593091629798843 -0.0040683787583497451 0.060266832060308688 0.018868306281623448 0.017398776922005997 0.046731804063847721 -0.03086018490403027 0.0052998790943856403 0.010555178821523454 0.013806307515711397 0.010403699709043679 -0.046965725570019171 0.023215717347390329 -0.044872218237433176 -0.062305769747345224 -0.05984187340353906 -0.023213060405431002 0.015504564430731609 -0.010535173240862956 -0.071927789521867389 -0.063205144017160889 -0.021176033918360399 0.027078423889249456 -0.0045582998698017419 -0.078078318321430237 0.044063733384718418 -0.077467190129629757 0.0024269375594529324
leaf_weight=169.7341540587031 1251.6203175892779 14.362884262301746 2475.8622035371127 1219.0826979920057 24.533451414827141 93.018788303335896 500.0655951446588 8.71234750445001 9.4538007993251068 77.539792864294213 45.713737737576594 10.045242445543408 1346.7176817386726 14.106113168600132 292.85537012896384 7.5999662757385513 4.0318881882252517 30.063708208243952 96.06872064988886 32.702696722141354 2319.3751127112691 11.02719616500144 16.949961420285035 384.40290175897741 46.241007030051151 54.870058253162142 3.1102985628967863 10.152906790957788 9.1838294063436496 7.9101105289519174
leaf_count=475104 30759 29468 15586 446155 80 1040 2239 50 58 26186 272 45 5733 76 1046 83 9163 30951 114653 27326 1643049 7252 18592 597402 12130 87951 3200 2723 8347 3150
internal_value=0.000378246 -0.0108165 0.00867598 -0.00991835 0.0106486 0.00172881 0.0135949 0.0373294 0.00635235 -0.0122056 0.0131378 0.0118591 0.00983831 -0.0216889 0.020049 0.0026539 -0.012652 -0.0231679 -0.0148657 0.00696431 -0.0120568 -0.0108257 -0.0173003 -0.0158329 -0.00174854 -0.0147243 0.00997953 0.0137065 -0.00898721 -0.0404967
internal_weight=10587.1 4506.81 6080.3 4337.08 4735.67 1344.64 2259.8 42.6996 18.1661 3117.99 2217.1 1870.93 1370.87 24.1514 346.169 53.3137 3040.45 162.867 132.803 36.7346 2877.59 2330.4 547.184 530.234 145.831 69.2329 76.5982 73.4879 27.2468 17.0939
internal_count=3599869 3542802 57067 3067698 25268 31799 9682 188 108 2621543 9494 8093 5854 121 1401 355 2595357 182093 151142 36489 2413264 1650301 762963 744371 146969 117419 29550 26350 14220 11497
is_linear=0
shrinkage=0.05


Tree=108
num_leaves=31
num_cat=0
split_feature=3 0 0 1 1 0 0 7 1 0 8 12 12 12 1 1 7 5 11 8 1 11 7 0 0 11 0 0 0 0
split_gain=344.628 36.4448 31.7291 21.1768 15.578 13.7948 12.7676 10.9253 11.9276 10.3471 10.2527 17.934 14.4796 14.2733 12.4231 12.5898 12.0596 14.737 10.4987 9.81648 9.682 12.0613 19.5854 12.384 9.37705 9.27222 14.8648 9.68627 9.6587 10.2106
threshold=1.0000000180025095e-35 40.713683310226777 22.627470227605958 0.5230008363723756 0.38465785980224615 68.993868182074962 64.900488853454604 5.8930234909057626 0.70259901881217968 29.423848046153584 8.9873843193054217 959.50000000000011 1281.5000000000002 916.50000000000011 0.77989822626113903 0.73426711559295665 3.4175922870635991 4.7334287166595468 30.500000000000004 8.6845688819885272 0.73516836762428295 41.500000000000007 6.9260861873626718 56.62229317903985 29.558571992052752 20.500000000000004 28.594956746732354 51.302268195318909 28.733637571334842 31.589673364862396
decision_type=2 2 2 2 2 2 2 2 2 2 2 2 2 2 2 2 2 2 2 2 2 2 2 2 2 2 2 2 2 2
left_child=2 3 4 9 -1 -3 7 10 -9 -2 19 13 -13 25 15 -14 -17 -18 -15 -4 -10 -22 -23 -24 -11 27 -27 -12 -28 -30
right_child=1 5 6 -5 -6 -7 -8 8 20 24 11 12 14 18 -16 16 17 -19 -20 -21 21 22 23 -25 -26 26 28 -29 29 -31
leaf_value=-0.038641645461365705 -0.0060218026581153952 0.011130019333646884 -0.011043913554578594 0.0071982224194400901 -0.016828427677322715 0.023503820600429597 0.00071933288466531479 -0.011352539670592285 0.02896233420462237 0.046579376712633735 0.025787204255220682 -0.043144351654048993 -0.0072219556546442732 -0.084919544370135977 0.023915447105428211 -0.086716906926991522 0.052040411519094214 -0.058417211975466433 0.053360348450959216 -0.028561073183557717 0.012281604701813735 -0.08109702625512305 -0.07881285524907182 0.059021998458767849 0.0028341516765639637 -0.063083776391635177 0.061415428602449432 -0.093852609063397319 -0.058281717278599612 0.0015667127012031368
leaf_weight=127.08862664623484 566.25702624439873 2514.0537311675325 3090.2621851718486 2200.7161229410794 229.92988552074712 247.40882553333358 308.9725837598935 105.80469870953857 48.343366392553435 12.585416106216142 46.807328408171315 33.233632724057088 152.99567883924283 1.4647746249129365 27.182728526913706 10.409558161925817 5.055969457866011 7.4975625052829855 21.822596757889642 82.102445913940755 51.822498983066907 10.216594551220625 2.2233179190461652 6.1025849152865703 459.9870988052644 9.9006627736243882 6.2117190391527393 1.7552251323286316 7.6751813929336086 99.719472059710824
leaf_count=639524 20158 13977 2375492 13119 136846 1242 81761 72652 7721 140 8738 18318 63212 982 4629 3998 501 3167 1654 58875 9681 6188 1019 306 8317 13339 363 504 5570 29035
internal_value=0.000177223 0.00801828 -0.0102918 0.00442076 -0.0245933 0.0122386 -0.00905781 -0.00984683 0.00085462 -0.00146318 -0.0105135 -0.00328453 -0.0125489 0.007925 -0.0075435 -0.0124034 -0.0469256 -0.0139301 0.0446625 -0.0114973 0.0117349 -0.000101063 -0.0347081 0.0222151 0.00399916 0.00295305 -0.00432499 0.021463 0.000795769 -0.00271048
internal_weight=10495.6 6001.01 4494.6 3239.55 357.019 2761.46 4137.58 3828.61 224.513 1038.83 3604.1 431.732 236.375 195.357 203.141 175.959 22.9631 12.5535 23.2874 3172.36 118.708 70.365 18.5425 8.3259 472.573 172.07 123.507 48.5626 113.606 107.395
internal_count=3601028 56953 3544075 41734 776370 15219 2767705 2685944 97567 28615 2588377 154010 93825 60185 75507 70878 7666 3668 2636 2434367 24915 17194 7513 1325 8457 57549 48307 9242 34968 34605
is_linear=0
shrinkage=0.05


Tree=109
num_leaves=31
num_cat=0
split_feature=3 0 0 1 0 0 1 1 1 12 8 8 7 12 12 9 7 11 7 12 8 1 1 8 8 7 7 12 11 1
split_gain=358.264 39.976 30.6942 20.1354 19.7924 15.0771 14.6959 11.8718 11.6995 15.4623 11.4907 11.0804 10.7474 10.4252 9.40755 9.33456 13.1929 11.5019 13.2451 8.97464 10.8671 16.1408 10.3953 10.4516 8.88028 8.75972 16.4891 11.2952 15.8407 14.6193
threshold=1.0000000180025095e-35 29.423848046153584 39.7930541329115 0.70259901881217968 19.548324149101976 52.451335135971028 0.69502258300781261 0.51851350069046032 0.69149696826934826 87.500000000000014 8.8430309295654315 10.411811828613283 6.9260861873626718 1725.5000000000002 1709.5000000000002 1.0000000180025095e-35 4.5695295333862314 43.500000000000007 5.2704288959503183 1793.5000000000002 1.4978661537170412 0.63910901546478283 0.70004886388778698 6.6764485836029062 8.2984070777893084 5.708768606185914 5.482717990875245 1515.5000000000002 26.500000000000004 0.68779003620147716
decision_type=2 2 2 2 2 2 2 2 2 2 2 2 2 2 2 2 2 2 2 2 2 2 2 2 2 2 2 2 2 2
left_child=2 7 4 5 -1 -3 8 -2 9 -7 -11 -4 13 14 25 -5 -17 18 -18 20 -15 -22 23 -23 -25 26 27 -6 29 -29
right_child=1 3 11 15 12 6 -8 -9 -10 10 -12 -13 -14 19 -16 16 17 -19 -20 -21 21 22 -24 24 -26 -27 -28 28 -30 -31
leaf_value=-0.031392059872643402 -0.0050110207070878836 0.0054758878356652146 -0.0072470524749418553 0.012470918609256769 -0.014462601256344793 -0.055885564647486743 -0.013377204949030809 0.0043481294086051931 0.04946574740848237 0.014417697444715737 0.043335127229887957 0.010064325443172376 -0.069012426074711378 0.059398644454498412 -0.079272727954700098 0.015808015673710599 0.065121731474383215 0.003669526417557991 0.014705657643598522 -0.0095857451566430663 -0.043185884387352713 -0.079194556063542546 -0.025848606989382503 0.066718498966533285 -0.08012646488307032 0.0035042955918311754 -0.072655452359833228 0.020324289085448154 -0.047880660593642058 -0.084021525840271949
leaf_weight=166.20620485527388 574.44273541053008 2154.6393191315183 2058.2661720969054 1716.7354882840964 1338.9236545575814 7.3875777274370185 41.045587703672936 826.10567019245173 27.524361817602767 369.94288825675903 37.86982571776025 96.780518440828928 8.6770292440696704 9.941278860851865 5.7651545479864117 224.6296905046911 42.700302800512873 17.379031546865008 18.746925224477309 582.24265157480852 13.556940796037905 1.5470077881582316 7.2849090894287647 15.220288630123834 1.1042473216366477 59.593127288561391 12.755375270037346 18.605707937616334 57.074364853303791 4.0956483664613179
leaf_count=474942 20070 19959 1029079 7037 1357497 54 163 5504 78 2723 214 12439 14639 2227 7471 1072 111 83 82 481904 20652 1021 3475 1180 543 33224 16776 12408 70348 2849
internal_value=9.60735e-07 0.00791643 -0.0107583 0.0101433 -0.0147722 0.00726686 0.0152436 0.000509422 0.0178971 0.0158043 0.017103 -0.00646962 -0.0134792 -0.0132527 -0.015525 0.0138999 0.0219838 0.039583 0.0497403 -0.00786186 0.0127677 0.000793202 0.0244938 0.0450146 0.0567854 -0.0152785 -0.0160604 -0.0155516 -0.033829 0.00149882
internal_weight=10516.8 6059.15 4457.64 4658.6 2302.59 2638.41 483.77 1400.55 442.725 415.2 407.813 2155.05 2136.39 2127.71 1496.81 2020.19 303.456 78.8263 61.4472 630.897 48.6547 38.7134 25.1565 17.8715 16.3245 1491.05 1431.45 1418.7 79.7757 22.7014
internal_count=3599824 57150 3542674 31576 2501156 23191 3232 25574 3069 2991 2937 1041518 2026214 2011575 1500573 8385 1348 276 193 511002 29098 26871 6219 2744 1723 1493102 1459878 1443102 85605 15257
is_linear=0
shrinkage=0.05


Tree=110
num_leaves=31
num_cat=0
split_feature=0 0 0 5 0 5 7 1 1 1 7 7 10 11 7 11 11 11 11 0 11 1 11 0 11 11 0 0 1 11
split_gain=62.9605 25.1234 22.7646 11.9338 13.2989 10.1455 9.43123 9.22171 9.50983 8.47544 7.92153 13.4108 7.86512 7.57889 17.4215 9.17451 8.19784 7.1144 7.07581 8.81091 7.83897 9.0288 8.42426 6.97476 6.85573 11.3339 12.2957 7.36845 6.76086 6.54326
threshold=32.155248604922242 66.728939531269148 10.815831422805788 4.9310705661773691 16.072970355835427 4.9184429645538339 3.65057384967804 0.75568625330924999 0.46742680668830877 0.79939696192741405 5.708768606185914 5.5073599815368661 1.0000000180025095e-35 36.500000000000007 2.2499048709869389 18.500000000000004 48.500000000000007 11.500000000000002 82.500000000000014 15.236428431562674 24.500000000000004 0.76254314184188854 34.500000000000007 30.498575229625207 9.5000000000000018 6.5000000000000009 14.862609979994888 30.23641028798011 0.73692843317985546 99.500000000000014
decision_type=2 2 2 2 2 2 2 2 2 2 2 2 2 2 2 2 2 2 2 2 2 2 2 2 2 2 2 2 2 2
left_child=2 29 -1 5 18 9 -7 8 -8 24 11 -6 28 14 15 -3 -15 -16 19 20 21 -5 -22 -11 25 26 -4 -27 -13 -2
right_child=1 13 3 4 10 6 7 -9 -10 23 -12 12 -14 16 17 -17 -18 -19 -20 -21 22 -23 -24 -25 -26 27 -28 -29 -30 -31
leaf_value=-0.051772510115721551 0.0018095964950836435 -0.082478002728778282 0.089306945086813319 -0.057223385308064117 -0.007471610155828293 -0.038492403003960653 -0.017284184013107853 -0.088630152895521785 0.029164283980962998 0.048414852407519519 0.0049385579051946142 -0.070654704352353132 0.092842240121257205 0.0023537589025141269 -0.09807509582801513 0.002503262873823122 0.02295694367822777 0.026757781669184112 0.081634551678811007 -0.064203619175198776 0.016939358339480577 0.14109803238307103 -0.029570534930019793 -0.069353346214526698 -0.0039957353581404577 0.038057741560639555 -0.067510450814638523 -0.089667378463084021 0.025896261446036663 -0.077590557795154308
leaf_weight=26.641530842501197 6670.8864015491636 3.3046754740880706 1.5692840229025922 16.30544913703358 1701.4644260148091 7.7278066040589684 13.10871781597052 1.9363233755029785 69.149351615396881 12.240334456331764 128.68237074460626 14.799386215950113 0.90042029799769707 222.22114304219622 1.1476756476340586 81.548524303537761 61.681471021865491 207.18262823818941 1.4250059756941471 15.557701456707461 17.069970823936956 0.59482855396345158 22.660781025374462 1.4011382302633126 1145.0286636403566 27.188622359015202 6.1434676858357307 1.1781090879176179 2.0662763804029955 2.5957347882067543
leaf_count=92432 1678587 993 318 19801 928611 5283 21547 875 7496 1963 47170 11966 70 30045 174 10479 7777 20162 635 24844 16236 12 35237 1049 623103 6860 2872 643 588 1506
internal_value=5.62865e-05 0.00264421 -0.00574429 -0.00536206 -0.00785745 -0.00163542 0.0143713 0.0192234 0.0217622 -0.00286695 -0.00702723 -0.00792286 -0.051139 0.0126529 0.0182915 -0.0008064 0.00683006 0.0260701 -0.0286983 -0.0308763 -0.0217206 -0.0502432 -0.00958797 0.0363187 -0.00331954 0.0181405 -0.0356034 0.0327531 -0.0588259 0.00177871
internal_weight=10485.4 7250.57 3234.84 3208.2 1921.53 1286.67 91.9222 84.1944 82.2581 1194.75 1847.91 1719.23 17.7661 577.086 293.184 84.8532 283.903 208.33 73.6137 72.1887 56.631 16.9003 39.7308 13.6415 1181.11 36.0795 7.71275 28.3667 16.8657 6673.48
internal_count=3599334 1749723 1849611 1757179 1085170 672009 35201 29918 29043 636808 988405 941235 12624 69630 31808 11472 37822 20336 96765 96130 71286 19813 51473 3012 633796 10693 3190 7503 12554 1680093
is_linear=0
shrinkage=0.05


Tree=111
num_leaves=31
num_cat=0
split_feature=3 1 1 7 11 12 11 8 7 7 11 8 12 11 1 8 8 8 5 9 12 5 7 5 5 7 11 1 8 5
split_gain=313.58 34.1367 23.6727 15.361 15.2408 16.9049 17.0409 10.8328 9.38229 10.6699 8.51322 9.52494 8.132 8.27437 10.211 8.96718 10.3758 7.78058 7.43952 11.0245 14.1303 10.4788 13.8428 12.9161 10.4269 8.85213 7.49974 10.1471 7.4932 7.46013
threshold=1.0000000180025095e-35 0.5423724651336671 0.53865098953247081 3.7494349479675297 13.500000000000002 152.50000000000003 10.500000000000002 7.4386775493621835 5.2496488094329843 5.8536372184753427 25.500000000000004 3.8393944501876835 352.50000000000006 49.500000000000007 0.43326406180858618 11.824220180511476 9.2858648300170916 12.207256317138674 4.8789100646972665 1.0000000180025095e-35 526.50000000000011 4.957463502883912 4.4829866886138925 4.9500830173492441 4.180652618408204 4.7749040126800546 39.500000000000007 0.5230008363723756 6.5574760437011728 4.9612662792205819
decision_type=2 2 2 2 2 2 2 2 2 2 2 2 2 2 2 2 2 2 2 2 2 2 2 2 2 2 2 2 2 2
left_child=2 18 3 7 5 6 -4 -1 -7 -10 -5 -12 -9 15 -15 16 -14 -17 19 20 26 22 23 -20 -21 28 27 -2 -24 -23
right_child=1 -3 4 10 -6 8 -8 12 9 -11 11 -13 13 14 -16 17 -18 -19 21 24 -22 29 25 -25 -26 -27 -28 -29 -30 -31
leaf_value=-0.028290104433745772 0.0016670122770232609 0.0098679355942001487 0.031368712364231922 0.0085335520921752308 -0.0076867989039374213 -0.052286516409839084 -0.064430456084659957 0.0053958044176005268 0.038273666418083482 -0.10928620986980789 -0.042039338017242092 -0.0094196673994575639 -0.019980570195344435 -0.046604867434278503 0.044893339012916263 0.061572042092866208 -0.060292978564215255 -0.061260301232301487 0.0061424967261898746 -0.025672284501832371 -0.013642429702095372 -0.052965246951951941 0.066535476540446628 -0.052880911349566961 0.029086030856376621 0.016891686385620174 0.024841148326682192 -0.093491730514972102 0.0147581739013193 0.0013633016877566189
leaf_weight=329.00245674108959 83.694953661644831 4412.100657841771 17.399543426499694 58.236093882795785 3562.6585312295738 49.55272102045376 6.3311352743489797 44.651781348613895 5.9325068282269049 1.5438971088915421 24.908527224218687 220.38166924391589 102.23963939927313 4.3914991057538364 9.9754788210102543 5.3242574125029014 18.914922713593569 1.70113041165132 101.79745517637821 11.046667394344693 265.94059203807865 6.3651136050611958 20.058416268082514 10.197257011692271 40.810032311499526 79.030209907194148 39.200694843995734 2.8984751184470943 10.723147236712974 867.19649449634289
leaf_count=1072755 1566 22308 4899 121233 1221036 36381 4987 100336 870 676 77069 573111 257421 21071 963 930 44127 5192 2369 458 6850 283 191 201 836 1614 599 25 282 19484
internal_value=0.000117691 0.00763141 -0.00990093 -0.017578 -0.00817369 -0.0296524 0.00581034 -0.0228265 -0.044409 0.00780216 -0.00865197 -0.0127321 -0.0132241 -0.0190566 0.0169254 -0.0230896 -0.0262742 0.0318294 0.00121942 -0.00424341 -0.00711131 0.0034317 0.0131369 0.000768342 0.0174213 0.0257514 0.00669608 -0.00151816 0.0484982 0.000967443
internal_weight=10414.2 5951.06 4463.15 819.727 3643.42 80.7598 23.7307 516.201 57.0291 7.4764 303.526 245.29 187.199 142.547 14.367 128.18 121.155 7.02539 1538.96 443.591 391.735 1095.37 221.806 111.995 51.8567 109.812 125.794 86.5934 30.7816 873.562
internal_count=3600123 57066 3543057 2274208 1268849 47813 9886 1502795 37927 1546 771413 650180 430040 329704 22034 307670 301548 6122 34758 10334 9040 24424 4657 2570 1294 2087 2190 1591 473 19767
is_linear=0
shrinkage=0.05


Tree=112
num_leaves=31
num_cat=0
split_feature=3 0 0 1 0 1 8 0 0 11 11 1 1 1 8 8 7 11 11 1 7 7 1 11 8 1 8 8 8 0
split_gain=349.931 36.1725 28.4702 21.7589 17.633 12.3567 16.1196 11.6193 10.8355 11.8402 8.42316 8.18446 7.95194 7.74652 7.92251 8.5386 10.4799 13.5554 13.6937 8.41132 14.1894 8.58751 7.81864 7.71959 11.5864 7.27689 7.26868 7.208 10.8332 21.4177
threshold=1.0000000180025095e-35 33.862063407897956 42.722800357609238 0.41471430659294134 13.230743121544949 0.57550552487373363 7.9796578884124765 57.951464589605173 33.466407396212169 45.500000000000007 20.500000000000004 0.56806111335754406 0.53493738174438488 0.80133241415023815 1.8688347935676577 1.0000000180025095e-35 4.7317931652069101 33.500000000000007 44.500000000000007 0.78923356533050548 3.5408543348312382 4.1026091575622567 0.60320907831192028 38.500000000000007 7.868434190750123 0.80469611287117015 9.2858648300170916 11.513005733489992 11.004941463470461 33.334506928920753
decision_type=2 2 2 2 2 2 2 2 2 2 2 2 2 2 2 2 2 2 2 2 2 2 2 2 2 2 2 2 2 2
left_child=2 3 4 -2 -1 6 -6 13 -5 -10 12 -12 -8 14 15 16 -3 -18 -19 -16 -21 -22 -17 26 -25 -15 -9 28 -7 -30
right_child=1 7 -4 8 5 27 10 23 9 -11 11 -13 -14 25 19 22 17 18 -20 20 21 -23 -24 24 -26 -27 -28 -29 29 -31
leaf_value=-0.048480200609289467 -0.0047963847323378725 0.017528500377968669 -0.0056084497521427003 0.0071021799540082519 -0.022834594710380986 -0.011114712205933566 0.024979317955382472 0.020098180231896346 -0.0046001503106664222 -0.066470243422474026 -0.0088577013203921164 -0.065117696604152175 -0.049659915684470354 0.049711116209512698 0.0088017233019975494 -0.0027012684844825354 -0.059833725330910907 0.043226180659213832 -0.025849501334045712 0.011398803931269887 -0.068097270690454584 -0.013274118010682293 0.04524463391735755 0.015640291064099806 -0.0096819078035152682 0.016586088106158827 0.051647878449547692 -0.044938657174894335 -0.084982845215854141 0.045682348009245859
leaf_weight=36.079050008434479 641.54903874428646 207.65729193687366 1820.6452640125563 1380.3838715582842 573.78142366475572 1731.224953050149 30.096122005367761 361.89905223765527 38.566339835200779 9.6721515972967591 166.44665406888612 6.7256424727565891 4.0484635918583072 18.730985716472787 2669.0760369181753 10.711289819701049 10.32593398800236 13.660903396448704 15.111378392757613 37.620630949444603 11.726365801878275 18.274966593686258 41.241899899556302 244.99559773744113 55.385897324304096 144.34774273263747 19.22581587563036 15.47724478441887 3.7667881919005621 18.731404391739488
leaf_count=132626 22324 1162 805680 10069 1506234 760828 35706 1804 231 62 288067 2724 1679 70 18348 115 89 84 102 161 49 89 122 1301 338 641 56 6378 1892 1254
internal_value=0.000280683 0.00819017 -0.0103983 0.00285305 -0.0137701 -0.0132791 -0.018517 0.0110378 0.00628817 -0.0170055 -0.00656753 -0.0110427 0.0161295 0.00977478 0.00920443 0.0169363 0.0130573 -0.0106898 0.00694721 0.00836051 -0.00905456 -0.0347024 0.0353595 0.0169654 0.0109713 0.0203908 0.0216897 -0.0109665 -0.0106667 0.0238056
internal_weight=10357.2 5950.16 4407.02 2070.17 2586.38 2550.3 781.098 3879.99 1428.62 48.2385 207.317 173.172 34.1446 3198.49 3035.41 298.709 246.756 39.0982 28.7723 2736.7 67.622 30.0013 51.9532 681.506 300.381 163.079 381.125 1769.2 1753.72 22.4982
internal_count=3600285 57217 3543068 32686 2737388 2604762 1834410 24531 10362 293 328176 290791 37385 21032 20321 1674 1437 275 186 18647 299 138 237 3499 1639 711 1860 770352 763974 3146
is_linear=0
shrinkage=0.05


Tree=113
num_leaves=31
num_cat=0
split_feature=3 0 0 1 7 5 0 11 8 5 11 1 0 0 8 11 11 11 1 0 7 7 13 0 8 0 8 1 0 5
split_gain=332.682 37.6807 33.1519 19.3344 17.5604 16.1861 12.9824 14.5853 12.5742 11.1897 11.0675 10.7744 12.0247 10.003 9.70328 11.7833 13.1889 10.4914 9.99334 9.59945 16.4463 10.9142 10.2001 9.48804 13.103 9.28381 13.1779 9.06981 8.94374 9.22443
threshold=1.0000000180025095e-35 42.492732186608926 33.334506928920753 0.44617865979671484 4.79990577697754 4.8709805011749276 30.109389814177124 38.500000000000007 6.2156071662902841 4.9298512935638437 39.500000000000007 0.7596479356288911 27.485574918155184 68.993868182074962 5.6472105979919442 47.500000000000007 25.500000000000004 16.500000000000004 0.38465785980224615 28.204355716705326 4.2696731090545663 4.4127798080444345 1.0000000180025095e-35 50.935361998883316 11.004941463470461 22.401018179982206 4.7140145301818857 1.0000000180025095e-35 32.311915178237548 4.6670219898223886
decision_type=2 2 2 2 2 2 2 2 2 2 2 2 2 2 2 2 2 2 2 2 2 2 2 2 2 2 2 2 2 2
left_child=2 3 4 -2 5 10 9 -8 -9 25 -1 12 -7 -3 -11 16 17 -16 -17 20 -14 27 -21 24 -4 26 -6 -22 29 -12
right_child=1 13 23 -5 6 11 7 8 -10 14 28 -13 19 -15 15 18 -18 -19 -20 22 21 -23 -24 -25 -26 -27 -28 -29 -30 -31
leaf_value=-0.0061023780348150661 -0.0013383459552194384 0.011657387712715817 -0.0099605930633199433 0.0069748952092586096 0.036792393141571796 -0.02794114543302097 -0.06346289578124592 -0.074637806709663787 0.004053671898378272 -0.039433151719916043 -0.0097976761647035476 -0.053036771954950948 -0.011758250673453784 0.022149300444957984 -0.076453187614792972 -0.05760530378176535 -0.025790746629886598 0.030456215026948504 0.032182179378521539 -0.019844543490847202 0.25767641046235451 -0.0025959022137975753 0.056850592262741022 -0.0031845731033801499 0.013674375733894724 0.020742005439229098 -0.062720779630957887 0.071635402725042277 -0.069265940004883342 -0.037429510558568489
leaf_weight=323.89614195287288 970.9988071031994 2208.885391976979 1738.572794163277 2500.5495263915718 5.4842924712860102 390.92074653822931 18.010389587959708 6.0578221900577764 31.337359481377916 21.508224282146784 86.521720636716367 28.69178592067874 42.365902183665412 253.21879841724876 2.5788466520245974 3.46870898004829 57.917573993507546 20.833051580895471 29.074026963522556 309.80717897411262 0.71824915541605872 5.6070152869224321 4.3967346752178846 1051.2744416362493 60.687664368435662 77.644345521114928 8.4565465224912924 7.4535734806522669 9.6624229559997712 46.40213238404047
leaf_count=325161 27709 12162 1225025 16091 5094 783674 16463 9847 15703 30685 113410 29608 42286 1290 4317 17808 67953 9627 5015 287256 912 3915 688 376838 10770 39979 28880 532 11199 81254
internal_value=0.000285123 0.00800519 -0.0101511 0.00464967 -0.0160653 -0.0185974 -0.00479834 -0.0264974 -0.00869393 0.000498702 -0.0112123 -0.0229584 -0.0218247 0.0127364 -0.00863264 -0.00281502 -0.0129892 0.01868 0.0226118 -0.0153685 0.00367464 0.0511263 -0.0187713 -0.00695842 -0.0091634 0.0139966 -0.0235725 0.0879872 -0.0228199 -0.0194436
internal_weight=10323 5933.65 4389.35 3471.55 1538.81 1256.44 282.371 55.4056 37.3952 226.966 466.482 789.961 761.269 2462.1 135.38 113.872 81.3295 23.4119 32.5427 370.349 56.1447 13.7788 314.204 2850.53 1799.26 91.5852 13.9408 8.17182 142.586 132.924
internal_count=3601151 57252 3543899 43800 1931266 1679895 251371 42013 25550 209358 531024 1148871 1119263 13452 135405 104720 81897 13944 22823 335589 47645 5359 287944 1612633 1235795 73953 33974 1444 205863 194664
is_linear=0
shrinkage=0.05


Tree=114
num_leaves=31
num_cat=0
split_feature=3 0 0 0 0 0 11 2 12 11 12 0 12 12 5 11 9 5 11 0 0 5 5 5 11 11 12 12 5 11
split_gain=388.428 36.9735 30.0856 14.0995 11.0557 9.34988 9.09925 8.87187 8.49848 14.6332 12.4276 11.7894 10.4643 12.5987 14.1749 8.68129 8.92798 8.38122 7.96781 7.93801 9.34244 7.89693 10.8461 9.38165 20.8377 7.91462 7.87761 7.85238 9.98717 7.80275
threshold=1.0000000180025095e-35 27.485574918155184 27.84568023681641 48.854631101734419 12.814746206960992 43.5979521188383 12.500000000000002 1.0000000180025095e-35 1205.5000000000002 31.500000000000004 896.50000000000011 59.527770420558234 1849.5000000000002 2565.5000000000005 4.9662303924560556 33.500000000000007 1.0000000180025095e-35 4.8806395530700692 45.500000000000007 49.498687744351635 52.451335135971028 4.8846635818481454 4.8093669414520273 4.9558122158050546 38.500000000000007 34.500000000000007 4079.5000000000005 858.50000000000011 4.999742031097413 46.500000000000007
decision_type=2 2 2 2 2 2 2 2 2 2 2 2 2 2 2 2 2 2 2 2 2 2 2 2 2 2 2 2 2 2
left_child=2 6 4 7 -1 -4 -2 -3 10 11 27 -10 -13 14 -14 16 -11 -12 21 -20 -21 22 -17 24 -23 -25 -6 29 -29 -5
right_child=1 3 5 8 26 -7 -8 -9 9 15 17 12 13 -15 -16 18 -18 -19 19 20 -22 23 -24 25 -26 -27 -28 28 -30 -31
leaf_value=-0.049516558784937409 0.020872427799216348 0.0037435856190407707 -0.011291040364957825 0.017702978510725876 -0.017524238103398256 -0.0061427350095653718 -0.00054328806594977803 0.010216668105046393 -0.015929582127958399 0.019580792477276721 0.010286695753655314 0.0285168316062476 0.0038048236509894934 0.018529153422166395 -0.095961248048180847 0.0056884632067882857 0.070183604114542594 0.036028911768407154 0.058239568052986315 -0.0058090705504524305 0.022730888493677374 0.059989008153731642 -0.034458524411584486 -0.039015711577895788 -0.0055930495914678375 0.009384078014596009 -0.046509220497745585 -0.050441049673642172 0.019000589283979564 -0.00069597413357254346
leaf_weight=29.750247518561423 52.139284290127762 662.12564793948786 1842.323832115311 597.96283076697 736.83314659295661 1691.6829022372892 1018.3759640253684 2639.4642817081067 82.221752970159287 24.654757702475763 41.449649286958447 40.716026344831334 7.3245598832145351 17.627711950219236 6.9279413013719022 59.428892188036116 13.483577630544458 133.32655922215781 12.847608297830446 34.848757607804146 161.8404528778774 27.996223505586386 23.465827483916655 8.9496305734501203 21.348029892084014 150.28571685387578 24.211942753145536 10.241436553013045 10.4721942860524 63.768920103786513
leaf_count=118401 604 12350 1418037 2694 1200302 750329 21582 14519 537 142 288 183 50 88 58 425 27 610 41 224 824 75 170 49 133 861 55357 61 59 364
internal_value=0.000592729 0.00891046 -0.0107993 0.0107659 -0.0196152 -0.00882661 0.000499761 0.00891851 0.0146978 0.0105845 0.0180277 -0.00296467 0.0117192 -0.0097339 -0.0446901 0.0144752 0.0374711 0.0299239 0.0127247 0.0201615 0.0176743 0.0073785 -0.00567634 0.0125668 0.0316159 0.00666383 -0.0184464 0.014981 -0.0153334 0.0159299
internal_weight=10248.1 5923.29 4324.8 4852.78 790.795 3534.01 1070.52 3301.59 1551.19 693.967 857.222 154.818 72.5962 31.8802 14.2525 539.149 38.1383 174.776 501.011 209.537 196.689 291.474 82.8947 208.58 49.3443 159.235 761.045 682.445 20.7136 661.732
internal_count=3599444 57018 3542426 34832 1374060 2168366 22186 26869 7963 3887 4076 916 379 196 108 2971 169 898 2802 1089 1048 1713 595 1118 208 910 1255659 3178 120 3058
is_linear=0
shrinkage=0.05


Tree=115
num_leaves=31
num_cat=0
split_feature=3 1 1 12 12 1 11 7 8 8 8 7 12 9 11 12 8 8 11 12 7 7 11 1 1 8 8 12 8 8
split_gain=343.014 22.2806 16.9759 7.76166 13.375 11.7033 7.26249 9.7303 15.8125 9.20728 7.08057 9.41525 7.01018 10.3924 16.5834 8.91607 7.88797 7.17584 6.90452 6.85214 7.24389 9.76415 7.10132 6.72667 24.0246 10.6078 16.3061 14.5201 11.8598 24.3383
threshold=1.0000000180025095e-35 0.38465785980224615 0.49188277125358587 858.50000000000011 788.50000000000011 0.45709185302257543 44.500000000000007 3.9607677459716801 7.4386775493621835 4.5163240432739267 6.2176032066345224 5.0720391273498544 682.50000000000011 1.0000000180025095e-35 14.500000000000002 352.50000000000006 8.7000975608825701 9.0508713722229022 28.500000000000004 817.50000000000011 2.1383330821990971 2.2499048709869389 48.500000000000007 0.67968842387199413 0.67700323462486278 6.8029501438140878 6.860135793685914 2274.5000000000005 4.6200466156005868 0.89587974548339855
decision_type=2 2 2 2 2 2 2 2 2 2 2 2 2 2 2 2 2 2 2 2 2 2 2 2 2 2 2 2 2 2
left_child=2 -2 3 4 6 -5 7 8 9 -1 11 -9 15 14 -14 18 -15 -18 -10 20 -6 -22 -21 24 -4 28 27 -27 29 -25
right_child=1 -3 23 5 19 -7 -8 10 12 -11 -12 -13 13 16 -16 -17 17 -19 -20 22 21 -23 -24 25 -26 26 -28 -29 -30 -31
leaf_value=-0.0032775811486567136 0.0016957003587368159 0.0092565288685711924 -0.011237330449532968 -0.020837712809456552 -0.056210906836024102 -0.051497241239600894 -0.03529540639473943 0.040208501237475797 0.026190538745199506 -0.037289198147931885 -0.010681223793708138 -0.054799996378369409 0.085304466426154482 0.066165535221255095 -0.058455517436514781 -0.034319091136825124 0.40808440197285939 -0.065792521336784968 -0.02286141126457257 -0.022730349947599402 0.31218284909351302 0.053632964771238058 0.081175764362522496 -0.016927956369691657 -0.055807642042425415 0.033244561374356663 -0.0060263714126179892 -0.094849471085859061 -0.017229051086329616 0.012549416991200374
leaf_weight=25.998619591462088 1235.2030698046183 4614.4134856787159 1624.446562576054 269.57484580051846 1.4542424037344996 35.188606216576773 41.729244795379486 19.667857862855502 22.294359524450215 84.804167667580131 25.816013388742931 3.006208664337918 4.5530858865727133 0.68868384392044457 3.5859512647382417 16.857418729621372 0.43903338379641355 0.097658193822553585 10.577760857099092 9.5638056967968605 0.37821363735292735 10.581913402735379 1.9857878274942766 164.46086347380742 30.808028279268001 38.846870502988168 1241.2196507737235 2.3459332094589618 480.8868882637048 121.94899246459681
leaf_count=87404 31314 25866 521318 1132080 6634 13022 183940 48442 43334 421051 80472 14408 938 2309 16128 69716 142 240 42342 34693 490 20265 3128 79525 15495 7984 399886 1106 252867 44442
internal_value=-0.000217566 0.00765999 -0.0109495 -0.0188355 -0.0128897 -0.0243777 -0.0161827 -0.0125307 -0.018169 -0.0293088 0.00722474 0.0276119 0.00271825 0.0424036 0.0219657 -0.00475477 0.178153 0.321856 0.0104063 0.0228542 0.0486426 0.062555 -0.00486518 -0.0096961 -0.0120669 -0.00778156 -0.00499926 0.0259496 -0.0124317 -0.00437694
internal_weight=10143.4 5849.62 4293.81 588.843 284.08 304.763 260.116 218.387 169.897 110.803 48.4901 22.6741 59.094 9.36441 8.13904 49.7295 1.22538 0.536692 32.8721 23.964 12.4144 10.9601 11.5496 3704.96 1655.25 2049.71 1282.41 41.1928 767.297 286.41
internal_count=3600981 57180 3543801 2221178 1076076 1145102 1010866 826926 683604 508455 143322 62850 175149 19757 17066 155392 2691 382 85676 65210 27389 20755 37821 1322623 536813 785810 408976 9090 376834 123967
is_linear=0
shrinkage=0.05


Tree=116
num_leaves=31
num_cat=0
split_feature=3 0 0 1 1 1 0 0 1 11 7 0 11 12 12 12 5 1 12 11 12 11 0 11 7 5 5 0 0 0
split_gain=299.535 34.6343 32.4793 20.3782 16.5013 15.6916 15.4437 12.0707 10.3479 9.5568 14.4064 11.8966 10.2476 10.2094 11.1442 10.4388 9.19196 13.9115 12.7578 9.17751 9.14704 8.87373 9.34132 8.95113 10.8906 12.2929 13.6091 10.0745 10.0395 21.608
threshold=1.0000000180025095e-35 34.657991193911592 21.832920931654375 0.60841339826583873 0.68142026662826549 0.65419164299964916 64.900488853454604 20.486215531826023 0.62568986415863048 30.500000000000004 2.0126758217811589 23.444701433181766 20.500000000000004 333.50000000000006 519.50000000000011 69.500000000000014 4.7695074081420907 0.53110077977180492 424.50000000000006 13.500000000000002 326.50000000000006 53.500000000000007 71.169067537874085 37.500000000000007 2.5249279737472539 4.9150633811950692 4.907027244567872 80.345281651647397 68.993868182074962 54.385770927498022
decision_type=2 2 2 2 2 2 2 2 2 2 2 2 2 2 2 2 2 2 2 2 2 2 2 2 2 2 2 2 2 2
left_child=2 3 5 -2 9 8 -3 -7 16 10 11 12 -4 15 -15 -13 17 -1 -19 -17 -21 23 -23 -6 28 26 -26 -27 29 -25
right_child=1 6 4 -5 21 7 -8 -9 -10 -11 -12 13 -14 14 -16 19 -18 18 -20 20 -22 22 -24 24 25 27 -28 -29 -30 -31
leaf_value=-0.030961334392983705 -0.001867470394075865 0.0098778727133707039 0.043869743557217677 0.0078215396052017591 -0.0077161872423435005 0.011255354700725653 0.020762455129904475 -0.050117654930360439 -0.070988784014891601 -0.013952184010676756 -0.0024498176806044113 -0.058382169153712193 -0.036939567198760459 -0.071675479176288803 -0.025840616514011139 -0.076847377740141803 -0.03507611000204932 -0.078220685754466848 0.038169464765974694 -0.0016396847479160576 0.078834907320135053 -0.064014175285128413 0.04757170045725697 -0.0072358307821457739 -0.0060503843819395223 0.0069969479348848274 -0.077498643355819186 -0.081197842531585865 0.019252677151761668 -0.052613371172962248
leaf_weight=32.4355304038356 1084.2145259507406 3303.9304545470277 12.966469553867002 1086.526491158369 1151.4022132272762 40.348448151986759 361.54853568661201 9.9964161484058405 15.700544988387717 1317.5581896765773 519.55770078551313 9.1792391506057793 5.6251553320944359 15.82057750311378 81.989647167441717 3.7860235259699939 152.38645793673791 2.7295357962499365 17.131570180928975 56.147034081233869 3.7680104457485859 11.271234652176643 2.2499499890254802 164.64214475857443 181.61530241504988 476.26733550317203 6.9186787637445368 3.2601648291674783 24.879356366691354 31.207091136249801
leaf_count=130158 27778 21568 7904 6052 438460 20417 1829 11557 14417 1408161 474197 24342 11150 28568 87098 7384 495593 2756 5312 55492 1256 8558 183 70804 73950 143226 4149 1587 3647 11403
internal_value=0.000584669 0.00798736 -0.00934531 0.00298219 -0.00823251 -0.0261162 0.0109515 -0.000930797 -0.0318696 -0.0114336 -0.00675223 -0.0185619 0.0194198 -0.0226988 -0.0332543 -0.00853266 -0.0288689 -0.0107818 0.0221738 -0.00134941 0.0034213 -0.00507397 -0.0454461 -0.00480641 -0.00103688 0.00214452 -0.00867234 0.00639734 -0.0106658 -0.0144664
internal_weight=10187.1 5836.22 4350.84 2170.74 4080.11 270.729 3665.48 50.3449 220.384 2026.4 708.84 189.282 18.5916 170.691 97.8102 72.8803 204.683 52.2966 19.8611 63.7011 59.915 2053.71 13.5212 2040.19 888.79 668.061 188.534 479.528 220.729 195.849
internal_count=3598956 57227 3541729 33830 2861519 680210 23397 31974 648236 2105552 697391 223194 19054 204140 115666 88474 633819 138226 8068 64132 56748 755967 8741 747226 308766 222912 78099 144813 85854 82207
is_linear=0
shrinkage=0.05


Tree=117
num_leaves=31
num_cat=0
split_feature=3 0 0 0 1 0 7 0 7 12 0 12 11 1 1 0 0 7 12 7 12 0 1 0 0 11 7 7 1 5
split_gain=305.427 38.8642 32.1171 20.2354 17.4186 16.2986 12.1553 10.1321 15.6097 10.0182 12.0936 9.97491 10.1742 9.66187 9.27379 9.46738 9.4832 8.71283 10.9031 10.8333 10.4229 8.65007 8.60968 9.14074 11.1017 11.0711 8.63317 14.5066 9.16963 8.97388
threshold=1.0000000180025095e-35 44.911517938056939 21.832920931654375 23.444701433181766 0.5230008363723756 42.722800357609238 5.3107368946075448 44.033764384985268 1.4978661537170412 241.50000000000003 18.472184307160209 2860.5000000000005 8.5000000000000018 0.75872755050659191 0.61655089259147655 26.418142547787287 25.102469572342674 3.0677825212478642 373.50000000000006 3.7256208658218388 1180.5000000000002 21.562258099216709 0.56032049655914318 22.179531865644098 22.627470227605958 19.500000000000004 5.1561734676361093 4.6491756439208993 0.49824166297912603 4.5456030368804941
decision_type=2 2 2 2 2 2 2 2 2 2 2 2 2 2 2 2 2 2 2 2 2 2 2 2 2 2 2 2 2 2
left_child=2 3 4 11 9 22 7 -5 -9 10 -1 12 -2 17 15 16 -8 18 -10 -19 -20 -6 26 25 -25 -24 27 29 -28 -4
right_child=1 -3 5 6 21 -7 14 8 13 -11 -12 -13 -14 -15 -16 -17 -18 19 20 -21 -22 -23 23 24 -26 -27 28 -29 -30 -31
leaf_value=-0.047730783719871488 0.033880285771360284 0.013205621800722246 -0.0040126280359698919 0.0058143109907535587 -0.010689959774018723 -0.0051878286593600928 -0.0022286289986824972 0.02730687375281381 -0.093620254363050631 -0.044867253570750887 0.024941976408142497 0.014412223366692609 -0.008097016600026782 -0.054031794772426103 0.023656529923572579 0.010532017942387149 -0.08776376694047533 0.031364585583621728 0.012802977607339092 -0.017533641268686621 -0.058091999329664579 -0.071517650334396873 0.053779322310407385 -0.053568574671316371 -0.0098687363966309619 -0.019753292299966731 -0.025124074939933433 0.0095645191902761096 -0.077998988438073291 -0.021801783906665227
leaf_weight=10.673492329299807 14.902343694121098 2065.635501444518 88.903182936918483 2859.7809754566838 125.92493967917551 1801.0493651559514 8.8730675553233578 23.078681922488613 5.9436006806790855 115.81201919242081 12.346835965788243 62.875183429438039 460.10936323599435 15.984609703522436 166.16761414094435 97.584442000312265 5.1046883529052129 18.696892202831805 12.323753144228251 28.735513454383181 8.9490826409310085 6.1291019188538476 12.200636925885194 14.661071122705833 1670.1840077890324 8.8187804417866555 32.473424913530607 52.702528133156648 10.969385319912361 349.97165453536854
leaf_count=51826 210 11168 177497 27546 81081 804609 217 137 37 508052 32608 1930 12710 82 867 1569 178 110 82 227 91 6210 1589 13135 707147 6320 114618 89818 5140 942910
internal_value=0.00025049 0.00768825 -0.00984642 0.00468044 -0.0265135 -0.00872941 0.00616665 0.00523231 -0.00940462 -0.038879 -0.00875312 -0.00430285 -0.00678008 -0.0187527 0.0161701 0.00501944 -0.0334661 -0.0111984 -0.0337491 0.00174105 -0.0170212 -0.0135132 -0.0115759 -0.00984019 -0.010249 0.0229284 -0.0171099 -0.0152217 -0.0384751 -0.0181982
internal_weight=10167.6 5854.75 4312.82 3789.11 270.886 4041.93 3251.22 2973.49 113.712 138.832 23.0203 537.887 475.012 90.6335 277.73 111.562 13.9778 74.6488 27.2164 47.4324 21.2728 132.054 2240.88 1705.86 1684.85 21.0194 535.02 491.577 43.4428 438.875
internal_count=3599721 57161 3542560 45993 679777 2862783 31143 28312 766 592486 84434 14850 12920 629 2831 1964 395 547 210 337 173 87291 2058174 728191 720282 7909 1329983 1210225 119758 1120407
is_linear=0
shrinkage=0.05


Tree=118
num_leaves=31
num_cat=0
split_feature=3 0 0 7 8 11 5 8 12 11 5 7 12 5 7 12 12 8 0 7 11 12 12 12 8 0 0 8 12 11
split_gain=267.229 39.5953 23.674 9.44636 10.2305 18.8045 15.4409 14.9036 12.2308 11.0126 12.0819 9.22625 9.72625 8.96906 13.8906 11.6348 10.2038 8.92696 8.10308 9.02275 10.2917 8.0386 17.8419 11.4194 9.99668 9.50292 8.30964 9.46808 14.7983 15.077
threshold=1.0000000180025095e-35 39.451579069391308 22.950577483567034 4.2413008213043222 7.6011524200439462 41.500000000000007 4.999742031097413 7.2452983856201181 2908.5000000000005 43.500000000000007 4.9231786727905282 4.2835628986358651 1530.5000000000002 4.8244428634643564 2.8029010295867924 1849.5000000000002 33.500000000000007 4.4005842208862314 19.041945302189564 1.2424533367156985 27.500000000000004 438.50000000000006 504.50000000000006 394.50000000000006 8.147287845611574 68.993868182074962 56.044703862258764 6.2156071662902841 2439.5000000000005 14.500000000000002
decision_type=2 2 2 2 2 2 2 2 2 2 2 2 2 2 2 2 2 2 2 2 2 2 2 2 2 2 2 2 2 2
left_child=2 18 17 4 7 -6 8 -4 9 -7 13 12 -5 14 15 16 -11 -1 19 20 -2 23 -23 25 -25 -13 -24 28 29 -28
right_child=1 -3 3 11 5 6 -8 -9 -10 10 -12 21 -14 -15 -16 -17 -18 -19 -20 -21 -22 22 26 24 -26 -27 27 -29 -30 -31
leaf_value=-0.04341820810483548 -0.008517460134796458 0.011486109492856455 -0.010504561672609465 -0.0073355681172886517 -0.0017869538049028249 -0.062276101702776511 -0.0073076605339896621 -0.026459503193821683 -0.079898448029364397 0.069246693650251767 -0.078735187608045321 0.0011314216200733716 0.040054181009476664 0.013430318501924599 -0.067313030504536547 0.02085700401518524 -0.039737389798381803 -0.018664869155813103 0.0038512758156477723 -0.0030885842439596352 -0.079090726042407258 -0.063945261557246655 -0.0083493357561705058 0.040693750444857735 -0.094059747216458572 -0.090818815210458204 0.061894683937543042 0.0087693859166349808 0.010073084604964155 -0.072147653972752593
leaf_weight=41.248843752145604 12.291778985445946 2860.6976895017883 1550.5672554838595 19.974453989276299 793.72743648129688 16.942464524997831 181.8995112150559 161.62316866931883 11.326557010484747 2.3471953132311709 7.5920216850047373 114.88074257855692 23.64291458994262 23.354343254200103 13.698979835007774 18.389718692616498 25.269453898147958 311.32591531290564 2797.8087342599274 134.78326161932273 8.9108837835083232 13.455945755462833 744.28433560541339 27.478128736540842 1.4488788228586589 2.8803546802132578 2.4434123969713282 154.61113743416058 19.882651455596715 14.832590044255992
leaf_count=106805 369 16804 1361642 15225 367289 13910 101675 167894 11027 195 7848 70547 8659 12216 13617 4931 17170 709589 33010 6450 630 15732 476751 9405 1268 1493 206 31179 5075 9780
internal_value=0.000304802 0.00729344 -0.00914721 -0.0080382 -0.00959707 -0.00582156 -0.016467 -0.0120106 -0.0304771 -0.0252745 -0.018359 -0.00419957 0.0183522 -0.0128404 -0.0231164 -0.00995628 -0.0304746 -0.0215608 0.00323292 -0.0078581 -0.0381774 -0.00509689 -0.00677981 0.00579662 0.0339443 -0.00111762 -0.00595805 0.00332285 -0.0193393 -0.0531895
internal_weight=10113.6 5814.49 4299.13 3946.55 2806.74 1094.55 300.82 1712.19 118.921 107.594 90.6517 1139.82 43.6174 83.0597 59.7053 46.0064 27.6166 352.575 2953.79 155.986 21.2027 1096.2 949.51 146.688 28.927 117.761 936.054 191.77 37.1587 17.276
internal_count=3598391 57263 3541128 2724734 2079414 549878 182589 1529536 80914 69887 55977 645320 23884 48129 35913 22296 17365 816394 40459 7449 999 621436 538723 82713 10673 72040 522991 46240 15061 9986
is_linear=0
shrinkage=0.05


Tree=119
num_leaves=31
num_cat=0
split_feature=3 1 1 1 1 11 8 1 8 11 1 8 1 12 1 12 11 11 7 7 7 8 1 1 1 11 12 12 8 11
split_gain=286.499 36.2606 23.9334 21.0729 13.9684 19.1325 10.9425 10.4623 9.33769 9.02691 8.62933 8.19654 12.4558 7.64681 8.31691 13.1326 9.4953 8.77941 24.3992 9.30982 11.918 7.85909 9.32483 9.4397 7.59183 7.32413 7.31869 7.89591 7.24457 10.6271
threshold=1.0000000180025095e-35 0.54881206154823314 0.65093171596527111 0.64643323421478283 0.64400336146354686 44.500000000000007 11.161240100860597 0.64286693930625927 11.925519466400148 14.500000000000002 0.85659196972846996 9.6159057617187518 0.62970140576362621 3645.5000000000005 0.63385272026062023 2058.5000000000005 15.500000000000002 46.500000000000007 5.2176458835601816 4.8789997100830087 6.8139936923980722 6.1601512432098398 0.4843269437551499 0.63385272026062023 0.60495629906654369 88.500000000000014 2961.5000000000005 3068.5000000000005 10.092061519622805 23.500000000000004
decision_type=2 2 2 2 2 2 2 2 2 2 2 2 2 2 2 2 2 2 2 2 2 2 2 2 2 2 2 2 2 2
left_child=2 25 3 4 7 -6 10 8 11 -5 -3 13 28 14 -1 16 -16 19 -19 -18 -21 24 -23 -24 -15 -2 -17 -28 29 -13
right_child=1 6 -4 9 5 -7 -8 -9 -10 -11 -12 12 -14 21 15 26 17 18 -20 20 -22 22 23 -25 -26 -27 27 -29 -30 -31
leaf_value=-0.016013218312453972 0.0012893930559532054 0.0096408833645714766 -0.006181517894715308 0.027459546052181427 0.024491592140159515 -0.079864926365637634 0.030271226588459068 -0.066076382420924742 -0.073139325326631685 -0.056326085070173948 0.041360137165918666 -0.079661924272535892 -0.085434393748352377 -0.04244881747720694 -0.080105678204320158 -0.084969825606189112 0.016318918174234798 -0.082343286155934142 0.057648991174581138 -0.093832522886587291 0.060816782580076993 -0.022290772051427658 0.022693351980676499 -0.077420314352222727 0.010473483680728929 -0.071976588864257118 0.04744984052999484 -0.07898106636574681 -0.004666321655073742 0.035813400708400077
leaf_weight=1350.6329839369839 1515.1156354998466 4175.3361852299604 2516.2825390936332 3.5153175185550927 42.729491464852799 4.8952854808649127 66.33429656131193 9.4792220724220879 6.515156140246062 37.591248445049132 21.552967977582739 2.1599436641827792 3.8854385864069618 18.320298625583408 3.2878204311291475 6.9492268056028461 82.471201266319895 8.55559594785427 4.8922756345455118 4.2248998836148521 1.7667605891983837 19.130240507420581 52.702321201011728 2.4646836937645267 10.754618237069733 3.4187728169490574 2.9249074555300467 2.1372815356844512 52.775816767189667 25.684128694543517
leaf_count=2313290 34889 21667 942367 1239 8362 2908 244 4928 11440 20214 74 3083 1575 52582 2365 3752 20167 4302 385 1974 98 72511 11844 1325 2900 109 261 1095 40846 17018
internal_value=0.000501477 0.00775904 -0.0093101 -0.0137819 -0.0129361 0.0137649 0.0101222 -0.0136967 -0.013398 -0.049161 0.00980378 -0.013163 0.0020064 -0.0139788 -0.0149045 -0.00212841 0.00352688 0.00622501 -0.0314147 0.0119469 -0.0482311 -0.000834739 0.00778963 0.0182206 -0.0228732 0.00112444 -0.0516586 -0.00592992 0.00622057 0.0268557
internal_weight=10058.5 5781.76 4276.73 1760.45 1719.34 47.6248 4263.22 1671.71 1662.24 41.1066 4196.89 1655.72 84.5053 1571.22 1467.84 117.21 105.199 101.911 13.4479 88.4629 5.99166 103.372 74.2972 55.167 29.0749 1518.53 12.0114 5.06219 80.6199 27.8441
internal_count=3599814 56983 3542831 2600464 2579011 11270 21985 2567741 2562813 21453 21741 2551373 62522 2488851 2347689 34399 29291 26926 4687 22239 2072 141162 85680 13169 55482 34998 5108 1356 60947 20101
is_linear=0
shrinkage=0.05


Tree=120
num_leaves=31
num_cat=0
split_feature=3 0 2 0 0 0 7 5 5 7 0 12 7 12 7 8 0 5 8 5 8 7 7 12 5 0 12 8 5 12
split_gain=267.929 35.7911 29.6964 16.8578 12.3407 8.03902 14.8604 15.0887 14.5022 12.4352 11.9151 11.5794 10.4177 8.48821 8.22366 7.69454 14.1761 18.6147 17.0267 12.5315 16.1778 9.4879 13.7806 10.0939 9.43596 10.5626 11.8849 9.89717 12.0998 13.4186
threshold=1.0000000180025095e-35 20.825350706552857 1.0000000180025095e-35 38.371809956661316 30.109389814177124 50.935361998883316 5.0139575004577646 4.9697322845458993 4.9850831031799325 4.9452011585235605 80.345281651647397 867.50000000000011 5.2012517452239999 247.50000000000003 3.7256208658218388 6.908255100250245 47.976722137740587 4.3356165885925302 7.6011524200439462 4.9280524253845224 8.5172929763793963 3.4175922870635991 3.3497501611709599 2721.5000000000005 4.2514367103576669 26.768293343895497 2529.5000000000005 11.161240100860597 4.7334287166595468 886.50000000000011
decision_type=2 2 2 2 2 2 2 2 2 2 2 2 2 2 2 2 2 2 2 2 2 2 2 2 2 2 2 2 2 2
left_child=1 -1 4 -3 -2 14 9 10 -9 13 12 -10 -8 -7 15 21 24 -18 -19 -20 -21 22 23 -4 25 26 -17 28 29 -26
right_child=2 3 5 -5 -6 6 7 8 11 -11 -12 -13 -14 -15 -16 16 17 18 19 20 -22 -23 -24 -25 27 -27 -28 -29 -30 -31
leaf_value=-0.028989513124358369 -0.0058200922640770534 -0.011565360954006208 0.01140360875303186 -0.0050776610539338424 0.004627332386617786 0.0012878415441215892 -0.070875390646322811 0.038918929216700593 0.034061214314787931 0.05596994572798554 0.033992269757395742 -0.027278955210887731 -0.017004759168067412 0.016110018398036413 0.011157968192528189 -0.028183516812170302 -0.07871918208306776 0.017874454418187462 0.016510748181279303 -0.087764513760231963 -0.0022654442524278418 -0.0032627475705723288 0.046479821068998187 -0.014664253320927988 0.0019913054591363631 0.021013198870091294 0.055454906266069949 0.035589111854413706 0.0039842887435905172 -0.03585367987444351
leaf_weight=213.39598869908787 472.96110073905584 1811.8544123460197 783.71255117797909 2238.1680886543472 702.49074811072569 109.02262367708317 10.958528166636823 31.966009292926174 11.334735722019103 18.352881749160588 9.3130908058956248 23.951094219868537 49.568098193420155 847.00357311638436 1369.1155695299094 22.747244013517051 10.694561161100863 32.675408723040164 9.0104677840136009 13.636492257239299 9.3099883599206787 128.36131970519864 26.985949007725139 38.98274183504509 52.208456824937457 143.91718459867843 5.2225950494175768 22.314621661469573 747.78417112115221 42.480201267702796
leaf_count=584139 18908 1808135 4318 1150570 12199 445 70 114 35 48 29 125 284 3679 8138 279 77 167 43 90 51 693 123 388 273 833 45 119 5206 354
internal_value=0.000465227 -0.00903164 0.00751161 -0.00798006 0.000423651 0.00933446 0.0130338 -0.00237953 0.0145245 0.0152024 -0.0186572 -0.00757488 -0.0267582 0.0144197 0.00814583 0.00617268 0.0033275 -0.0176157 -0.00750501 -0.0334551 -0.0530753 0.00940756 0.0113217 0.0101684 0.00484927 0.0155491 -0.0125664 0.00272256 0.00185202 -0.0149871
internal_weight=10009.5 4263.42 5746.08 4050.02 1175.45 4570.63 1111.47 137.092 67.2518 974.379 69.8397 35.2858 60.5266 956.026 3459.16 2090.04 1112 75.3269 64.6324 31.9569 22.9465 978.043 849.681 822.695 1036.67 171.887 27.9698 864.787 842.473 94.6887
internal_count=3599977 3542844 57133 2958705 31107 26026 4829 657 274 4172 383 160 354 4124 21197 13059 7537 428 351 184 141 5522 4829 4706 7109 1157 324 5952 5833 627
is_linear=0
shrinkage=0.05


Tree=121
num_leaves=31
num_cat=0
split_feature=3 0 0 1 1 1 0 12 12 8 0 7 1 7 0 8 11 8 8 1 1 0 0 12 12 7 8 8 12 12
split_gain=274.532 29.1895 27.6294 14.3538 13.732 16.0696 12.4869 13.5334 10.9979 10.0684 11.668 10.5006 9.56748 9.36042 9.09767 8.91518 8.82084 10.047 11.6541 8.61684 9.30883 8.57001 16.7067 8.50991 11.078 13.6647 12.8026 9.6268 9.5716 9.52405
threshold=1.0000000180025095e-35 24.619906067848209 42.492732186608926 0.38465785980224615 0.65946751832962047 0.66363167762756359 48.289224414034841 2156.5000000000005 2274.5000000000005 5.2067162990570077 46.127057805926604 1.7005987167358401 0.78923356533050548 3.4811217784881596 74.568784612602045 8.1609468460083026 12.500000000000002 6.908255100250245 7.1705040931701669 0.84168159961700451 0.83669582009315502 24.134268943809733 23.183382987976078 971.50000000000011 333.50000000000006 5.5392990112304696 6.6764485836029062 5.708768606185914 359.50000000000006 1073.5000000000002
decision_type=2 2 2 2 2 2 2 2 2 2 2 2 2 2 2 2 2 2 2 2 2 2 2 2 2 2 2 2 2 2
left_child=1 4 3 -2 21 13 7 9 12 10 -3 -12 -9 -6 16 -7 17 -4 -19 20 -11 22 -1 24 -5 27 -27 -26 -29 -25
right_child=2 6 14 23 5 15 -8 8 -10 19 11 -13 -14 -15 -16 -17 -18 18 -20 -21 -22 -23 -24 29 25 26 -28 28 -30 -31
leaf_value=-0.029148933381805676 -0.0012777301221972668 -0.0029218554940906478 0.052230613624422689 0.0088535949091529259 0.053572316191669189 -0.0092848960164522692 -0.0039842885606593643 0.018635205264665815 -0.0058005020875141998 -0.013757425059769811 0.0091389359678456638 -0.079333723909701462 -0.089910711262677329 -0.074950770209836745 0.023966138988142954 -0.06324545156393839 0.010169813963676676 0.049448999507914086 -0.066468458943081885 -0.082520152910131483 0.040906504537015283 -0.056838024060485041 0.00078379242061546472 0.024234157616723834 0.010742934633685437 -0.013462795855373071 -0.095671502417135401 -0.037388912493102208 -0.0016622106400654415 0.0078252549708388488
leaf_weight=280.52282006425708 865.10415443561487 367.68714117925833 24.80042021938425 504.56648013191625 14.111072558258455 93.981831131202853 1236.0743737936273 68.674981412322097 443.03535590597238 1614.5592634201473 5.165156717908757 9.5633985973345244 2.0919062020166157 1.5747856677826337 133.89114747823623 8.3332185151748472 2228.5795600989923 4.2089035063981992 4.472305383416824 4.5338756861601714 7.8258868883604 21.356628633895298 55.906922453791594 95.632355527013715 168.90188970968302 14.719536309989055 6.982443587970919 19.487173209403409 493.77035350502592 1174.2764400163178
leaf_count=794389 27060 277428 89 2482 2898 59747 485741 35738 318854 1404656 3512 11171 1143 1475 739 9512 12534 41 82 4447 1741 47755 82885 628 1025 92 105 153 3251 8813
internal_value=7.84969e-05 -0.00957822 0.00720402 0.00426728 -0.0212463 -0.00645519 -0.00810144 -0.0101184 -0.00287687 -0.0119701 -0.00466985 -0.0483072 0.0154265 0.0406692 0.0113021 -0.0136798 0.0105525 0.0360257 -0.0102683 -0.0136861 -0.0134937 -0.0261245 -0.0241748 0.00620286 0.00319935 -0.000853918 -0.0399128 0.000388688 -0.00301867 0.00906095
internal_weight=9974.39 4235 5739.39 3343.44 475.787 118.001 3759.21 2523.14 513.802 2009.33 382.416 14.7286 70.7669 15.6859 2395.95 102.315 2262.06 33.4816 8.68121 1626.92 1622.39 357.786 336.43 2478.34 1208.43 703.861 21.702 682.159 513.258 1269.91
internal_count=3600186 3543092 57094 43609 998661 73632 2544431 2058690 355735 1702955 292111 14683 36881 4373 13485 69259 12746 212 123 1410844 1406397 925029 877274 16549 7108 4626 197 4429 3404 9441
is_linear=0
shrinkage=0.05


Tree=122
num_leaves=31
num_cat=0
split_feature=3 0 1 0 0 0 7 5 1 5 1 0 1 0 0 1 12 8 5 7 11 11 7 12 11 12 12 7 11 0
split_gain=288.228 28.0424 25.2045 16.0627 13.8407 12.0037 11.0051 9.57939 8.29385 8.15372 8.06566 8.04329 8.03798 16.2246 18.0451 14.2805 9.97578 7.47446 9.36491 12.3175 8.14187 8.63255 7.97509 8.62456 7.14298 7.06506 7.00623 17.1645 9.71023 11.6529
threshold=1.0000000180025095e-35 36.623165194705514 0.61508452892303478 14.127173628439779 40.280228774952782 64.900488853454604 6.5005383491516122 4.7138681411743173 0.76254314184188854 4.3993008136749276 0.51851350069046032 24.983502472547119 0.83215004205703746 38.172812655546302 56.62229317903985 0.81700527667999279 5557.5000000000009 10.54799270629883 4.5025253295898446 0.89587974548339855 19.500000000000004 30.500000000000004 1.8688347935676577 2499.5000000000005 12.500000000000002 807.50000000000011 1515.5000000000002 4.0689902305603036 35.500000000000007 62.415248971010449
decision_type=2 2 2 2 2 2 2 2 2 2 2 2 2 2 2 2 2 2 2 2 2 2 2 2 2 2 2 2 2 2
left_child=1 3 4 8 24 -4 10 9 -1 -7 11 -5 15 -14 -15 16 -3 18 20 25 -6 -22 -23 -24 -2 -20 27 28 29 -17
right_child=2 12 5 6 17 7 -8 -9 -10 -11 -12 -13 13 14 -16 26 -18 -19 19 -21 21 22 23 -25 -26 -27 -28 -29 -30 -31
leaf_value=-0.049637442855792024 0.018868044194529476 -0.0062339853063823197 0.0091865615081342909 -0.027892958352302644 0.037811842428745759 0.011805388039088633 -0.048640611264804415 0.022982500799022913 0.13492249146513474 -0.034758359592880289 -0.011358799819267705 -0.013624580212143356 0.05901091771136522 -0.079893049586667333 -0.0085081061112767722 -0.045209852921045429 -0.056734223059074267 0.049612655417409626 -0.012721417678911115 0.01170490531445622 -0.051473140642922327 0.0089370269326055057 -0.058530834337077058 0.034820525034084907 -0.00033986823624393214 -0.092095626926523927 0.032052525495978715 -0.088113564923614524 0.041662499321618612 0.034305894522343512
leaf_weight=37.194878745153574 50.199386687485912 2273.1129427623082 3342.2687058406277 165.33161904344144 8.01077101100236 32.038294843368931 22.231731416656203 269.27576641761698 0.61885351903037999 13.306235742755232 1338.7933023862101 245.33281089273163 4.7207381685748251 15.67288738078423 20.344842847527616 10.727172025744951 9.8213741813856341 11.248867139569482 9.0343117188021989 551.89707301356248 13.20494430180406 30.374337769328122 10.641840667885843 3.2237097220495334 1351.4672454411384 4.0648632612719657 35.029935587935142 4.7209798327712624 16.311216449485073 8.0765676938535744
leaf_count=160716 800 1234079 16708 683067 61 173 33248 985 38 78 623616 751282 575 13938 11125 8743 8779 67 128 5652 192 338 185 54 31586 69 5645 3540 4062 1065
internal_value=0.000253079 -0.00967227 0.00758017 -0.0143715 0.00313237 0.0100655 -0.0136833 0.0194023 -0.046617 -0.00185862 -0.0132391 -0.019369 -0.00612705 -0.0281472 -0.0395708 -0.00574658 -0.00645124 0.00921417 0.00849335 0.0105675 -0.00941044 -0.0159957 -0.00540617 -0.0368269 0.000348045 -0.0373524 0.0157412 0.00139783 0.0134321 -0.0110563
internal_weight=9908.3 4208.04 5700.26 1809.5 2043.37 3656.89 1771.69 314.62 37.8137 45.3445 1749.46 410.664 2398.54 40.7385 36.0177 2357.8 2282.93 641.701 630.452 564.996 65.4556 57.4448 44.2399 13.8656 1401.67 13.0992 74.8659 39.8359 35.115 18.8037
internal_count=3600594 3543518 57076 2251967 39132 17944 2091213 1236 160754 251 2057965 1434349 1291551 25638 25063 1265913 1242858 6746 6679 5849 830 769 577 239 32386 197 23055 17410 13870 9808
is_linear=0
shrinkage=0.05


Tree=123
num_leaves=31
num_cat=0
split_feature=3 2 2 8 11 11 5 5 5 11 8 11 8 5 12 12 11 12 12 8 11 9 12 5 7 12 12 11 7 7
split_gain=249.537 16.344 8.80858 9.11289 7.11499 6.27099 5.93182 6.94819 10.6638 7.01308 7.97335 11.7317 7.43137 8.98431 6.07558 11.5633 5.57031 5.46278 7.1248 11.7945 6.68885 7.85692 11.3071 9.96259 7.13079 12.0525 5.41001 6.37049 4.96183 4.91966
threshold=1.0000000180025095e-35 1.0000000180025095e-35 1.0000000180025095e-35 7.4919233322143564 91.500000000000014 6.5000000000000009 4.7728371620178232 4.9445254802703866 4.9403247833251962 38.500000000000007 9.6158390045166033 48.500000000000007 8.2984070777893084 4.7761714458465585 63.500000000000007 57.500000000000007 49.500000000000007 2860.5000000000005 2908.5000000000005 9.3922448158264178 49.500000000000007 1.0000000180025095e-35 5070.5000000000009 3.8588039875030522 3.8606742620468144 3961.5000000000005 5339.5000000000009 93.500000000000014 2.2499048709869389 4.4484992027282724
decision_type=2 2 2 2 2 2 2 2 2 2 2 2 2 2 2 2 2 2 2 2 2 2 2 2 2 2 2 2 2 2
left_child=2 -2 3 4 -1 -5 14 8 9 12 -11 -12 -8 -14 15 -7 -13 -16 19 -19 21 -20 -23 -24 -22 -26 27 -6 -9 -10
right_child=1 -3 -4 5 26 6 7 28 29 10 11 16 13 -15 17 -17 -18 18 20 -21 24 22 23 -25 25 -27 -28 -29 -30 -31
leaf_value=-0.022387303871034991 0.0014580293723743412 0.0080642084562650707 -0.0086624707235324443 0.066025436985887906 0.15310385455429731 -0.057838137299757036 0.057271166088912556 0.008760671253758472 0.18697827135322143 -0.044969670846321586 -0.052965467555682932 0.26561504844350342 0.29830233731274997 -0.03760839326746343 -0.042913972690992168 0.29840097118557057 -0.053085332004796815 -0.053127631315570148 -0.053840752900928636 0.97699037276086287 -0.05272503247699567 -0.052299270610143105 1.378138956499704 -0.052090589674595282 0.57090120218455731 -0.053793989140650027 0.33922689243236265 -0.053014820241074116 -0.020261039663693938 -0.053573438871702898
leaf_weight=263.89536653952882 1182.145230105466 4501.3463669487383 3814.1860596330635 3.0336265417824384 0.74707602246780769 0.52632409626403642 10.345165511508759 23.152629571638272 1.3075530655991077 7.249545728581209 0.90679556939130612 0.70513543976221627 0.20932052505986476 4.0595760683072513 20.181495595118481 0.40160422092799308 0.17019832104915622 0.059856810896689594 1.7895263650307245 0.051863674702417484 0.21047937221851487 0.073804325106948343 0.036197324074237258 0.018347566226111667 0.19342581479577348 0.12851008598340741 0.18077004549195397 0.75241318663893253 40.473589618919547 0.2538059250794048
leaf_count=1577500 31093 26068 1371058 3319 2076 3430 31496 116296 2521 43211 5212 614 125 22490 118040 587 1019 374 11023 76 1072 369 54 213 158 508 251 7937 219311 1744
internal_value=-0.000137321 0.00669015 -0.00938669 -0.0166346 -0.0217343 -0.00491264 -0.00682544 -0.000898878 0.0213176 0.0129608 -0.0216769 0.0730759 0.0343673 -0.0211374 -0.0290664 0.0963409 0.203648 -0.034183 0.0345926 0.425081 0.0167883 -0.026738 0.351146 0.897045 0.17358 0.321536 0.0808287 0.0496777 -0.00970047 0.147876
internal_weight=9878.79 5683.49 4195.3 381.114 265.576 115.538 112.505 88.8333 25.2071 23.6457 9.03168 1.78213 14.6141 4.2689 23.6714 0.927928 0.875334 22.7435 2.56201 0.11172 2.45029 1.91788 0.128349 0.0545449 0.532415 0.321936 1.68026 1.49949 63.6262 1.56136
internal_count=3599245 57161 3542084 2171026 1587764 583262 579943 444039 108432 104167 50056 6845 54111 22615 135904 4017 1633 131887 13847 450 13397 11659 636 267 1738 666 10264 10013 335607 4265
is_linear=0
shrinkage=0.05


Tree=124
num_leaves=31
num_cat=0
split_feature=3 0 0 1 0 1 8 7 11 7 1 0 11 0 1 0 8 7 1 0 0 1 8 5 8 1 11 8 1 11
split_gain=244.328 30.2809 25.8707 12.9114 12.7517 12.2286 11.6869 10.8273 10.2293 10.9182 10.1741 10.1326 10.1717 9.02737 10.3031 8.61991 8.49748 8.46617 8.25259 12.0783 14.8155 10.647 9.73224 9.15781 8.14145 12.1559 8.05654 8.01584 18.5178 17.7694
threshold=1.0000000180025095e-35 36.30276173639141 28.458874041527455 0.49188277125358587 64.900488853454604 0.49188277125358587 12.005069255828859 1.2424533367156985 34.500000000000007 2.3502402305603032 0.73342257738113414 20.486215531826023 6.5000000000000009 35.847203636625643 0.7425527572631837 35.699507168741555 7.6011524200439462 3.0677825212478642 0.81956934928894054 38.744354157715868 44.45104037106649 0.82881340384483349 6.8029501438140878 4.6660819053649911 6.6253843307495126 0.65635865926742565 50.500000000000007 6.960343837738038 0.77197623252868663 48.500000000000007
decision_type=2 2 2 2 2 2 2 2 2 2 2 2 2 2 2 2 2 2 2 2 2 2 2 2 2 2 2 2 2 2
left_child=1 3 5 11 -4 -2 18 10 -7 -10 -8 12 16 15 -15 26 -1 -16 27 22 -21 23 -20 -22 -17 -26 -5 28 -3 -30
right_child=2 6 4 13 -6 8 7 -9 9 -11 -12 -13 -14 14 17 24 -18 -19 19 20 21 -23 -24 -25 25 -27 -28 -29 29 -31
leaf_value=-0.0806071637808458 -0.0065485474008199129 -0.0016518512122562408 0.0073499266342381079 -0.011933623819964569 0.017346320645774016 -0.0021089585134418396 0.028526718061466141 -0.081426543135682039 0.024255480545230173 0.0045327719660809423 -0.11186262253178769 -0.017874757558363593 -0.040508477320038858 -0.060449527069856623 0.036941231985641886 0.036516634811843689 0.065688801787778681 -0.081355256359721961 -0.085114386823434973 -0.061101946079691175 -0.081713993934451293 -0.010746866184680133 0.060778224435953876 0.028262069883777514 0.025508798533815498 -0.093145558764151384 -0.052887071193445427 -0.0096359490469261934 -0.0285215636857673 0.024476894101543935
leaf_weight=1.3114067731154353 462.7316022086261 1162.6363385436812 4181.6871525911665 1307.0661520596243 345.3702360833995 353.21380259830494 5.9498938866618145 9.8140779502482456 96.567546857066191 256.70657043845677 1.6479681717901256 271.53799344695392 92.692221017158545 19.381018772744941 5.9747440980154343 17.396659459227525 4.0826966810166141 2.0250940810346947 1.2445524537906738 8.7268364931824163 1.9761828608752683 43.329258693340307 14.023523685324106 44.934581533466371 5.380295124203256 3.6047204039241478 12.120384546609783 1001.4449595135143 115.72113559066747 18.319357234562631
leaf_count=4208 18617 736739 31451 616917 1814 2566 522 4310 762 2054 193 1083800 483725 13057 2334 2586 1194 1977 844 8719 1329 23792 1121 8420 956 2397 10151 454931 73177 5918
internal_value=-0.000333123 -0.00952564 0.0064001 -0.0145554 0.00811255 -0.000230281 -0.00591838 -0.0467347 0.00390802 0.00992398 -0.00192358 -0.0228503 -0.0366243 -0.0123223 -0.0407442 -0.011744 0.0301215 0.00699544 -0.00562377 0.00749313 0.00110726 0.00712332 0.048886 0.0236292 0.016555 -0.0220944 -0.0123099 -0.00627579 -0.00368068 -0.0212782
internal_weight=9868.62 4172.34 5696.28 1742.57 4527.06 1169.22 2429.77 17.4119 706.488 353.274 7.59786 369.624 98.0863 1372.95 27.3809 1345.57 5.3941 7.99984 2412.36 114.235 98.9669 90.24 15.2681 46.9108 26.3817 8.98502 1319.19 2298.12 1296.68 134.04
internal_count=3600581 3543317 57264 2223302 33265 23999 1320015 5025 5382 2816 715 1572927 489127 650375 17368 633007 5402 4311 1314990 44225 42260 33541 1965 9749 5939 3353 627068 1270765 815834 79095
is_linear=0
shrinkage=0.05


Tree=125
num_leaves=31
num_cat=0
split_feature=3 0 0 1 1 12 5 12 0 12 1 12 8 5 1 0 0 12 5 9 12 5 8 1 5 5 1 12 12 12
split_gain=225.855 36.182 27.5306 14.8501 13.1127 11.3407 13.6396 16.6699 11.0346 14.5018 10.2027 12.4954 12.1615 9.31624 16.7972 15.1305 9.15038 8.64562 8.59983 12.3271 17.1512 8.14318 12.7262 13.1972 12.892 15.976 14.4321 12.5317 8.72786 8.55206
threshold=1.0000000180025095e-35 40.562259508784344 40.713683310226777 0.72829443216323864 0.43326406180858618 234.50000000000003 4.9846243858337411 202.50000000000003 37.996997195237789 387.50000000000006 0.71598994731903087 5445.5000000000009 10.353795528411867 4.6843512058258066 0.75676664710044872 37.301098084197299 19.856720862298975 3740.5000000000005 4.8569047451019296 1.0000000180025095e-35 3321.5000000000005 4.9184429645538339 5.708768606185914 0.68685591220855724 4.96557641029358 4.9697322845458993 0.77306294441223156 1870.5000000000002 134.50000000000003 971.50000000000011
decision_type=2 2 2 2 2 2 2 2 2 2 2 2 2 2 2 2 2 2 2 2 2 2 2 2 2 2 2 2 2 2
left_child=1 3 4 16 -2 6 -5 -8 9 -7 11 12 -3 14 -11 -16 -1 -18 19 20 -15 -6 23 28 26 27 29 -26 -23 -24
right_child=2 10 -4 5 21 8 7 -9 -10 13 -12 -13 -14 18 15 -17 17 -19 -20 -21 -22 22 24 -25 25 -27 -28 -29 -30 -31
leaf_value=-0.027436967430043285 -0.0024186049458040058 -0.0084590248359022579 0.009969307086335517 0.026511845329971442 0.00076720824836025241 -0.047675887760138959 -0.035747631414044218 0.044029888296402191 -0.031560931385339989 0.033945237272293392 -0.00052113218912946621 -0.073375172293735247 0.016623430769227752 -0.081886161377875383 -0.062218334690523625 0.054876789696092665 -0.015450267703674218 -0.00034124632302429803 -0.0030234922944158012 0.028456717870864762 0.031345047236269977 -0.030328358370500304 0.0025404308788645625 0.026300926322805958 -0.077035854419604158 0.002944285905895802 -0.036044164190338034 0.0090307943300035262 0.0098635269834048689 0.028167921137503639
leaf_weight=149.58234876370511 829.57592553656013 999.24335223609569 2577.216040541035 54.140088160474988 758.13832626216572 18.716043771346449 24.233278776842781 8.9725064544545585 47.425737191078952 38.0371359151668 932.6060472922336 7.1922821320313224 50.782649955594025 14.065999575247593 10.111874756478754 3.7938179624434261 1531.6041278648586 100.91982272647533 161.00439674848531 5.8266417130726031 4.3874219863319004 14.476366469840285 45.465553949601599 154.66858421891448 11.230355435833191 876.55397164996612 11.962554020807145 6.7844700391287907 201.79425602323499 114.62725988312741
leaf_count=499775 26572 647011 15256 18886 5397 18045 21595 3203 31284 8630 308629 9029 6520 10575 7879 573 1765935 102786 80658 1414 1006 76 333 711 87 6339 55 52 1470 730
internal_value=-0.000382664 -0.00920435 0.00617183 -0.0136653 0.00293679 -0.00483734 0.0110381 -0.014191 -0.00940818 -0.00530333 -0.00433314 -0.00769583 -0.00724596 -0.00196034 0.0167536 -0.0302719 -0.0156008 -0.0145163 -0.00720662 -0.0349455 -0.0549647 0.00496016 0.00717142 0.0151488 0.00439713 0.00198638 0.0169314 -0.0446227 0.00717323 0.0208898
internal_weight=9765.14 4162.65 5602.49 2172.82 3025.28 390.715 87.3459 33.2058 303.369 255.943 1989.82 1057.22 1050.03 237.227 51.9428 13.9057 1782.11 1632.52 185.284 24.2801 18.4534 2195.7 1437.56 370.939 1066.62 894.569 172.055 18.0148 216.271 160.093
internal_count=3600511 3543433 57078 2572244 41822 203748 43684 24798 160064 128780 971189 662560 653531 110735 17082 8452 2368496 1868721 93653 12995 11581 15250 9853 2257 7596 6478 1118 139 1546 1063
is_linear=0
shrinkage=0.05


Tree=126
num_leaves=31
num_cat=0
split_feature=3 0 0 7 0 0 0 7 7 8 7 0 8 7 0 7 7 11 11 0 9 0 7 7 0 8 7 8 11 0
split_gain=202.431 34.6685 24.1118 19.3985 14.2955 12.2406 10.1734 8.5433 15.2274 13.395 8.23976 12.3239 9.48702 11.7705 8.12347 8.94368 11.5707 9.93302 8.48467 13.6902 9.9025 10.9086 8.73689 9.4334 8.60261 10.9169 8.5395 8.11455 11.2704 12.7987
threshold=1.0000000180025095e-35 29.423848046153584 27.276883840560917 3.5114340782165532 74.568784612602045 29.558571992052752 19.548324149101976 5.3351285457611093 5.4227426052093515 7.0904934406280526 3.9607677459716801 41.01843373759403 7.4963750839233407 5.5194568634033212 57.246900822254254 5.0466406345367441 4.9732735157012948 38.500000000000007 49.500000000000007 41.332076951668576 1.0000000180025095e-35 28.079073876680926 5.9309172630310067 5.7822844982147226 54.917433627939324 1.0000000180025095e-35 5.0968081951141366 7.8284282684326181 25.500000000000004 32.762374526824722
decision_type=2 2 2 2 2 2 2 2 2 2 2 2 2 2 2 2 2 2 2 2 2 2 2 2 2 2 2 2 2 2
left_child=2 -2 3 6 5 -3 -1 -5 -9 -10 -7 12 -12 27 15 16 -4 -18 20 -20 24 -22 23 26 -17 -26 -21 -14 -29 -30
right_child=1 4 14 7 -6 10 -8 8 9 -11 11 -13 13 -15 -16 18 17 -19 19 22 21 -23 -24 -25 25 -27 -28 28 29 -31
leaf_value=-0.02640384024595617 -0.0012547824648311365 0.040553026714398956 -0.0088782964364917359 -0.03414595862910217 0.02384969221197257 0.0057302876025554228 -0.0073361064213698706 0.041454236361583081 -0.048958477314341907 0.0085730914599625434 0.00028728369791153525 0.014175737968228134 0.036636206737793407 -0.021577829926946193 -0.0017095982096727758 -0.0027907878543632064 -0.086365156609107874 -0.019856034200422083 -0.079089758178980077 0.076254407457113343 -0.092833173822466974 0.016485007320886265 -0.074013038646073712 0.072918343679268499 0.027916592323895303 -0.08999905216843733 -0.076491281992473265 0.038748766788870376 0.028398611459074127 -0.013104212922780748
leaf_weight=87.231006734834807 1282.6064533617746 27.966752267995616 2432.7617835447177 179.90854977862324 139.6775922820816 2684.4015713375102 353.1774364984239 10.877236734209573 24.28141631969801 17.344398806733352 386.19358037966595 865.16956746272626 45.949677443910332 20.180833532380348 611.39905345693796 306.04806882900948 8.6834885578273333 15.880453079540983 8.9961278738492201 1.3332208198053175 2.3371354581513506 96.81274938056049 2.8555638195002748 4.9615598409145605 2.8847936839701998 6.1421517101271093 2.9171641814054965 28.210462053575611 29.21194799222576 51.019245218809374
leaf_count=297831 25699 216 1807654 406937 746 20174 509413 7857 60253 22401 3755 4916 396 286 194113 163241 8107 12430 14385 571 1501 23975 3232 384 356 4335 4166 176 292 601
internal_value=-0.00029267 0.00595546 -0.00861076 -0.0172803 0.00811721 0.0075862 -0.0111128 -0.0289673 -0.0112218 -0.0249866 0.00736189 0.0104335 0.00465978 0.0143327 -0.0069461 -0.00805291 -0.00922306 -0.0433674 -0.00144711 -0.0324035 0.000127046 0.0139082 0.00240034 0.0260873 -0.00420969 -0.0523161 -0.0285794 0.0190267 0.011565 0.00200685
internal_weight=9737.42 5560.59 4176.83 672.82 4277.98 4138.3 440.408 232.412 52.5031 41.6258 4110.34 1425.94 560.766 174.572 3504.01 2892.61 2457.33 24.5639 435.289 21.0636 414.225 99.1499 12.0675 9.21194 315.075 9.02695 4.25039 154.391 108.442 80.2312
internal_count=3600399 57257 3543142 1304692 31558 30812 807244 497448 90511 82654 30596 10422 5506 1751 2238450 2044337 1828191 20537 216146 22738 193408 25476 8353 5121 167932 4691 4737 1465 1069 893
is_linear=0
shrinkage=0.05


Tree=127
num_leaves=31
num_cat=0
split_feature=0 0 1 0 0 12 12 1 5 11 8 8 8 12 11 11 5 5 5 0 11 11 12 8 8 11 0 11 5 11
split_gain=49.3595 25.6429 9.73806 8.75766 8.72204 10.4004 15.9629 12.8582 11.2286 14.5373 16.2308 12.7568 12.7197 12.0243 10.4124 12.8376 11.0225 9.54609 13.0207 11.1992 15.6078 11.2516 13.2365 11.9089 10.0967 15.7484 17.5471 10.3766 9.10869 8.66768
threshold=40.713683310226777 18.907059791203213 0.63116854429245006 12.814746206960992 50.935361998883316 1577.5000000000002 1444.5000000000002 0.65848857164382946 4.6006991863250741 29.500000000000004 9.2107405662536639 13.815511226654055 12.77559280395508 1608.5000000000002 32.500000000000007 24.500000000000004 4.7146558761596689 4.8891084194183358 4.9001717567443857 46.895438649011346 23.500000000000004 27.500000000000004 1692.5000000000002 7.6011524200439462 6.908255100250245 42.500000000000007 42.944717935395609 49.500000000000007 4.8806395530700692 35.500000000000007
decision_type=2 2 2 2 2 2 2 2 2 2 2 2 2 2 2 2 2 2 2 2 2 2 2 2 2 2 2 2 2 2
left_child=1 3 -3 -1 5 6 -2 -8 9 11 -11 -7 13 -10 15 -9 -16 19 -19 20 -15 22 -21 -23 -22 -26 27 -27 -28 -6
right_child=4 2 -4 -5 29 8 7 14 12 10 -12 -13 -14 17 16 -17 -18 18 -20 21 24 23 -24 -25 25 26 28 -29 -30 -31
leaf_value=-0.04108358875994652 0.00068448584442317925 -0.0046450564972181268 -0.00020581469393336142 -0.01465114325032948 0.0094930115833126213 -0.080349694284231152 -8.6377129309442687e-05 -0.071892532921043001 0.043780561558262765 0.0059652998682067394 -0.07938927416572876 0.06542955808759747 -0.088198282195809816 -0.087830172914324128 -0.010781495903605205 0.018279022696397744 -0.087437994287800747 -0.080172544240863952 0.0052927024235369579 -0.10139759302768483 0.044932140204240682 -0.0065880690224771835 0.05540162740733387 -0.092568436475329252 0.034476706748487899 0.044276186275715432 -0.080351922496770811 -0.088561386088078939 0.049296203983148018 0.0032813814625106338
leaf_weight=36.381203875140159 1491.4015542414772 2316.2432489840467 2647.2924216936253 226.00148929150703 1076.7513059762068 10.842194533594462 32.70392997373483 6.0714095721523362 24.563900733567607 62.129455863178464 6.1180727650776126 1.741765145998216 3.3510430576607169 2.9238358214920472 6.6547950748354223 11.281638698226741 15.878956161432141 4.5002799667272475 458.24648218671291 1.53625074904994 54.302354751177518 24.126617619901484 10.864680232083627 4.8342199339558638 40.102034753230328 10.149981038605803 9.6532149674922021 1.7191234773090389 1.5759351933165806 1173.8614468154055
leaf_count=120201 400566 1636671 562205 308097 173763 3978 11823 1298 3796 18937 2095 18 616 1751 908 1339 4410 2707 104840 94 10191 6614 963 2067 5421 1239 2656 427 227 209475
internal_value=0.000232051 -0.00308267 -0.0022774 -0.0183162 0.00404096 0.00187366 -0.000429942 -0.0233262 0.00678694 -0.0107915 -0.00168634 -0.0601722 0.00896471 0.00946633 -0.042381 -0.0132698 -0.0647994 0.0081167 0.00446154 0.0185712 0.0262807 -0.00387544 0.035977 -0.0209401 0.0291202 0.0155343 -0.0173525 0.025036 -0.0621567 0.00625319
internal_weight=9773.8 5225.92 4963.54 262.383 4547.89 2297.27 1563.99 72.5907 733.281 80.8315 68.2475 12.584 652.45 649.099 39.8868 17.353 22.5338 624.535 462.747 161.788 120.426 41.3618 12.4009 28.9608 117.503 63.2003 23.0983 11.8691 11.2292 2250.61
internal_count=3599393 2627174 2198876 428298 972219 588981 420344 19778 168637 25028 21032 3996 143609 142993 7955 2637 5318 139197 107547 31650 21912 9738 1057 8681 20161 9970 4549 1666 2883 383238
is_linear=0
shrinkage=0.05


Tree=128
num_leaves=31
num_cat=0
split_feature=3 0 0 2 11 2 11 0 0 11 12 8 8 12 12 12 12 0 7 7 7 12 7 5 7 5 5 12 8 8
split_gain=196.658 34.7952 31.5708 14.8654 10.7757 10.5523 10.2456 13.3059 9.78738 12.7904 8.95789 9.42264 15.6654 8.99611 8.82267 30.7213 11.0562 18.7437 14.7101 14.5145 13.8958 13.4786 11.515 14.0977 12.3569 9.47771 11.0538 10.9688 10.3228 16.0544
threshold=1.0000000180025095e-35 32.311915178237548 40.713683310226777 1.0000000180025095e-35 7.5000000000000009 1.0000000180025095e-35 48.500000000000007 58.677237779193099 43.5979521188383 14.500000000000002 827.50000000000011 7.6549060344696054 6.3977622985839853 533.50000000000011 2439.5000000000005 2202.5000000000005 1119.5000000000002 52.059799732000108 4.7229433059692392 3.7012257575988774 4.9732735157012948 1387.5000000000002 5.2012517452239999 4.9963996410369882 6.0741951465606698 4.7382688522338876 4.7276363372802743 993.50000000000011 3.4498615264892583 6.908255100250245
decision_type=2 2 2 2 2 2 2 2 2 2 2 2 2 2 2 2 2 2 2 2 2 2 2 2 2 2 2 2 2 2
left_child=1 3 5 -1 -5 -2 7 14 -3 -10 11 12 -8 -14 15 16 25 18 19 21 -19 -18 -20 24 -24 26 27 28 -4 -30
right_child=2 8 6 4 -6 -7 10 -9 9 -11 -12 -13 13 -15 -16 -17 17 20 22 -21 -22 -23 23 -25 -26 -27 -28 -29 29 -31
leaf_value=-0.027434359646470757 -0.0023994479494652203 -0.0086571366754746547 0.038603969536154123 -0.076616947879037112 -0.012369703461146016 0.0043496892534262898 -0.019633044968645791 0.015967100393671576 -0.034790198355517402 -0.0021584761185186644 0.023930005417126875 -0.042857947173580165 0.058679244841556372 -0.0024300696416843718 0.015950410855527949 -0.036042408437517194 -0.012429579755511386 -0.012897314080015166 0.045287188490774039 -0.017624094642013973 -0.0806706952323136 0.016711237291105633 -0.036299672144983218 0.055593465430426647 0.02466313791077673 0.0072632418783959629 0.071225122979647865 0.048750522115745196 -0.017711703041017917 0.018412812614493856
leaf_weight=204.93139457463349 783.08132343904617 1203.608889446743 30.508914839709178 6.5659717996600184 1083.6088140348361 2223.9176901495866 22.635544471238973 532.95209069615521 30.585185572568207 1651.7285726642481 217.0663433153677 9.7892282656393927 17.038373148243412 9.3151713432744128 236.01010069129916 43.116182397105149 57.106813357488136 97.77388678376883 36.588622348988793 80.019697226314747 8.1973048300133069 130.04032173900123 18.424494351202156 11.383317518513648 15.144982513389548 828.54344651621068 9.7644555624574405 23.44843858317472 45.91156695688187 93.170350753931416
leaf_count=1305587 26040 957912 133 6766 522095 15761 137 2924 24776 726005 1203 82 85 65 1579 380 421 634 184 606 118 872 171 38 90 4606 25 98 314 609
internal_value=-7.11087e-05 -0.00827027 0.00607138 -0.0150792 -0.0127567 0.00259208 0.0101361 0.00904314 -0.00521465 -0.00275173 0.0192413 0.00192608 0.010875 0.037079 0.00695258 0.00556385 0.00677103 0.000275572 0.00587196 0.000198551 -0.0181399 0.00781909 0.0244606 0.00750916 -0.0087961 0.00963461 0.0193227 0.0166974 0.0122655 0.00648795
internal_weight=9761.98 4181.03 5580.95 1295.11 1090.17 3007 2573.95 2298.1 2885.92 1682.31 275.845 58.7783 48.9891 26.3535 1765.15 1529.14 1486.03 454.679 348.708 267.167 105.971 187.147 81.5414 44.9528 33.5695 1031.35 202.804 193.039 169.591 139.082
internal_count=3600316 3543141 57175 1834448 528861 41801 15374 13802 1708693 750781 1572 369 287 150 10878 9299 8919 3134 2382 1899 752 1293 483 299 261 5785 1179 1154 1056 923
is_linear=0
shrinkage=0.05


Tree=129
num_leaves=31
num_cat=0
split_feature=3 0 0 0 12 12 8 0 11 12 11 12 9 0 9 12 0 0 8 11 8 8 8 11 12 12 11 8 8 12
split_gain=208.847 24.1478 19.9486 13.648 6.6924 10.9997 11.6208 9.62389 9.46469 12.3283 10.9468 12.2532 13.8277 10.5036 9.76304 12.164 9.03163 8.60852 9.02627 8.41511 14.0471 8.43695 17.4822 9.14401 10.2306 7.91781 8.48925 13.0844 9.41659 8.73988
threshold=1.0000000180025095e-35 34.657991193911592 19.548324149101976 45.381685110362021 1500.5000000000002 1473.5000000000002 11.61276960372925 42.492732186608926 41.500000000000007 1743.5000000000002 49.500000000000007 1641.5000000000002 1.0000000180025095e-35 66.728939531269148 1.0000000180025095e-35 1709.5000000000002 47.976722137740587 54.917433627939324 8.3789649009704608 45.500000000000007 7.8242459297180185 2.6020033359527592 5.3008110523223886 47.500000000000007 1281.5000000000002 247.50000000000003 41.500000000000007 7.3786959648132333 8.5172929763793963 1254.5000000000002
decision_type=2 2 2 2 2 2 2 2 2 2 2 2 2 2 2 2 2 2 2 2 2 2 2 2 2 2 2 2 2 2
left_child=2 -2 -1 -4 5 6 16 -7 13 10 11 12 -10 14 17 -16 19 18 -6 -3 21 -21 -23 -24 -25 -18 -27 29 -29 -28
right_child=1 4 3 -5 8 7 -8 -9 9 -11 -12 -13 -14 -15 15 -17 25 -19 -20 20 -22 22 23 24 -26 26 27 28 -30 -31
leaf_value=-0.026995846062674828 0.0025143706959604721 0.0032056792973127338 -0.0096036461415581441 -0.0035628879655200578 0.017527008784300132 0.012510663815737344 0.047672692501529897 -0.048297050089521315 -0.019277648660077341 0.0044405811611741451 0.054922900866935777 0.03597699662347268 0.053563995463552533 0.034746032879930409 -0.011216008340392412 0.037164129788307118 0.0011969414587151882 -0.0048071356402928644 -0.0036649411655657795 0.034093439075154622 0.037890608660290676 -0.054924735521251378 0.02485017515443802 0.0049354318129270006 -0.044664544950091874 0.01680564363684561 0.0070675735810767212 -0.030440802533073266 0.0085900811230453979 0.036010824799315944
leaf_weight=134.17859455388043 2073.8717520789751 1060.0368352618825 2561.8426904827538 1472.4462254770197 323.51510157168377 10.859718679450454 18.424086711835116 16.233785209573398 31.566960770272999 477.61556739894149 22.051758051944489 36.14206456305692 8.2096490547992271 71.090253900969401 15.607280803262254 77.540798035617627 155.81357249240318 70.231417284077907 59.485540251269413 25.25565936267958 47.864068846062764 12.040752621738646 50.513117656244503 76.35891958096181 12.034869247509048 565.41582134374767 131.1027201321449 36.553865266876528 26.770276000635931 32.560430178040406
leaf_count=475161 33702 7649 2427689 639894 2447 77 69 107 272 3621 97 215 53 332 130 464 804 489 548 137 354 95 326 533 101 3028 757 288 163 140
internal_value=0.000426137 0.00678309 -0.00802968 -0.00739887 0.00933366 0.00774471 0.00812592 -0.0239239 0.0123673 0.00775475 0.0239116 0.0149039 -0.00424358 0.0166671 0.0143148 0.0290579 0.00779953 0.0112848 0.0142356 0.0050666 0.0138704 0.00734554 0.00287025 0.00788004 -0.00181764 0.0115005 0.0135266 0.00535861 -0.0139405 0.0128258
internal_weight=9713.23 5544.77 4168.47 4034.29 3470.89 2277.84 2250.74 27.0935 1193.06 575.586 97.9704 75.9187 39.7766 617.47 546.38 93.1481 2232.32 453.232 383.001 1284.1 224.067 176.203 150.948 138.907 88.3938 948.217 792.403 226.987 63.3241 163.663
internal_count=3599742 56998 3542744 3067583 23296 14628 14444 184 8668 4258 637 540 325 4410 4078 594 14375 3484 2995 9195 1546 1192 1055 960 634 5180 4376 1348 451 897
is_linear=0
shrinkage=0.05


Tree=130
num_leaves=31
num_cat=0
split_feature=3 0 0 5 5 0 8 8 1 8 5 11 11 11 11 0 5 10 8 11 1 12 1 12 12 1 1 0 8 12
split_gain=226.173 30.1382 22.4641 18.2666 13.1145 11.5885 10.8088 18.6142 11.1647 11.398 10.1879 9.69161 9.68843 9.40699 13.8546 9.39426 11.813 11.8409 9.08187 9.03471 9.02199 8.94748 8.56142 8.51096 12.0344 10.1497 10.7768 9.34617 9.14225 8.42468
threshold=1.0000000180025095e-35 34.50640341816689 32.311915178237548 4.9298512935638437 4.9214069843292245 66.728939531269148 11.004941463470461 10.54799270629883 0.69836860895156871 12.005069255828859 4.9902200698852548 10.500000000000002 10.500000000000002 14.500000000000002 15.500000000000002 59.527770420558234 4.7004272937774667 1.0000000180025095e-35 8.413053512573244 13.500000000000002 0.65093171596527111 2499.5000000000005 0.74591583013534557 99.500000000000014 260.50000000000006 0.71435987949371349 0.58206200599670421 62.415248971010449 9.3922448158264178 5339.5000000000009
decision_type=2 2 2 2 2 2 2 2 2 2 2 2 2 2 2 2 2 2 2 2 2 2 2 2 2 2 2 2 2 2
left_child=2 -2 3 4 12 -3 7 15 9 10 -8 -5 22 20 -15 29 17 18 -17 -14 -13 -6 -1 28 25 26 27 -25 -18 -4
right_child=1 5 6 11 21 -7 8 -9 -10 -11 -12 13 19 14 -16 16 23 -19 -20 -21 -22 -23 -24 24 -26 -27 -28 -29 -30 -31
leaf_value=0.029720146983260379 0.0011251127984368782 0.007898668467901734 -0.0091928714408168032 -0.065707341948659889 0.026651928938760436 0.018339425375183759 0.018380987625681449 -0.063610605120234628 0.022891961263059795 -0.08349271442830454 -0.075031139736533692 0.023704976789982853 -0.070369123828327385 -0.074740572485034185 -0.019891783926402326 -0.022574122093855658 -0.05847059576394599 0.045904246325633176 -0.090984555200125841 -0.011071788334790708 -0.04429621310828144 -0.074073347782433296 -0.096391603863517972 0.11301820894952119 -5.8173952955796753e-05 0.036260628330874643 -0.074017274506605876 -0.075544807788196333 0.049558968173506773 0.011557711074046503
leaf_weight=21.093830871547315 2054.8293496470997 3139.1423538887939 2181.7998636601433 11.615900812269841 34.924591654141523 290.35069741259213 15.112441148478416 14.782643139794343 57.085472219292569 5.1749015657815098 3.6176239284950489 21.974057082034395 6.5081497512030628 11.716219159899763 664.74310926247426 47.411576585724106 10.467005590033976 5.7630777919453058 5.4044549983516381 494.91878790388716 6.2692347162037541 2.3533379626901469 1.4374939182780497 1.9215184945674075 369.81318330083309 40.946981984623562 4.6515548209790722 0.99868768953388087 2.409202697366708 50.035739786103477
leaf_count=14201 33779 21902 1512527 31140 21513 1553 2868 6515 6383 3271 1345 28684 13720 18520 1050615 23594 7939 1190 1914 643329 6734 4489 1306 1501 102624 6216 1571 3884 42 25469
internal_value=-0.000725207 0.00591355 -0.00961642 -0.0151159 -0.00836149 0.00878261 -0.00712266 -0.00765545 0.0108788 -0.0178088 0.000338875 -0.020408 -0.0104002 -0.0196614 -0.0208418 -0.00735153 -0.00108085 -0.0221486 -0.0295743 -0.0118414 0.00861058 0.0202932 0.0216742 0.00178118 0.00301358 0.0264267 -0.0267539 0.0485311 -0.0382577 -0.00872766
internal_weight=9579.27 5484.32 4094.95 1277.55 561.236 3429.49 2817.4 2736.41 80.9904 23.905 18.7301 716.319 523.958 704.703 676.459 2721.62 489.787 58.5791 52.816 501.427 28.2433 37.2779 22.5313 431.208 418.332 48.5187 7.57176 2.92021 12.8762 2231.84
internal_count=3600338 57234 3543104 1834251 698558 23455 1708853 1694986 13867 7484 4213 1135693 672556 1104553 1069135 1688471 150475 26698 25508 657049 35418 26002 15507 123777 115796 13172 6956 5385 7981 1537996
is_linear=0
shrinkage=0.05


Tree=131
num_leaves=31
num_cat=0
split_feature=3 0 0 2 7 12 11 7 7 12 0 5 7 7 7 7 7 11 11 8 8 0 12 2 8 12 7 12 8 5
split_gain=217.771 26.3676 20.1672 16.1791 9.73437 13.9069 16.9609 9.26596 13.6769 12.7031 9.88967 9.23293 8.92875 12.016 16.3951 10.9032 11.811 10.8915 10.5519 9.61691 15.3186 9.53917 9.51263 14.4651 8.92034 12.204 13.943 11.904 11.7222 14.2438
threshold=1.0000000180025095e-35 40.713683310226777 21.832920931654375 1.0000000180025095e-35 4.49422311782837 140.50000000000003 31.500000000000004 4.5163240432739267 4.5379471778869638 2083.5000000000005 34.372758590780002 4.5456030368804941 4.3107767105102548 4.2413008213043222 4.0859410762786874 3.7726949453353886 3.6762205362319951 49.500000000000007 43.500000000000007 8.4119439125061053 8.4817600250244158 32.155248604922242 1577.5000000000002 1.0000000180025095e-35 6.1974613666534433 241.50000000000003 3.3842465877532963 4205.5000000000009 6.6764485836029062 4.8148965835571298
decision_type=2 2 2 2 2 2 2 2 2 2 2 2 2 2 2 2 2 2 2 2 2 2 2 2 2 2 2 2 2 2
left_child=2 3 -1 -2 12 6 -6 9 -9 10 -7 -10 13 14 15 16 19 -14 -16 24 -21 -17 23 -18 25 26 -4 28 29 -26
right_child=1 -3 4 -5 5 7 -8 8 11 -11 -12 -13 17 -15 18 21 22 -19 -20 20 -22 -23 -24 -25 27 -27 -28 -29 -30 -31
leaf_value=-0.022987492730675609 -0.0029195773052045865 0.010229986624333973 0.010012751396737088 0.0054447470455467892 0.038852305493632056 -0.073443004202034007 -0.070604685577346685 -0.074054218787604348 0.020882939545327047 -0.089916970987281214 0.051638070774718325 -0.0059842439103064346 -0.028715354616284272 0.012097440476420501 -0.019888603190873669 -0.015867245827977734 0.021367199396798434 0.021337052031188696 -0.057852009415259781 0.034605617842422137 -0.0049912494690073639 0.0054211140879525761 -0.0077399611118495991 -0.058093106234263239 -0.044485451250992902 -0.009909061090036482 -0.062242153316943265 -0.05579658329931108 -0.010192550714046109 -0.01579891095067824
leaf_weight=236.75870109610878 782.50023140326357 2480.4107130691336 141.76532537946002 2213.7233734866095 32.323198966244377 1.7362819856339289 3.9743455867762796 7.2181984787362117 33.271523069029627 2.0703253036142533 17.590370255305515 821.74765320671997 99.28974047826523 67.087524203904195 71.468827964369098 68.543192091465244 6.8488953076355292 12.204686479701648 24.60529586741734 25.760074638414153 471.36566743699996 226.54275625305081 28.796371907220191 34.977970389812072 56.59853106274258 450.03806689266514 7.0066682592987481 16.234526107285319 949.1742668052625 183.78067358057493
leaf_count=679779 26068 15207 111734 15786 7838 3165 6216 10552 13019 2529 4209 489086 90009 40947 61460 81521 28392 8830 29936 8369 208092 126386 20432 20006 81402 392890 8752 20202 779176 206945
internal_value=-0.000106291 0.00641693 -0.00882237 0.0032603 -0.00795398 -0.00346481 0.0268675 -0.00471079 -0.00551735 0.0277917 0.0404009 -0.00493876 -0.00935766 -0.00881099 -0.00931857 -0.00858767 -0.00971509 -0.0232364 -0.0296113 -0.00909712 -0.00293942 0.000476209 -0.0298559 -0.045082 -0.0107934 -0.00580502 0.00660978 -0.0132707 -0.0126904 -0.0225533
internal_weight=9575.41 5476.63 4098.78 2996.22 3862.02 919.932 36.2975 883.634 862.237 21.397 19.3267 855.019 2942.09 2830.59 2763.51 2667.43 2372.35 111.494 96.0741 2301.72 497.126 295.086 70.6232 41.8269 1804.6 598.81 148.772 1205.79 1189.55 240.379
internal_count=3598935 57061 3541874 41854 2862095 536614 14054 522560 512657 9903 7374 502105 2325481 2226642 2185695 2094299 1886392 98839 91396 1817562 216461 207907 68830 48398 1601101 513376 120486 1087725 1067523 288347
is_linear=0
shrinkage=0.05


Tree=132
num_leaves=31
num_cat=0
split_feature=3 0 0 0 0 2 12 0 0 6 10 12 5 8 12 12 12 0 5 11 5 12 12 12 12 11 5 5 12 5
split_gain=196.343 29.9643 29.7868 16.3344 14.8305 11.2009 9.05011 9.65679 9.91567 8.9315 8.40221 18.1244 11.6764 7.95905 8.88763 8.97057 8.08669 6.44065 8.84038 8.86621 8.23224 7.20534 6.72106 14.2795 15.0111 13.7205 13.5728 15.8867 13.1551 19.516
threshold=1.0000000180025095e-35 23.444701433181766 32.311915178237548 42.492732186608926 68.993868182074962 1.0000000180025095e-35 93.500000000000014 21.961842087002882 21.832920931654375 1.0000000180025095e-35 1.0000000180025095e-35 482.50000000000006 4.7761714458465585 9.6954884529113787 2860.5000000000005 2605.5000000000005 1028.5000000000002 31.862916231155399 3.8588039875030522 37.500000000000007 4.9916410446167001 3015.5000000000005 2274.5000000000005 1429.5000000000002 1073.5000000000002 10.500000000000002 4.5720579624176034 1.0000000180025095e-35 1050.5000000000002 4.9231786727905282
decision_type=2 2 2 2 2 2 2 2 2 2 2 2 2 2 2 2 2 2 2 2 2 2 2 2 2 2 2 2 2 2
left_child=2 13 5 -3 -4 -1 7 8 9 -7 -5 -12 -13 14 15 -2 -15 22 19 -19 -20 -22 23 24 25 -8 27 -24 -27 -30
right_child=1 3 4 10 -6 6 17 -9 -10 -11 11 12 -14 16 -16 -17 -18 18 20 -21 21 -23 26 -25 -26 28 -28 -29 29 -31
leaf_value=-0.025752319960938803 -0.0061811372783959701 0.0045571939447242721 -0.0066287312258843344 0.0098591390821089302 0.0073569161084374533 -0.07301708435774619 -0.070914872660360284 -0.047020786360878086 0.066188791467024125 0.035125073438062336 0.064452367732574387 -0.044121465124517874 0.026667468887588853 0.01171273462859058 0.013082413266604136 -0.058710119191077652 -0.072586125357200187 -0.083130705683961692 -0.079208511466809406 0.047230790632585506 -0.04261203817723918 0.033357261345519605 -0.05814313339857996 0.0012470207747121622 -0.030845440353786582 -0.010211719420058808 -0.028257583537041449 0.028551699078130568 0.060450977615155811 -0.07638590893299102
leaf_weight=198.82165501931877 417.18163359583104 2703.4700469651589 2618.0017962723205 2229.3167587527132 204.34919092133214 4.6477277832890405 9.0096953352149267 35.973293015598529 4.2441089235762774 3.2405164360798153 21.966722717508674 8.7885040125111136 17.277193017769605 4.2627191549836416 61.833509487756601 8.2890874204858829 8.5533112776174658 1.7091603485296207 11.06020561181049 5.506341526603137 12.417249387275662 4.1691151938866815 6.8107541206582054 231.51325489831549 102.02398180352793 467.80167550831959 120.9395713560574 23.577625074556636 13.778835614099536 3.2133710774505735
leaf_count=1306059 11961 28734 1653779 13307 54575 6705 10856 26652 332 1126 69 74 98 221 1808 370 490 842 7582 658 7712 619 5023 85890 54031 242513 69037 4903 1369 2315
internal_value=-0.000169515 0.00601373 -0.00847016 0.0071852 -0.00561612 -0.0148608 -0.0128211 -0.034011 0.00456402 -0.0285919 0.0103049 0.0309954 0.00279975 -0.00565324 -0.00463033 -0.00720452 -0.0445476 -0.0118153 -0.0329335 0.0163516 -0.0457965 -0.0235165 -0.011063 -0.00929093 -0.0133855 -0.00977817 -0.0207515 0.00912134 -0.00864196 0.034574
internal_weight=9563.75 5480.94 4082.81 4980.82 2822.35 1260.46 1061.64 48.1056 12.1324 7.88824 2277.35 48.0324 26.0657 500.12 487.304 425.471 12.816 1013.53 34.8621 7.2155 27.6466 16.5864 978.669 827.341 595.828 493.804 151.328 30.3884 484.794 16.9922
internal_count=3599710 57132 3542578 42282 1708354 1834224 528165 34815 8163 7831 13548 241 172 14850 14139 12331 711 493350 17413 1500 15913 8331 475937 396974 311084 257053 78963 9926 246197 3684
is_linear=0
shrinkage=0.05


Tree=133
num_leaves=31
num_cat=0
split_feature=3 0 0 7 1 1 7 12 1 7 11 7 11 11 1 12 8 1 7 12 0 12 12 7 1 11 11 8 11 12
split_gain=201.959 27.7372 27.4833 20.4984 20.3054 13.8864 12.8654 14.2151 11.77 11.4231 15.7005 11.1644 10.846 15.1691 12.0914 10.4233 10.2521 9.31568 17.6544 9.29611 9.19152 12.602 13.0814 8.98525 8.9231 9.078 10.1002 8.5356 8.53367 8.82239
threshold=1.0000000180025095e-35 32.311915178237548 41.175623627186731 4.79990577697754 0.38465785980224615 0.74679896235466015 4.8789997100830087 4079.5000000000005 0.74419632554054271 5.2600927352905282 37.500000000000007 2.8029010295867924 47.500000000000007 42.500000000000007 0.64157921075820934 1930.5000000000002 3.4498615264892583 0.74769887328147899 3.8606742620468144 122.50000000000001 68.993868182074962 394.50000000000006 3068.5000000000005 1.4978661537170412 1.0000000180025095e-35 8.5000000000000018 12.500000000000002 9.2107405662536639 19.500000000000004 2499.5000000000005
decision_type=2 2 2 2 2 2 2 2 2 2 2 2 2 2 2 2 2 2 2 2 2 2 2 2 2 2 2 2 2 2
left_child=1 3 4 28 19 8 -5 9 20 10 -8 23 13 14 -11 -16 -12 18 -7 -2 24 -22 27 -10 -3 -26 -27 -23 29 -1
right_child=2 5 -4 6 -6 17 7 -9 11 12 16 -13 -14 -15 15 -17 -18 -19 -20 -21 21 22 -24 -25 25 26 -28 -29 -30 -31
leaf_value=-0.011504379575280882 0.016865969206601283 0.0028660337183277901 0.0099516071734711345 0.029176217473549673 0.0052611139813868594 0.043964892114493594 -0.062709613441830001 -0.065786417226842364 -0.089330718405122744 -0.024656746143591909 0.039684503740592042 -0.080215983389258561 0.028499300384168032 -0.052206949349614298 0.024111671950753966 -0.037242117165027781 -0.020357819781076713 -0.0012332550049031462 -0.091155441039191668 -0.0054614666218416562 -0.047740886661191681 0.016664074298310464 -0.080517570702019425 0.01241327281430752 0.039233117237722576 -0.062167441965372765 -0.0095625261987559874 -0.066711265195090311 -0.020212124324123303 0.029359206789254872
leaf_weight=172.35337559206801 49.740031492271555 157.03031192543631 2435.0683725097297 29.827594256578863 2220.9826211496675 22.692001231349426 16.790083665069687 9.4806824176881701 2.812203139037595 25.83522326270176 9.7280261292914911 10.950505149281524 35.234179480371949 13.90881894751112 53.244942828943749 7.9570191175243954 26.411860766630014 730.60732918076246 2.7056567574545616 742.98539306874773 10.044603648748078 100.97943700657129 3.7833468075764349 9.501736260017422 9.4758000537094613 9.1728541329239288 1738.6639378972732 3.1659628750639959 824.49923389110882 14.304763033521679
leaf_count=227178 993 843851 14800 19578 15819 2666 30093 23329 2040 59191 4785 7197 27920 25370 8201 3739 35872 297635 1332 25298 7895 25334 2817 3062 2676 7586 501981 604 1358327 9268
internal_value=-0.000284968 -0.00873971 0.00600113 -0.0149706 0.00280915 -0.00599262 -0.00144249 -0.0060413 -0.00812363 -0.00304609 -0.0227572 -0.0434858 0.00461512 -0.00372141 0.00402674 0.0161349 -0.00419581 -0.000198423 0.0295703 -0.00406052 -0.00771883 0.00582639 0.0108117 -0.0108226 -0.00855356 -0.009574 -0.0098386 0.0141295 -0.0180266 -0.00837275
internal_weight=9499.94 4051.16 5448.78 1239.58 3013.71 2811.59 228.418 198.591 2055.58 189.11 52.93 23.2644 136.18 100.946 87.0372 61.202 36.1399 756.005 25.3977 792.725 2032.32 117.973 107.929 12.3139 1914.34 1757.31 1747.84 104.145 1011.16 186.658
internal_count=3596437 3539527 56910 1832851 42110 1706676 238078 218500 1405043 195171 70750 12299 124421 96501 71131 11940 40657 301633 3998 26291 1392744 36650 28755 5102 1356094 512243 509567 25938 1594773 236446
is_linear=0
shrinkage=0.05


Tree=134
num_leaves=31
num_cat=0
split_feature=3 0 1 0 0 1 7 0 7 7 5 1 8 7 1 1 8 8 1 7 11 0 1 5 1 0 7 7 0 5
split_gain=187.518 33.6132 18.6594 18.6129 11.679 10.7428 15.0566 10.7739 9.11936 8.95628 11.5044 18.1415 15.9087 15.1188 13.5777 19.3797 28.7113 12.3579 16.505 16.0332 11.0358 10.9404 10.1203 9.24913 9.14467 9.0811 9.58324 9.01756 8.86781 8.80255
threshold=1.0000000180025095e-35 56.62229317903985 0.41471430659294134 20.825350706552857 49.498687744351635 0.5230008363723756 4.8559212684631357 20.486215531826023 4.8162329196929941 3.8815106153488164 4.9894859790802011 0.81700527667999279 6.960343837738038 5.800605535507203 0.77753818035125744 0.64870747923851024 6.3977622985839853 8.0065340995788592 0.77753818035125744 5.1676349639892587 27.500000000000004 71.169067537874085 0.77081426978111278 4.9767591953277597 0.81956934928894054 60.438021918220336 5.9441101551055917 3.8606742620468144 30.916060213465247 4.9048523902893075
decision_type=2 2 2 2 2 2 2 2 2 2 2 2 2 2 2 2 2 2 2 2 2 2 2 2 2 2 2 2 2 2
left_child=3 2 -2 5 -5 -1 7 8 -7 27 12 14 -11 17 15 25 -17 18 -14 -20 24 22 -18 29 -19 26 -12 -6 -4 -22
right_child=1 -3 28 4 9 6 -8 -9 -10 10 11 -13 13 -15 -16 16 21 20 19 -21 23 -23 -24 -25 -26 -27 -28 -29 -30 -31
leaf_value=-0.034919209331696698 -0.0013022766119639877 0.016192696750908227 0.0022257187496664255 -0.009170537506562047 -0.0062464556899647092 -0.0052737586683602213 -0.079864906390843718 -0.073796860550022228 0.065121793922582424 0.0053354924791334237 0.048456504177008933 -0.076811944309678457 -0.065323641634305124 -0.089811072387554522 0.046634743166199831 -0.06688767125205651 0.018646663630490137 -0.075344790222270586 -0.077514283024127703 0.060765633464657354 -0.020815893661322131 -0.091175728873941736 -0.096724993610882104 -0.095608636003847142 0.056317544615447059 -0.015831933239832952 -0.085138470493717325 -0.085255001697121011 0.0077181265148947575 0.02572918434061406
leaf_weight=98.229126952256109 1072.1007663667151 706.25726534853311 1016.6101090669854 2753.4816859055027 674.91172516330676 77.589726922126857 7.397602090352847 5.4322440831647318 4.8905756666536027 177.76320464455694 37.999680513112253 5.3695915580719875 20.735570780221909 7.1443462917591196 30.257347972677962 15.744824031928145 51.457332263740682 7.4580226929938345 3.1501663719955086 6.2656130663162912 14.337138094881764 2.5727196829393497 1.9737095174568811 2.0748743055028163 1.6021253720973616 7.6385313164741993 1.3915265039422582 3.6308737044028012 2652.094279216024 34.846453036391495
leaf_count=517512 30427 3867 8226 2527105 285080 54601 7079 5168 263 69752 11469 3111 14685 4228 4514 6137 6289 2340 2629 524 5345 715 581 1126 147 4744 1181 2156 14521 5528
internal_value=-4.40416e-05 0.00601644 0.00450044 -0.00818436 -0.00742604 -0.0233156 -0.0113566 -0.0055918 -0.00109973 -0.00309209 0.00255552 0.0134802 -0.00357001 -0.0197876 0.0167334 0.00911633 -0.00723504 -0.0142579 -0.0403953 0.0145024 -0.00119268 0.00953563 0.0143849 0.0077988 -0.0520627 0.034062 0.0437372 -0.00666923 0.00619616 0.0121612
internal_weight=9502.41 5447.06 4740.81 4055.35 3861.81 193.539 95.3101 87.9125 82.4803 1108.33 429.783 154.405 275.378 97.6143 149.036 118.778 71.7486 90.47 30.1514 9.41578 60.3186 56.0038 53.431 51.2585 9.06015 47.0297 39.3912 678.543 3668.7 49.1836
internal_count=3601050 57041 53174 3544009 2959386 584623 67111 60032 54864 432281 145045 38741 106304 36552 35630 31116 13722 32324 17838 3153 14486 7585 6870 11999 2487 17394 12650 287236 22747 10873
is_linear=0
shrinkage=0.05


Tree=135
num_leaves=31
num_cat=0
split_feature=3 0 0 12 8 11 8 7 11 0 10 0 12 7 5 0 11 0 7 7 5 8 11 11 8 2 11 12 0 8
split_gain=162.019 27.1874 13.5288 12.0449 23.4065 11.8958 14.8056 11.2742 14.4056 10.6474 9.56692 9.04024 13.4431 8.7973 22.3355 18.0619 19.0066 11.9214 17.8066 11.859 9.70638 9.2325 24.7952 15.0154 8.67859 8.48076 8.47405 8.38959 8.33914 19.0018
threshold=1.0000000180025095e-35 34.657991193911592 18.704843759536747 380.50000000000006 9.6954884529113787 12.500000000000002 6.3977622985839853 4.5379471778869638 25.500000000000004 64.900488853454604 1.0000000180025095e-35 61.419888893899049 445.50000000000006 2.3502402305603032 4.5560796260833749 56.62229317903985 32.500000000000007 47.700108464843659 3.8606742620468144 0.89587974548339855 4.7619838714599618 7.6549060344696054 22.500000000000004 18.500000000000004 6.3977622985839853 1.0000000180025095e-35 47.500000000000007 742.50000000000011 43.5979521188383 7.0913259983062753
decision_type=2 2 2 2 2 2 2 2 2 2 2 2 2 2 2 2 2 2 2 2 2 2 2 2 2 2 2 2 2 2
left_child=2 5 26 4 7 6 -2 10 -9 -4 13 -5 -13 15 -15 16 19 21 20 -3 -19 23 -23 -16 -17 -7 27 -1 29 -21
right_child=1 3 9 11 -6 25 -8 8 -10 -11 -12 12 -14 14 17 24 -18 18 -20 28 -22 22 -24 -25 -26 -27 -28 -29 -30 -31
leaf_value=-0.017334310024391231 0.041488539549451503 0.026457843464279714 -0.0086574197562238869 0.0078588822629558682 0.05187152550418607 -0.0057336960876313604 -0.00043586386778675563 -0.01946133039096137 0.029434887561285553 0.0011918566553000508 0.033322832535957685 0.054486591603841943 0.013837790084917657 -0.071314712651922824 -0.040410065658092437 -0.074305266330371447 -0.024734933883725833 -0.014762316674763014 -0.018495956708434694 0.025921079987192258 0.031884501577414778 0.032282674064238556 -0.07666762021910245 0.0068871450693029001 -0.024872028520502659 0.0015575380586916052 0.0044887716709838691 -0.048203429764203186 -0.022877763389006503 -0.050417778735831864
leaf_weight=44.94108608238772 38.418782300315343 47.711623357965436 3653.6371724197925 2333.3159773365714 22.32108254916966 567.05220324826223 46.604061740162706 20.048456680087838 60.579282637598226 296.67412657305158 17.833177985346993 21.52628145320341 368.95728175696422 10.066644132981308 19.574564373586327 13.580203530844299 76.887722682262392 12.801562259148339 29.275754351401702 36.826036339552957 86.546477879070153 8.4917023065499979 13.563080931286093 117.56070251246638 25.646232508122921 1344.2380748763999 18.845156101295203 43.138318481047129 36.14003259551464 10.4689474480474
leaf_count=157008 325 283 3052896 17248 76 21981 597 99 276 81851 85 83 2083 111 142 81 519 67 157 228 381 42 147 696 154 10867 59926 189839 227 97
internal_value=-0.000846842 0.00483739 -0.00839274 0.00756355 0.00153568 0.000208396 0.0185083 -0.000210046 0.0172766 -0.00791772 -0.00271444 0.00903727 0.0160786 -0.00389333 0.00189358 -0.0108649 -0.00499687 0.00445413 0.0157749 0.00657503 0.0258738 -0.00469292 -0.0347187 0.000135984 -0.0419858 -0.000605666 -0.0259421 -0.032453 -0.00479479 0.00902315
internal_weight=9443.27 5386.04 4057.24 3389.72 665.923 1996.31 85.0228 643.602 80.6277 3950.31 562.974 2723.8 390.484 545.141 297.88 247.261 208.034 287.814 128.624 131.147 99.348 159.19 22.0548 137.135 39.2264 1911.29 106.925 88.0794 83.435 47.295
internal_count=3598572 57052 3541520 23282 3868 33770 922 3792 375 3134747 3417 19414 2166 3332 1743 1589 1354 1632 605 835 448 1027 189 838 235 32848 406773 346847 552 325
is_linear=0
shrinkage=0.05


Tree=136
num_leaves=31
num_cat=0
split_feature=3 0 1 1 8 8 1 0 11 0 7 8 0 1 0 0 11 1 11 8 7 0 1 7 0 0 7 0 7 7
split_gain=166.217 28.795 27.9264 10.5536 13.0981 15.6973 10.0956 9.1618 9.10438 8.81442 8.51743 8.41858 8.38105 8.20726 8.8226 7.8371 7.65213 7.59392 7.27745 10.9933 10.694 10.4922 16.9351 9.82769 9.23288 9.18673 8.80559 8.44036 7.23861 8.0288
threshold=1.0000000180025095e-35 43.5979521188383 0.61655089259147655 0.55500936508178722 7.3786959648132333 6.2176032066345224 0.50884783267974865 43.38945954938027 45.500000000000007 41.502212012397656 4.3630783557891855 10.306982994079592 64.900488853454604 0.38465785980224615 21.961842087002882 62.415248971010449 6.5000000000000009 0.55748349428176891 47.500000000000007 7.1750981807708749 6.3412404060363778 28.330972930911233 0.49188277125358587 4.9593360424041757 30.632001170357402 41.175623627186731 2.7403194904327397 36.785109005326383 5.9441101551055917 5.3205649852752694
decision_type=2 2 2 2 2 2 2 2 2 2 2 2 2 2 2 2 2 2 2 2 2 2 2 2 2 2 2 2 2 2
left_child=1 3 8 4 5 10 9 -5 13 -7 -1 -3 -4 14 28 18 -6 -9 19 -10 21 -20 24 27 -23 26 -26 -24 29 -2
right_child=2 11 12 7 16 6 -8 17 15 -11 -12 -13 -14 -15 -16 -17 -18 -19 20 -21 -22 22 23 -25 25 -27 -28 -29 -30 -31
leaf_value=-0.020399098245582947 -0.013968182402862664 -0.0035841521754458963 0.007529956482428081 -0.0090775916537918777 0.051650702013589844 -0.032878809237806748 -0.063711422960808076 0.11367833219492125 -0.0040025617776339138 0.022285664178180942 0.00080217465626619125 0.012438451084828554 0.016419789885944364 0.0069394347293668807 0.0015170999315808284 -0.047917486114194434 -0.0088087450829442814 -0.060495124607669475 -0.016369174417862408 -0.034154429512202704 0.049915606258750175 0.04418471977782968 -0.030813780616209149 -0.066236656707924293 0.024682442197251873 0.023412809214283375 -0.022065816277297739 0.0070420328822601887 -0.075784508366788905 0.038534939531984259
leaf_weight=175.56732231233369 111.89759063307929 1573.9439759877746 3141.3061329923676 1792.8738229093713 5.3616568628268615 113.19406679690451 25.965628221251023 0.65980590463732269 90.640694373761562 7.7361688190885607 64.877950171999657 86.485629572156995 289.56437868054491 636.92489088872844 754.43091276132054 10.666331989647004 218.98801704983816 12.145670070836784 86.250582631986617 45.357371225662064 10.333991207255165 23.243087602750165 24.618344050992164 8.2713392029108928 14.818376431896466 52.860526278745965 31.456965002587822 36.637205481500132 4.4093488697762941 7.7882958976115324
leaf_count=614520 7122 740367 16623 832105 3042 558463 16995 19 1800 22417 188619 10135 1257 6051 16103 177 549903 6406 3294 1322 176 396 256 107 336 649 772 220 316 349
internal_value=-0.000205161 -0.00781923 0.00556438 -0.0113014 -0.0169776 -0.0225459 -0.0354236 -0.00937859 0.000787502 -0.0293498 -0.0146785 -0.00274959 0.00828026 0.00261797 -0.000515065 -0.00558719 -0.00736385 -0.0515208 -0.00452354 -0.0140587 -2.85634e-05 -0.00188408 0.00462614 -0.0150798 0.0158216 0.00917169 -0.007096 -0.00817206 -0.0128695 -0.0105517
internal_weight=9459.28 4077.8 5381.48 2417.37 611.691 387.341 146.896 1805.68 1950.61 120.93 240.445 1660.43 3430.87 1515.45 878.526 435.155 224.35 12.8055 424.488 135.998 288.49 278.156 191.906 69.5269 122.379 99.1359 46.2753 61.2555 124.095 119.686
internal_count=3600317 3542991 57326 2792489 1953959 1401014 597875 838530 39446 580880 803139 750502 17880 29941 23890 9505 552945 6425 9328 3122 6206 6030 2736 583 2153 1757 1108 476 7787 7471
is_linear=0
shrinkage=0.05


Tree=137
num_leaves=31
num_cat=0
split_feature=3 1 0 0 0 1 11 1 8 0 11 7 7 0 1 8 1 0 9 7 7 8 0 11 7 7 0 7 0 1
split_gain=191.367 28.633 14.9814 12.924 10.0881 9.19672 8.98434 11.1475 11.5168 13.7461 9.57264 9.52662 10.0944 9.07759 10.3926 8.2647 8.11593 13.2365 8.1129 8.07988 7.98278 7.89397 8.17555 15.2699 11.0769 12.7897 9.63066 9.19648 10.5487 7.86386
threshold=1.0000000180025095e-35 0.59991258382797252 19.856720862298975 23.868300213554907 74.568784612602045 0.59237363934516918 31.500000000000004 0.53865098953247081 7.8284282684326181 23.183382987976078 14.500000000000002 3.2769666910171513 3.4811217784881596 19.376967583400987 0.57993400096893322 9.8527731895446795 0.68685591220855724 16.62500206708501 1.0000000180025095e-35 2.2499048709869389 1.4978661537170412 4.610145330429078 41.674093543289935 19.500000000000004 6.0741951465606698 5.6716020107269296 42.722800357609238 4.3372693061828622 44.45104037106649 0.60159459710121166
decision_type=2 2 2 2 2 2 2 2 2 2 2 2 2 2 2 2 2 2 2 2 2 2 2 2 2 2 2 2 2 2
left_child=3 2 -2 6 29 21 7 -1 9 13 -11 -10 -13 16 -15 -8 18 -18 -9 -16 -7 -4 -23 26 25 27 -24 -25 -29 -3
right_child=1 4 5 -5 -6 20 15 8 11 10 -12 12 -14 14 19 -17 17 -19 -20 -21 -22 22 23 24 -26 -27 -28 28 -30 -31
leaf_value=-0.025685675336777333 -0.014856165369353885 0.045689359698659698 0.012169107077204769 -0.0074599509472774777 0.023032959876476508 -0.062944256501977644 -0.026674914934950219 -0.074208885016103746 -0.077738943822382653 0.029089682576362977 -0.075827138805755312 0.060424420324049655 -0.050728416674784241 0.056699145864430638 0.0284359448328773 0.019492635672292095 0.067265223489523046 -0.0832447518069344 0.020565895318423309 -0.0092417763946777646 -0.0095382521942853349 -0.00091964895805353919 0.086384866875500232 -0.00069802490360684017 0.042777379154593384 -0.064203690181871706 0.024622070936036307 -0.017562204734697079 0.025437727412995915 0.0079823932783739272
leaf_weight=64.940083347493498 139.18378706818839 13.882824992280801 204.26922039608053 3636.763044582553 117.46555060234095 7.9016410844924385 192.23023528451355 7.6560213049896806 8.0195827013121761 3.0064981145478651 7.8526626559723809 3.6808861802273878 4.5891955974751681 15.64451404000374 30.232642257990847 10.208590167851524 4.9388250061892895 2.0742896379642843 3.2025935743231742 26.880303549253767 61.118191640853183 963.32338327137313 8.0194045812822861 276.46787624132412 17.997051438353083 7.0257556166325221 29.638534872268792 17.536579768457159 76.400448289772612 3447.4450282867019
leaf_count=293791 8353 115 3258 2627735 492 86 534847 12024 9135 1377 5356 644 3650 3617 11164 18244 1183 2577 1642 15204 453 20947 33 3502 130 135 318 216 739 18403
internal_value=-0.000129523 0.00603123 0.000904199 -0.00838234 0.00862267 0.00221796 -0.0170918 -0.00905372 0.000116757 0.00638076 -0.0467796 -0.0389094 -0.001256 0.0127504 0.0205931 -0.0243468 -0.019178 0.0227484 -0.0462564 0.0107029 -0.0156524 0.00298851 0.00164556 0.00735142 0.00445411 0.00262674 0.0377747 0.00389436 0.0174103 0.00813363
internal_weight=9409.6 5387.68 1808.88 4021.92 3578.79 1669.7 385.157 182.718 117.778 101.488 10.8592 16.2897 8.27008 90.6292 72.7575 202.439 17.8717 7.01311 10.8586 57.1129 69.0198 1600.68 1396.41 433.086 395.428 377.431 37.6579 370.405 93.937 3461.33
internal_count=3599370 57180 38170 3542190 19010 29817 914455 361364 67573 54144 6733 13429 4294 47411 29985 553091 17426 3760 13666 26368 539 29278 26020 5073 4722 4592 351 4457 955 18518
is_linear=0
shrinkage=0.05


Tree=138
num_leaves=31
num_cat=0
split_feature=3 0 0 7 1 8 0 7 12 8 7 1 1 12 12 8 0 7 1 12 7 0 12 7 1 1 8 1 0 12
split_gain=175.28 30.6605 13.5883 12.3683 10.4254 9.4553 12.505 9.20026 9.90627 9.70803 9.57547 8.77884 8.65765 8.58241 10.2306 9.82816 8.5721 8.16035 13.5033 8.1376 18.8616 15.6753 12.9956 12.5468 10.974 11.598 8.93034 18.4529 13.1751 18.5605
threshold=1.0000000180025095e-35 32.006684852156475 54.385770927498022 6.2314648628234872 0.78923356533050548 11.004941463470461 50.935361998883316 4.3241107463836679 158.50000000000003 9.6159057617187518 4.2555875778198251 0.80469611287117015 0.75568625330924999 228.50000000000003 33.500000000000007 11.296005249023439 12.814746206960992 3.9607677459716801 0.75295239686965953 394.50000000000006 4.49422311782837 35.847203636625643 99.500000000000014 4.1510088443756112 0.65848857164382946 0.59423714876174938 6.0991966724395761 0.68779003620147716 38.555312328462612 982.50000000000011
decision_type=2 2 2 2 2 2 2 2 2 2 2 2 2 2 2 2 2 2 2 2 2 2 2 2 2 2 2 2 2 2
left_child=2 4 5 7 -2 16 -7 10 -9 11 13 -10 17 14 -4 -15 -1 -3 19 20 21 -19 -23 -21 25 -22 27 -25 -29 -30
right_child=1 12 3 -5 -6 6 -8 8 9 -11 -12 -13 -14 15 -16 -17 -18 18 -20 23 24 22 -24 26 -26 -27 -28 28 29 -31
leaf_value=-0.042076125545533284 0.00050818116830085483 0.0051099377692590334 -0.075614827845062293 -0.043490534711935341 -0.033025060817001732 0.010128838427986316 -0.098786164436266199 -0.092685249245480411 0.012711787879286238 -0.088127010023828889 -0.070898652943687718 -0.042964704953293437 0.012898581873137901 -0.0060609307872314449 0.013508768897293326 -0.096435186041605211 -0.0095846621771068091 0.027440300531245722 -0.040781489030205335 0.027227030767103567 0.015823022953691861 0.018760885484629675 -0.058757813663115971 0.01231657186317741 0.031549133128436102 -0.048372645971960782 0.013519536019955933 0.021714913366463126 0.014873514256010752 -0.049823355057184958
leaf_weight=20.429672338873388 1582.0632358911462 1940.6487649241462 3.3428280288536589 17.383474175398987 23.522920568473637 85.725427772925741 2.7189918120120629 2.4045840213684633 190.84841462158852 2.5192839284190987 5.3533123179358872 7.3527689241800536 795.53634757768668 412.62621206159145 87.641072936550472 3.0304045578031937 3189.7607566038791 10.170890803216023 12.63836511201225 129.23160104127601 18.728404749104815 6.7499571517109862 27.165771605708869 131.07644860579603 40.772566656029085 11.26942026009783 589.43152634604303 15.072549587115644 15.581912679481318 38.418561520171352
leaf_count=116913 29801 15660 4182 7154 133 32121 991 2015 46253 949 3790 5619 3550 158722 34422 718 3129261 66 70 904 193 26 230 1232 134 73 4754 86 74 225
internal_value=-9.35911e-05 0.00580605 -0.00797914 -0.00181885 1.68965e-05 -0.0093471 0.00678053 -0.000805873 0.00819805 0.0094066 -0.00437803 0.0106463 0.00826341 -0.00367515 0.0102343 -0.00671982 -0.00979144 0.0070289 0.0105881 0.0112162 -0.00133145 -0.0270031 -0.0433299 0.0127847 0.0146608 -0.00829366 0.0104209 0.00129567 -0.0196181 -0.031155
internal_weight=9419.22 5388.08 4031.14 732.502 1605.59 3298.63 88.4444 715.119 203.125 200.72 511.994 198.201 3782.49 506.641 90.9839 415.657 3210.19 2986.96 1046.31 1033.67 114.857 44.0866 33.9157 918.813 70.7704 29.9978 789.581 200.149 69.073 54.0005
internal_count=3600321 57211 3543110 263824 29934 3279286 33112 256670 54836 52821 201834 51872 27277 198044 38604 159440 3246174 23727 8067 7997 722 322 256 7275 400 266 6371 1617 385 299
is_linear=0
shrinkage=0.05


Tree=139
num_leaves=31
num_cat=0
split_feature=3 0 0 1 1 0 1 7 8 12 8 8 12 1 8 0 12 7 0 1 7 7 1 12 12 7 12 1 1 1
split_gain=166.15 27.0776 20.6435 11.5999 10.3178 9.94519 9.66791 10.1987 10.0099 14.8209 12.7263 13.32 12.5197 14.9897 18.4294 13.8425 13.6617 12.6712 12.1291 14.5395 12.1201 11.7703 14.2997 11.9645 11.4264 11.0477 13.615 11.6343 17.8601 12.6143
threshold=1.0000000180025095e-35 40.713683310226777 32.155248604922242 0.74940919876098644 0.49824166297912603 20.486215531826023 0.78118044137954723 5.8930234909057626 7.0913259983062753 3961.5000000000005 6.7906594276428232 6.2176032066345224 196.50000000000003 0.57773616909980785 8.2941746711730975 30.109389814177124 2324.5000000000005 3.7726949453353886 29.186132404982349 0.77306294441223156 3.2769666910171513 3.0677825212478642 0.68873161077499401 858.50000000000011 1142.5000000000002 2.9174053668975835 504.50000000000006 0.70591700077056896 0.69408443570137035 0.62120485305786144
decision_type=2 2 2 2 2 2 2 2 2 2 2 2 2 2 2 2 2 2 2 2 2 2 2 2 2 2 2 2 2 2
left_child=2 -2 4 -3 5 -1 8 -8 10 12 11 -6 20 14 -14 18 -16 21 24 -20 -10 22 -17 -23 -15 26 -12 28 29 -28
right_child=1 3 -4 -5 6 -7 7 -9 9 -11 25 -13 13 15 16 17 -18 -19 19 -21 -22 23 -24 -25 -26 -27 27 -29 -30 -31
leaf_value=-0.03608702701094104 0.0026977374905525296 0.0077137617979603675 -0.0051147817721622245 0.015408625209006876 -0.0075187066813155352 -0.015336516566459776 -0.062240088507682201 0.038211669298567015 -0.01598303980495409 0.024288988898470375 -0.047757411328093309 -0.040391130635107936 -0.038905184577216152 -0.046462255010590703 0.026744783378117139 -0.065487615785628811 -0.075199824556215114 -0.049987199978195326 -0.084371009827754528 0.040568351049624057 0.031142192714135639 -0.081093550931044409 0.011136400675577092 0.042255548877939503 -0.01798509401233998 0.014961075231384457 0.017164952834772058 -0.077746267437621835 0.082173680295370241 -0.058791060913621289
leaf_weight=80.909759723607976 2905.9942100931567 1783.124937754782 2821.1563778857058 675.24054911868006 343.1292549054254 201.66090718545036 15.63884967822287 3.0137271699386465 33.910170643981019 21.483560893214417 18.159475762625391 33.856998523397692 21.476873536412967 64.151284321985429 38.437187490450157 10.148958231218787 3.5936210595991716 14.213481963944103 20.280279725526274 2.6306335518238475 22.829535983184144 2.1780560477691351 15.220372160947589 20.1830276915789 78.122537035096684 113.7729741156412 18.617306656229179 3.8229131562293324 7.5310564814517411 7.7380452686383014
leaf_count=490339 41881 12379 1723232 2968 183466 850472 19776 585 17682 6468 16209 29926 15061 46560 9835 5494 2010 6744 10121 259 4653 1655 4953 2585 37597 37500 7289 4200 1206 6912
internal_value=0.000198434 0.00596506 -0.00746261 0.00982731 -0.0129064 -0.0212781 -0.0103741 -0.0460099 -0.00964802 -0.0160127 -0.00535322 -0.010471 -0.0185051 -0.0226992 -0.00122516 -0.0287036 0.0180286 -0.00854652 -0.0362624 -0.0700255 0.00297806 0.00379397 -0.0195169 0.0302409 -0.0308254 0.00601969 -0.0121888 0.00493975 0.014268 -0.00513606
internal_weight=9402.23 5364.36 4037.87 2458.37 1216.71 282.571 934.14 18.6526 915.488 368.86 546.628 376.986 347.376 290.636 63.5077 227.129 42.0308 61.9439 165.185 22.9109 56.7397 47.7304 25.3693 22.3611 142.274 169.642 55.8688 37.7093 33.8864 26.3554
internal_count=3600017 57228 3542789 15347 1819557 1340811 478746 20361 458385 171677 286708 213392 165209 142874 26906 115968 11845 21431 94537 10380 22335 14687 10447 4240 84157 73316 35816 19607 15407 14201
is_linear=0
shrinkage=0.05


Tree=140
num_leaves=31
num_cat=0
split_feature=3 1 1 7 0 0 1 8 7 0 1 1 7 7 0 7 7 1 1 1 1 11 12 8 8 11 1 0 1 8
split_gain=151.598 30.4069 19.5484 17.9778 13.7954 13.3988 15.2531 30.6616 19.2443 13.3104 13.1487 12.2062 11.9908 12.1202 11.0434 10.6422 10.6004 16.7269 10.5807 11.5776 11.1807 19.3974 18.7635 10.8801 10.4397 26.3015 11.241 11.5364 10.368 12.5293
threshold=1.0000000180025095e-35 0.41471430659294134 0.72924405336380016 3.0677825212478642 62.415248971010449 38.744354157715868 0.72401472926139843 7.1344885826110849 4.3757371902465829 47.420325374063403 0.73176342248916637 0.72571015357971203 2.1383330821990971 2.6735538244247441 46.64361182026915 2.9174053668975835 2.8029010295867924 0.83669582009315502 0.51851350069046032 0.70345124602317821 0.69667294621467601 24.500000000000004 1909.5000000000002 8.5174932479858416 6.2156071662902841 44.500000000000007 0.72829443216323864 38.371809956661316 0.74510830640792858 5.6767477989196786
decision_type=2 2 2 2 2 2 2 2 2 2 2 2 2 2 2 2 2 2 2 2 2 2 2 2 2 2 2 2 2 2
left_child=2 -2 5 4 10 18 -7 8 -8 14 -4 -10 28 -14 -3 -6 -12 -18 -1 20 -20 -22 23 -23 25 -21 27 -26 -11 -30
right_child=1 9 3 -5 15 6 7 -9 11 12 16 -13 13 -15 -16 -17 17 -19 19 24 21 22 -24 -25 26 -27 -28 -29 29 -31
leaf_value=-0.019127404935066969 -0.0015060249519492494 0.0062993883071870791 -0.067711462482907922 0.0036640326110173958 0.012153689065533737 -0.0043887100203366591 -0.049639783197473017 -0.097534345518355825 -0.098499765223123203 -0.0035192456186200899 -0.0086418039226445996 0.044958626770170408 0.027735398018907627 0.012245749340781785 -0.014754654742487265 -0.079245130968414859 -0.047260252518930734 0.055766784889296796 -0.0093499692259527943 -0.081795604482367681 -0.055099291566661185 0.038340539825695942 -0.051917207846359864 -0.079107648286202259 -0.024553694419885492 0.0085340908998574865 0.041416413238563966 0.04059160836532421 -0.017749737688672822 0.023107269840245043
leaf_weight=413.47751127136689 1114.6732682038946 2773.9126694383995 10.745717214884278 686.10232945464304 85.148985016252482 1252.1899401022565 13.962321211647579 13.366376480995312 1.6502895232515609 202.21295260082479 328.6387968100762 14.605026972971244 146.80723390837375 903.61776917831048 63.714029206599662 3.3086225053830267 35.656268017864022 4.42894650148446 978.45902534678783 21.055009665687976 9.3322760564800529 48.180834034760665 7.3661906140014244 2.0560213826756799 97.632381959806025 13.055425523952179 8.0143658527849748 7.3042990362755509 23.348549109490705 95.572866344946306
leaf_count=1699928 31575 18851 7312 246890 16358 805701 8058 5612 895 1092 173361 1839 644 4163 401 1504 25088 1238 433952 20983 6800 12512 4343 1427 58562 6531 2096 1410 101 425
internal_value=0.000288758 0.00583688 -0.00699412 -0.00148973 -0.00904648 -0.00918326 -0.00540079 -0.0344782 -0.00658615 0.00778143 -0.0131915 0.0303943 0.0118257 0.0144106 0.00582666 0.00873505 -0.0116026 -0.035877 -0.0122352 -0.00984537 -0.00799752 0.0117725 0.0226064 0.0335338 -0.0229809 -0.0472228 -0.01566 -0.0200191 0.00337043 0.0150856
internal_weight=9379.6 5323.86 4055.74 1154.03 467.927 2901.71 1295.77 43.584 30.2176 4209.19 379.47 16.2553 1371.56 1050.43 2837.63 88.4576 368.724 40.0852 1605.93 1192.46 1045.39 66.9353 57.603 50.2369 147.061 34.1104 112.951 104.937 321.134 118.921
internal_count=3599652 57252 3542400 471751 224861 3070649 822105 16404 10792 25677 206999 2734 6425 4807 19252 17862 199687 26326 2248544 548616 459034 25082 18282 13939 89582 27514 62068 59972 1618 526
is_linear=0
shrinkage=0.05


Tree=141
num_leaves=31
num_cat=0
split_feature=0 0 1 1 0 0 0 8 1 1 0 8 5 5 5 1 1 0 1 0 7 8 7 7 8 8 11 0 7 1
split_gain=50.378 16.7047 12.2771 16.6829 10.1936 9.2469 8.51923 11.8285 17.5895 8.38891 8.89855 12.0893 10.1366 8.99004 8.18154 7.97373 10.9546 7.88604 9.45703 7.72211 7.61466 15.5735 12.2961 10.4566 9.38513 12.8024 11.1198 8.62352 10.1981 9.89059
threshold=42.492732186608926 19.856720862298975 0.74510830640792858 0.74419632554054271 63.50759748686324 10.815831422805788 80.345281651647397 6.908255100250245 0.76572591066360485 0.80469611287117015 40.865167200565345 1.0000000180025095e-35 4.9508483409881601 4.9729943275451669 4.0067567825317392 0.79059541225433361 0.7947663962841035 42.944717935395609 0.7417249083518983 56.044703862258764 4.5900437831878671 5.8593597412109384 4.4716224670410165 7.2737860679626474 10.306982994079592 6.9092540740966806 17.500000000000004 44.45104037106649 5.3107368946075448 0.63513842225074779
decision_type=2 2 2 2 2 2 2 2 2 2 2 2 2 2 2 2 2 2 2 2 2 2 2 2 2 2 2 2 2 2
left_child=1 5 3 17 -5 -1 -4 8 -8 15 12 -12 -11 -14 -7 -3 -17 18 -2 20 22 -22 -19 24 25 26 -23 -27 -29 -30
right_child=2 9 6 4 -6 14 7 -9 -10 10 11 -13 13 -15 -16 16 -18 19 -20 -21 21 23 -24 -25 -26 27 -28 28 29 -31
leaf_value=-0.050703368801827409 0.017548648449715019 -0.0025834925830099551 0.0074537267970095399 -0.078514428999174699 0.020103341209375711 -0.040140375607506169 0.049430827245809113 0.04520280265339427 -0.059407159777956076 0.032869811809393808 0.077441646000148578 -0.055201132631039533 -0.092596074918964946 0.0049780573346986162 -0.0099166467618466078 -0.051923608227970812 -0.0072508020927549337 -0.00090840012183784858 -0.10050612725387015 0.0059117192152238485 -0.015724202469530473 -0.09195987811977982 -0.030733121732400687 -0.058383054785090621 0.049409103978452683 0.02381033910005351 0.020536549910994541 0.0038707820186132309 0.0010117190544595303 -0.051374024075350147
leaf_weight=16.780815539572586 108.24046475605201 4890.5182709338596 1226.579442865132 10.082473324935561 3.5404828167556834 24.494137117075184 6.9994488982483727 33.697047637095238 7.9042928596390993 47.422221475035258 2.11679785076194 9.1134274550695391 2.5103756010448697 39.580804275718037 260.81339330154049 19.116234423163405 48.641642456339468 1288.1069276709386 1.7234077396551573 851.00910293636707 65.979754004190909 2.2259692064262699 35.511250344124619 5.3346831287044543 16.079181073873769 25.152528022227671 166.78206043587807 58.789512829166597 15.414912029555579 21.686005175462924
leaf_count=92571 23107 2202553 198231 2164 306 44237 290 2067 1439 9594 461 4561 1277 14511 374540 7556 15871 355891 195 155355 21113 989 9739 2026 1130 4365 32717 12864 5520 2679
internal_value=-5.42067e-05 -0.0032113 0.00422983 0.00230566 -0.0528846 -0.0146329 0.00826723 0.0287983 -0.00829208 -0.00252928 0.0117546 -0.0301991 0.0170181 -0.000841398 -0.0125114 -0.00281951 -0.0198541 0.0025881 0.0156984 0.0020232 7.78418e-05 0.00634239 -0.00170857 0.0110169 0.0122263 0.010165 0.0190549 -0.00224755 -0.00908266 -0.0296085
internal_weight=9311.95 5361.11 3950.84 2675.66 13.623 302.088 1275.18 48.6008 14.9037 5059.02 100.744 11.2302 89.5134 42.0912 285.308 4958.28 67.7579 2662.04 109.964 2552.07 1701.06 377.445 1323.62 311.465 306.13 290.051 169.008 121.043 95.8904 37.1009
internal_count=3599919 2767732 832187 630160 2470 511348 202027 3796 1729 2256384 30404 5022 25382 15788 418777 2225980 23427 627690 23302 604388 449033 83403 365630 62290 60264 59134 33706 25428 21063 8199
is_linear=0
shrinkage=0.05


Tree=142
num_leaves=31
num_cat=0
split_feature=3 0 1 0 1 0 12 11 1 7 11 11 1 12 1 1 1 12 1 12 0 0 1 7 7 7 11 0 0 7
split_gain=194.171 33.5688 25.0562 15.5162 12.1523 8.0281 8.35176 11.7113 11.3234 10.2824 12.0779 13.3748 11.8509 11.7496 10.9574 8.35857 8.32788 8.0444 7.90573 7.6856 13.7163 11.4739 14.285 11.409 10.3962 8.71986 8.00552 7.86663 12.9131 7.67136
threshold=1.0000000180025095e-35 33.862063407897956 0.68685591220855724 14.127173628439779 0.41471430659294134 27.381498787584864 2860.5000000000005 30.500000000000004 0.68237715959548961 1.2424533367156985 27.500000000000004 25.500000000000004 0.63513842225074779 2324.5000000000005 0.63385272026062023 0.68320029973983776 1.0000000180025095e-35 927.50000000000011 0.68594416975975048 1217.5000000000002 61.419888893899049 68.993868182074962 0.64529997110366832 6.367328643798829 3.4498615264892583 4.5163240432739267 32.500000000000007 60.438021918220336 62.415248971010449 3.4811217784881596
decision_type=2 2 2 2 2 2 2 2 2 2 2 2 2 2 2 2 2 2 2 2 2 2 2 2 2 2 2 2 2 2
left_child=2 4 3 -1 -2 29 7 9 -8 10 11 12 14 -11 -7 16 -15 -13 19 26 23 -22 24 -21 -23 -26 27 -9 -29 -5
right_child=1 -3 -4 5 -6 6 8 18 -10 13 -12 17 -14 15 -16 -17 -18 -19 -20 20 21 22 -24 -25 25 -27 -28 28 -30 -31
leaf_value=-0.049575137332375438 -0.0050252886412930631 0.0094360140752982758 -0.0038118931218358481 -0.012301318722065174 0.0037527280465806719 -0.021438371099002554 0.0020007123098262822 -0.04077634100281053 -0.087039968870603293 -0.00093225950105327293 -0.076435391178070522 -0.012650685839253462 -0.068624306385425174 0.03185377488612072 0.07667263405815905 0.083182835238132163 -0.088972442313991859 0.059907949449683112 -0.081458317504407754 -0.015582043324579416 -0.090646748048976544 -0.088079772097319833 -0.096006955054590656 -0.07945909445794283 0.063273014276286635 -0.090052579920584366 -0.0085338368430655041 0.10909565813930483 -0.085300692403194434 -0.025539056092244706
leaf_weight=26.773391267617626 560.70336841030257 3456.7105491227449 1856.2557175128527 311.31647409021775 1328.4059225193441 31.429139525123901 185.31123613868795 32.384792177600332 3.6407472688406406 444.83588431794078 9.0787877039005007 7.197938662135356 12.957468030171865 1.7308533603113563 3.1291917103262668 1.0124397681138351 8.0998004941484378 8.1396020112656498 4.3625293381483052 340.65844231820404 11.925699941868972 2.0257512649341134 4.5725928663123332 7.1367980228703791 6.1327096073978282 1.0924902954084244 502.52287958238611 2.2913683073838906 1.3620833349527854 168.77415255204187
leaf_count=159768 22228 24538 742688 651604 10418 54373 151849 49827 2206 391506 15606 7495 7377 9165 136 132 3288 2429 2371 325964 8663 3307 1116 10234 1632 1140 516865 420 2279 420186
internal_value=0.000274542 0.00650696 -0.00806282 -0.0117503 0.00114734 -0.0112711 -0.00960005 -0.0108935 0.000285067 -0.00495904 -0.0225273 -0.0147406 -0.0278447 -0.00218577 -0.0125546 -0.0536108 -0.0676989 0.025856 -0.0143099 -0.0139888 -0.0194998 -0.0547123 -0.0237114 -0.0168928 0.0120232 0.0400893 -0.0101663 -0.0329301 0.0366206 -0.016955
internal_weight=9341.97 5345.82 3996.15 2139.9 1889.11 2113.12 1633.03 1444.08 188.952 527.611 71.9321 62.8533 47.5158 455.679 34.5583 10.8431 9.83065 15.3375 916.468 912.106 373.544 25.7492 13.8235 347.795 9.25095 7.2252 538.561 36.0382 3.65345 480.091
internal_count=3600810 57184 3543626 2800938 32646 2641170 1569380 1415325 154055 491507 87416 71810 61886 404091 54509 12585 12453 9924 923818 921447 352056 15858 7195 336198 6079 2772 569391 52526 2699 1071790
is_linear=0
shrinkage=0.05


Tree=143
num_leaves=31
num_cat=0
split_feature=3 1 1 7 1 12 11 5 1 11 1 11 7 7 1 5 12 12 5 11 7 1 12 1 12 12 1 12 7 1
split_gain=144.125 17.5342 15.0123 10.9135 8.03503 13.9325 11.5174 9.83567 8.28 8.16075 7.39015 7.13851 16.7593 6.7427 8.50916 8.10154 8.65732 10.2119 10.062 8.37138 9.04861 7.68603 7.16244 6.86813 14.8848 7.59334 6.78197 11.5253 9.79911 7.05903
threshold=1.0000000180025095e-35 0.38465785980224615 0.69408443570137035 6.8416149616241464 0.73516836762428295 2225.5000000000005 49.500000000000007 4.9867637157440194 0.74340617656707775 12.500000000000002 0.69502258300781261 47.500000000000007 3.3497501611709599 4.135134458541871 0.73767861723899852 4.6925911903381357 1909.5000000000002 2083.5000000000005 4.8462793827056894 42.500000000000007 4.5798392295837411 0.76669952273368847 1028.5000000000002 0.75568625330924999 1269.5000000000002 438.50000000000006 0.77306294441223156 557.50000000000011 4.9593360424041757 0.7838180959224702
decision_type=2 2 2 2 2 2 2 2 2 2 2 2 2 2 2 2 2 2 2 2 2 2 2 2 2 2 2 2 2 2
left_child=2 -2 3 -1 9 6 13 8 -7 10 -3 12 -9 -6 -15 -16 18 -18 22 23 -21 -22 -17 24 25 -20 -25 28 -28 -29
right_child=1 4 -4 -5 5 7 -8 11 -10 -11 -12 -13 -14 14 15 16 17 -19 19 20 21 -23 -24 26 -26 -27 27 29 -30 -31
leaf_value=-0.0093494275541378593 7.6330114748041048e-06 0.030751074023372255 -0.0034210300417969065 -0.058747133959620182 0.0043730732669476071 0.057657729969342111 0.032430093358843719 -0.037204350234608934 0.024866587609167976 0.0052756041884677377 -0.0032290741614696577 0.035902173149482443 0.02073956772788783 0.050848384229979171 0.042677161189655088 -0.050993843961731844 -0.050729219051656928 0.016134504516969957 0.011210003005726474 -0.031316569555962404 0.038288533752727533 -0.011559997363732546 0.0074511201865613275 0.042167688697930597 0.052123463908130156 -0.049745432693268941 -0.041182765960157595 -0.0014253655523810435 0.020386507532874146 0.040849158352137434
leaf_weight=2273.4534915748632 1090.6668268634057 58.328445908351569 1732.8545144470841 11.236469024493088 692.12507252593241 23.585109708830714 46.754244590352755 20.248158987662464 104.76422756992361 2863.2760465121592 22.049532385775819 16.8322980243247 32.523185564023152 14.507991429405591 19.356706086546183 10.171219537034633 12.474923598834723 10.530803673212175 8.9228314239298978 17.54585980984848 15.634748477488758 15.300119910389183 10.817119753446603 43.964438686129142 9.3837245467439043 11.953774083391179 12.656592924569852 12.957761334488167 13.204918653196726 41.503711693032528
leaf_count=2818197 31319 358 698686 25865 3488 81 182 162 457 19503 112 77 132 55 80 68 70 49 35 91 62 73 51 161 55 85 66 62 48 156
internal_value=0.00019789 0.00565078 -0.00693054 -0.00959237 0.0071298 0.0105458 0.00818942 0.0226847 0.0308922 0.0057167 0.0214295 0.00755008 -0.00149329 0.00702463 0.0135583 0.0115273 0.00908639 -0.0201225 0.012086 0.0154931 -0.00263432 0.0136339 -0.0208721 0.0211796 -0.000182036 -0.0236926 0.0263805 0.0177395 -0.00974542 0.030791
internal_weight=9269.58 5252.04 4017.54 2284.69 4161.37 1217.72 1019.77 197.953 128.349 2943.65 80.378 69.6036 52.7713 973.012 280.887 266.379 247.023 23.0057 224.017 203.028 48.4807 30.9349 20.9883 154.548 30.2603 20.8766 124.287 80.323 25.8615 54.4615
internal_count=3599886 57138 3542748 2844062 25819 5846 4937 909 538 19973 470 371 294 4755 1267 1212 1132 119 1013 894 226 135 119 668 175 120 493 332 114 218
is_linear=0
shrinkage=0.05


Tree=144
num_leaves=31
num_cat=0
split_feature=3 1 0 0 0 0 12 11 7 5 5 0 1 5 7 12 0 7 0 0 5 12 11 5 7 1 11 12 7 11
split_gain=181.736 29.4805 26.8756 10.8482 10.2027 8.69188 8.16876 9.84489 7.81659 7.4928 7.37118 9.41733 18.792 10.6787 7.1661 7.09295 7.08738 6.91189 6.90346 7.87624 9.36724 8.1942 7.38667 17.5507 10.9484 7.29822 8.84311 7.51154 7.08983 15.9601
threshold=1.0000000180025095e-35 0.64286693930625927 45.381685110362021 19.856720862298975 41.01843373759403 74.568784612602045 3961.5000000000005 48.500000000000007 6.8416149616241464 4.9756255149841317 4.9649465084075937 16.824982268939497 0.5423724651336671 4.9643077850341806 6.8139936923980722 1743.5000000000002 18.280841882871758 2.3502402305603032 31.180725687620001 30.366698898320468 4.9386882781982431 2682.5000000000005 41.500000000000007 4.9495909214019784 3.7726949453353886 0.7192974090576173 45.500000000000007 724.50000000000011 3.6242519617080693 22.500000000000004
decision_type=2 2 2 2 2 2 2 2 2 2 2 2 2 2 2 2 2 2 2 2 2 2 2 2 2 2 2 2 2 2
left_child=2 4 3 10 -2 16 -6 9 14 -8 11 12 -1 -13 -5 -16 -3 -12 19 21 -21 22 28 24 -24 26 27 -25 -18 -30
right_child=1 5 -4 8 6 -7 7 -9 -10 -11 17 13 -14 -15 15 -17 18 -19 -20 20 -22 -23 23 25 -26 -27 -28 -29 29 -31
leaf_value=-0.031784684438346027 -0.00057997832338070739 0.046884381606152783 -0.0027431478545144245 -0.010497220491467013 0.0078676103997757287 0.023413373604529747 -0.07436799160762167 0.025337749081935743 -0.046586616877774385 -0.013217820903309002 -0.018432483245935358 -0.041931187641759939 0.03801023186879237 0.38523692604038184 0.047153544967352884 -0.091115229382754792 -0.0020649717522389895 -0.051075992320153266 0.0097096209029996251 0.0096767389349305209 -0.033089246057587222 -0.014712308511218429 0.017677367531686219 0.030731384052590141 -0.032758446406080562 0.051966104485540655 0.035762536938758908 -0.038581120070945954 0.038631041811404997 -0.0013600202557143238
leaf_weight=19.972040890470794 1560.2449246118967 12.112879038788376 1440.8682934937774 2373.4221331620611 661.78691898670149 104.23992065138009 8.3419135219301133 8.8267858005128783 14.951804854075361 12.539693281520158 28.378880762467617 21.846099625933281 18.649871050823748 0.14729207655875498 8.7180623193294178 1.0379360320530384 200.7785478275182 37.83569070418929 2363.2313014709307 22.182115635885566 30.286892372561852 45.689067893181345 21.580705019034212 6.6781506212428239 21.459810627275147 29.435053940862417 31.286241806097678 9.4259899623721122 40.404746586995316 65.220837738401315
leaf_count=119284 34507 96 639186 2378315 6754 442 159 77 21593 134 112908 95733 7232 264 494 1387 1108 166868 12070 117 224 296 140 34 132 118 169 82 158 410
internal_value=-0.000111408 0.00598588 -0.0081919 -0.0113012 0.00166063 0.009228 0.00671619 -0.018933 -0.0105475 -0.0376465 -0.0255523 -0.012954 0.00191811 -0.0390704 -0.0103214 0.0324432 0.00871807 -0.0370853 0.00855797 0.00336829 -0.0150092 0.00541137 0.0075683 0.0180916 -0.00746971 0.032412 0.0202665 -0.00983824 0.00345156 0.0139377
internal_weight=9221.58 5255.75 3965.83 2524.96 2251.74 3004.01 691.495 29.7084 2398.13 20.8816 126.83 60.6153 38.6219 21.9934 2383.18 9.756 2899.77 66.2146 2887.66 524.428 52.469 471.959 426.27 119.866 43.0405 76.8254 47.3904 16.1041 306.404 105.626
internal_count=3600491 57227 3543264 2904078 41631 15596 7124 370 2401789 293 502289 222513 126516 95997 2380196 1881 15154 279776 15058 2988 341 2647 2351 675 272 403 285 116 1676 568
is_linear=0
shrinkage=0.05


Tree=145
num_leaves=31
num_cat=0
split_feature=3 0 0 1 11 1 7 0 1 1 7 5 7 7 0 7 7 11 5 0 5 7 0 0 0 0 7 0 1 11
split_gain=140.964 34.8272 22.2049 19.7948 12.5593 11.8272 11.6782 9.8604 9.51063 10.3031 8.33226 15.642 15.2091 8.9705 7.93324 8.83574 8.53338 7.87495 14.1675 15.6888 12.7533 10.82 8.52345 7.99279 7.90174 10.4455 7.63212 17.5467 7.94804 7.48815
threshold=1.0000000180025095e-35 42.492732186608926 25.219624345434571 0.58845719695091259 36.500000000000007 0.59237363934516918 6.3162615299224862 20.336688995361332 0.7635781764984132 0.51851350069046032 4.9732735157012948 4.9473793506622323 5.7413980960845956 5.3775877952575692 61.419888893899049 3.6242519617080693 6.5005383491516122 46.500000000000007 4.6925911903381357 51.6733770379251 4.3229064941406259 1.2424533367156985 39.623540163040168 47.976722137740587 33.601011854378164 30.366698898320468 3.6762205362319951 36.153187875963347 0.57068943977355968 47.500000000000007
decision_type=2 2 2 2 2 2 2 2 2 2 2 2 2 2 2 2 2 2 2 2 2 2 2 2 2 2 2 2 2 2
left_child=2 3 8 7 6 -5 10 -2 9 -1 -3 12 13 -12 15 17 -16 -4 19 20 21 22 24 -24 25 -19 27 28 -17 -20
right_child=1 4 14 5 -6 -7 -8 -9 -10 -11 11 -13 -14 -15 16 26 -18 18 29 -21 -22 -23 23 -25 -26 -27 -28 -29 -30 -31
leaf_value=-0.02646051315464501 -0.01500348990564193 0.013240255621831133 -0.0073834647313130762 0.036301140934363464 0.0066322291137708642 0.0048630961498965465 -0.03747955108975775 -0.0011719103416561599 -0.08784667597136539 -0.010799332765271126 -0.00066469228240912878 0.041755285859152669 0.049406905364628828 -0.065108472866077835 0.0016031020560130435 -0.041287583767369337 -0.082841016144091284 -0.072160235811488546 -0.047042251900143946 -0.082671709822588341 0.030218105390172001 -0.075337187400344063 0.035956158126110402 -0.08292150442992538 -0.079665107049325057 0.033370728771759721 -0.0040502529534447952 -0.019558055942253932 0.0502840664224306 -0.020095523022278017
leaf_weight=164.64331237800843 146.89378629754356 973.09915721507241 1540.3688808062393 30.414968646058696 1100.0538924614402 1825.008729789196 10.824030569259774 1049.0923448616222 4.7155432622994331 289.9773664747172 19.711187975946817 70.917742449622892 11.933033654931931 7.4375866203627075 410.65568079196237 2.6130468457708984 3.0136853493627305 3.5763280335795589 32.026822740668649 5.221184918277685 32.241438173002507 5.8234525985844803 14.480184672031102 1.5669741839938058 4.9630992350189436 6.809406602353647 1300.4622144999651 19.983472077271017 25.43601787609623 132.20225536227736
leaf_count=867712 8789 5767 1225168 200 7164 11321 94 23294 7145 193626 135 303 66 72 121458 9515 1827 6655 36840 4755 17412 9991 5659 1515 5811 3575 865169 15605 4694 139226
internal_value=0.000208176 0.00559988 -0.00686084 0.00214521 0.0104047 0.00537844 0.0141983 -0.00287074 -0.0172039 -0.0164711 0.0147147 0.0277584 0.00235973 -0.0183195 -0.00551932 -0.00637995 0.000987905 -0.00869348 -0.0171398 0.000915945 0.007199 -0.0127414 -0.00113084 0.024348 -0.0277689 -0.00296886 -0.00332734 0.0162453 0.0417533 -0.0253505
internal_weight=9246.17 5245.39 4000.78 3051.41 2193.98 1855.42 1093.92 1195.99 459.336 454.621 1083.1 110 39.0818 27.1488 3541.44 3127.77 413.669 1779.28 238.911 74.6821 69.4609 37.2194 31.396 16.0472 15.3488 10.3857 1348.49 48.0325 28.0491 164.229
internal_count=3600563 57205 3543358 43604 13601 11521 6437 32083 1068483 1061338 6343 576 273 207 2474875 2351590 123285 1456607 231439 55373 50618 33206 23215 7174 16041 10230 894983 29814 14209 176066
is_linear=0
shrinkage=0.05


Tree=146
num_leaves=31
num_cat=0
split_feature=3 0 0 1 1 8 1 5 5 5 9 0 11 10 0 0 8 0 1 1 1 0 8 0 8 11 11 6 5 8
split_gain=130.997 22.2033 17.0561 9.05371 9.73231 26.9814 11.1344 10.5687 8.97179 10.5623 11.8369 8.87441 8.8121 10.7358 8.51829 8.16162 7.82196 12.0524 9.48265 13.809 11.0619 9.40648 8.21655 8.10035 7.61424 7.2908 8.10213 7.8235 7.01725 7.9138
threshold=1.0000000180025095e-35 37.482618228146755 47.420325374063403 0.7401108741760255 0.73342257738113414 7.6011524200439462 0.73092478513717662 4.9565844535827646 4.8606166839599618 4.6925911903381357 1.0000000180025095e-35 23.071815669536594 17.500000000000004 1.0000000180025095e-35 80.345281651647397 68.993868182074962 6.8029501438140878 63.50759748686324 0.76975703239440929 0.71100652217865001 0.65734627842903148 46.895438649011346 1.0000000180025095e-35 58.677237779193099 7.3514776229858407 43.500000000000007 22.500000000000004 1.0000000180025095e-35 4.8948321342468271 7.910548448562623
decision_type=2 2 2 2 2 2 2 2 2 2 2 2 2 2 2 2 2 2 2 2 2 2 2 2 2 2 2 2 2 2
left_child=1 11 3 4 6 7 -2 -6 9 10 25 -1 13 16 -4 -14 18 -18 19 20 22 -21 -3 -24 -10 26 -5 -28 -26 -30
right_child=2 12 14 8 5 -7 -8 -9 24 -11 -12 -13 15 -15 -16 -17 17 -19 -20 21 -22 -23 23 -25 28 -27 27 -29 29 -31
leaf_value=-0.018548865694677012 0.0027871292238817133 0.040941584301212509 0.009187787172428968 0.018051522061315165 -0.0094780959158968937 0.030660569863883443 0.031116362781334696 -0.053114785048260407 0.017432230055175451 -0.0183950303090878 0.051155422282151947 -0.009106691281246455 -0.0050869344562289543 0.057779539145430929 0.026682745052381482 0.0056293138782843311 0.015432896657473744 -0.11498762356899027 -0.06782940056933888 -0.025263068063859157 -0.08600860272665603 0.045833629335512271 -0.064213245742298225 0.028744038922983047 0.041401290483161657 0.027246110665253398 -0.0067267158168659415 -0.060183135324649251 -0.020843911241373435 0.00746457822724536
leaf_weight=300.66769328377814 3026.8171772148544 5.5388426129584394 1421.4397361684278 17.185169035445142 25.291136054787785 23.240859595895017 35.086708228536736 30.742105948738754 300.85667931912485 55.898041716094667 14.292077565132784 1443.8865418923288 1896.887358924027 10.184346412549528 73.158079404965974 196.03945287971737 95.990723624566272 1.8047218411397796 6.4348133491621402 6.5936044597092431 6.4225311283098554 15.80152180303048 7.2304066767387649 3.4674604969713982 11.038089515646787 18.953735194773799 20.167750103533763 10.36068248562515 33.830733507056721 91.35707222124438
leaf_count=831761 44531 3811 8511 77 133 131 175 174 1360 328 84 1490015 1077916 1644 459 53185 40332 1374 9072 4332 4649 3014 20461 1662 49 86 128 63 226 492
internal_value=0.000309555 -0.00649959 0.00553361 0.00371902 0.00266394 -0.0146327 0.00311176 -0.033419 0.00949346 -0.00167836 0.00986359 -0.010734 -0.0032199 0.00811001 0.0100441 -0.00408317 0.00472151 0.0130261 -0.0110518 -0.00294259 -0.0304619 0.0249012 -0.00849002 -0.0340833 0.0129915 0.00101148 -0.00940995 -0.0248687 0.00318418 -0.000185504
internal_weight=9206.67 3996.95 5209.72 3715.12 3141.18 79.2741 3061.9 56.0332 573.94 136.857 80.9594 1744.55 2252.4 159.469 1494.6 2092.93 149.285 97.7954 51.4892 45.0544 22.6592 22.3951 16.2367 10.6979 437.083 66.6673 47.7136 30.5284 136.226 125.188
internal_count=3600235 3543228 57007 48037 45144 438 44706 307 2893 766 438 2321776 1221452 90351 8970 1131101 88707 41706 47001 37929 30583 7346 25934 22123 2127 354 268 191 767 718
is_linear=0
shrinkage=0.05


Tree=147
num_leaves=31
num_cat=0
split_feature=3 0 0 7 11 7 0 11 1 1 7 1 7 11 7 1 1 5 5 5 0 11 1 11 11 7 7 0 11 7
split_gain=135.167 23.1 16.6833 12.5447 10.7852 10.3343 10.8109 9.91593 13.15 17.587 9.32617 9.15833 11.0134 9.38773 8.83197 16.2601 8.38826 15.2061 12.3656 8.29753 8.47914 11.897 8.00592 10.6311 15.3544 9.69275 11.7157 11.5362 8.92621 8.39513
threshold=1.0000000180025095e-35 37.645366161003047 27.960618543598688 4.5053346157073983 17.500000000000004 5.1676349639892587 27.597826050512598 15.500000000000002 0.70431455969810497 0.56032049655914318 4.7492611408233651 0.58418151736259472 5.1901714801788339 28.500000000000004 4.3107767105102548 0.61333882808685314 0.67612046003341686 4.7382688522338876 4.9150633811950692 4.9431998729705819 50.207461661484565 6.5000000000000009 0.72655618190765392 26.500000000000004 24.500000000000004 3.9415346384048466 3.3497501611709599 33.056870937347419 40.500000000000007 4.2413008213043222
decision_type=2 2 2 2 2 2 2 2 2 2 2 2 2 2 2 2 2 2 2 2 2 2 2 2 2 2 2 2 2 2
left_child=1 3 5 14 7 10 11 16 9 -9 -2 12 -7 -14 22 -16 18 -18 -3 -19 21 -21 28 24 25 26 -24 -27 -1 -25
right_child=2 4 -4 -5 -6 6 -8 8 -10 -11 -12 -13 13 -15 15 -17 17 19 -20 20 -22 -23 23 29 -26 27 -28 -29 -30 -31
leaf_value=-0.011891890995085174 -0.0012939628915375164 -0.050625942655267701 0.0063645152113523361 -0.0037806681559458114 -0.0048612615617838664 0.081185803566007006 -0.090778468738648421 0.040336882826626119 0.033154254099550043 -0.054752267629746082 -0.024244712098739882 0.034241378209411456 -0.060174607359033065 0.0049335344786138715 -0.0098118723004992359 -0.072846766511423397 0.025901550140839294 -0.086722417558808232 0.030297447548574025 0.079317729395509254 0.0037524009709099648 -0.065028302042506647 -0.01181276289489989 0.0002339523540901945 -0.089655754548259539 -0.076181794502076489 -0.082668808737339214 0.067849707521712654 -0.021728177895082718 0.051688843979674048
leaf_weight=746.46274234556063 854.05221327228901 5.7116947702450025 4210.3307805893346 398.88542031126576 2066.0043699642056 4.0875069357571183 2.3593084426829583 8.5224319612495965 58.782205001458351 11.32336948955526 46.683391464437591 43.593761247946532 6.4845402169594299 37.8660909307564 24.193673646944035 17.726384413866072 15.159078886599671 6.1422322252237782 27.207937307443444 1.5988194448455058 14.915597785031421 13.319795571896973 51.316311857580331 141.19459067856951 7.1616204830520465 1.7591920089380417 6.5821500027977882 6.6287488396992558 333.77719578979281 8.3986196595888014
leaf_count=1100210 19068 11846 34133 412343 1119962 51 74 13418 11852 3981 1441 288 363 1675 62043 17634 4623 4708 22079 353 4041 11439 36698 76074 6329 2136 7158 1190 611474 1482
internal_value=-0.000312443 -0.00725801 0.00498837 -0.0115679 -0.00388523 -0.000834009 0.014906 0.00851 0.0212732 -0.0139179 -0.00248346 0.0176153 0.00265197 -0.00458598 -0.0138771 -0.0364669 -0.00342911 -0.0161024 0.0162569 -0.0338013 -0.0229059 -0.0495588 -0.0131505 -0.00452615 -0.0201049 -0.0125906 -0.019868 0.0376422 -0.0149311 0.00312279
internal_weight=9178.23 3972.77 5205.46 1744.09 2228.69 995.127 94.3912 162.683 78.628 19.8458 900.736 92.0319 48.4381 44.3506 1345.2 41.9201 84.0552 51.1355 32.9196 35.9764 29.8342 14.9186 1303.28 223.041 73.448 66.2864 57.8985 8.38794 1080.24 149.593
internal_count=3600166 3543073 57093 2334771 1208302 22960 2451 88340 29251 17399 20509 2377 2089 2038 1922428 79677 59089 25164 33925 20541 15833 11792 1842751 131067 53511 47182 43856 3326 1711684 77556
is_linear=0
shrinkage=0.05


Tree=148
num_leaves=31
num_cat=0
split_feature=3 0 0 1 0 5 1 1 1 1 0 0 0 0 0 12 1 5 5 0 1 5 5 5 5 12 12 12 12 5
split_gain=142.628 39.8142 14.0375 9.99657 14.3734 11.3722 11.7555 9.64111 9.59326 8.74679 8.74489 8.69426 8.63456 10.3806 8.36492 8.30614 8.15515 10.4446 13.9563 13.142 11.4817 8.12665 9.80808 8.12085 7.95093 13.1312 10.856 7.78009 7.34856 14.0792
threshold=1.0000000180025095e-35 40.865167200565345 34.112061908428593 0.72829443216323864 33.725280130776817 4.907027244567872 0.73767861723899852 0.63116854429245006 0.74510830640792858 0.78517657518386852 13.230743121544949 22.627470227605958 40.133545795200924 31.180725687620001 64.900488853454604 152.50000000000003 0.70754271745681774 4.7824807167053232 4.7728371620178232 33.466407396212169 0.7192974090576173 4.4997041225433358 4.2865352630615243 4.9394986629486093 4.866830825805665 1969.5000000000002 5774.5000000000009 497.50000000000006 1676.5000000000002 4.7619838714599618
decision_type=2 2 2 2 2 2 2 2 2 2 2 2 2 2 2 2 2 2 2 2 2 2 2 2 2 2 2 2 2 2
left_child=2 7 3 10 5 11 23 -2 -8 15 -1 -5 13 -9 -3 -10 -12 18 20 -19 21 22 -18 -7 25 28 -27 -26 29 -13
right_child=1 14 -4 4 -6 6 8 12 9 -11 16 24 -14 -15 -16 -17 17 19 -20 -21 -22 -23 -24 -25 27 26 -28 -29 -30 -31
leaf_value=-0.045468209250334492 -0.0018144604954918994 0.008699928299898475 -0.0052986554108935425 -0.11228363525531718 -0.080751338304940745 -0.099271986778144736 -0.064531088655321131 -0.00025750397059086876 -0.075552071862304643 -0.054432176574092155 -0.011691293315843194 0.014346074347349708 -0.014552165641068628 0.0085485391349130937 0.017360362748148613 -0.0016678120084374923 -0.044709731400806932 -0.052578193302968937 0.064094250489308877 0.022215019370162056 -0.085014860623948918 -0.079007083237675663 0.05843246961645341 0.021356669581020362 -0.077801042348704927 -0.081702991665724992 0.094672394705563032 0.049146725617448817 0.043838392401103099 -0.062948737275957997
leaf_weight=20.811706576794222 1420.0309260231325 2034.7068637094135 2528.0841179012859 1.375120295326268 5.6168261895581955 1.4634618111467741 10.62365942297947 581.00085543283785 4.0675956616178146 11.195354183153539 1095.3476016727795 48.361269606890346 60.074683709035526 789.29188313132363 323.09294876033528 58.689719884717306 3.5582440611442561 42.214818120549353 6.0043330376902295 6.8224210290663896 5.3896406978456062 2.4740645762140039 6.5435783419852669 29.9172647510768 1.2847543366460765 6.2513362494537423 1.0139417947175386 19.918624973326587 15.565504034011608 6.7086525693921422
leaf_count=132335 33748 13365 1526379 2636 5598 965 8882 3516 5107 15564 1719249 16800 373 4496 1859 28883 3309 36923 392 2457 4507 2646 590 11112 1342 5262 88 3683 1758 6224
internal_value=-0.000349824 0.00508001 -0.00752867 -0.0115235 -0.00178507 0.000264214 -0.0104046 0.00110401 -0.0201019 -0.0137194 -0.013342 0.0125765 0.0040014 0.0048148 0.00988668 -0.0064566 -0.0127698 -0.0289503 -0.00190054 -0.0421724 -0.0239569 0.00221063 0.0221019 0.0157311 0.014309 0.00692034 -0.0570881 0.0414547 0.013504 0.00492997
internal_weight=9147.5 5208.2 3939.3 1411.22 222.053 216.436 115.957 2850.4 84.5763 73.9527 1189.17 100.479 1430.37 1370.29 2357.8 62.7573 1168.35 73.0071 23.9699 49.0372 17.9655 12.5759 10.1018 31.3807 99.1041 77.9007 7.26528 21.2034 70.6354 55.0699
internal_count=3600048 57357 3542691 2016312 113904 108306 70513 42133 58436 49554 1902408 37793 8385 8012 15224 33990 1770073 50824 11444 39380 11052 6545 3899 12077 35157 30132 5350 5025 24782 23024
is_linear=0
shrinkage=0.05


Tree=149
num_leaves=31
num_cat=0
split_feature=3 1 1 12 11 8 8 5 11 5 8 12 7 12 11 11 12 11 7 1 11 11 8 12 12 1 12 11 10 5
split_gain=161.936 28.5444 12.3378 12.0687 12.5604 20.2824 15.3882 14.0522 16.3436 14.1281 13.5204 12.2093 11.4527 17.1003 22.4377 16.5089 15.2092 13.0553 10.88 10.6946 10.4401 10.4098 9.49114 9.32574 9.55088 12.4772 9.00838 14.3712 10.2784 10.4708
threshold=1.0000000180025095e-35 0.60841339826583873 0.72159117460250866 1142.5000000000002 22.500000000000004 9.2103905677795428 8.413053512573244 4.6660819053649911 54.500000000000007 4.7004272937774667 4.6200466156005868 110.50000000000001 4.49422311782837 526.50000000000011 34.500000000000007 25.500000000000004 948.50000000000011 23.500000000000004 4.5053346157073983 0.7200719714164735 43.500000000000007 25.500000000000004 7.0904934406280526 574.50000000000011 565.50000000000011 0.80657270550727855 234.50000000000003 15.500000000000002 1.0000000180025095e-35 4.8503038883209237
decision_type=2 2 2 2 2 2 2 2 2 2 2 2 2 2 2 2 2 2 2 2 2 2 2 2 2 2 2 2 2 2
left_child=2 -2 19 4 10 6 7 8 -6 22 -4 -12 15 20 -15 17 18 -11 -16 -1 -14 -7 -9 24 25 -8 -13 -28 29 -29
right_child=1 -3 3 -5 5 21 23 9 -10 12 11 26 13 14 16 -17 -18 -19 -20 -21 -22 -23 -24 -25 -26 -27 27 28 -30 -31
leaf_value=-0.008867383516559222 0.0011346901383076872 0.0089222649772059039 0.029085142396594689 0.0018056352187695334 -0.049071871751767387 -0.091645785577478378 -0.080454189610891486 0.056145219421168624 0.065784043816831575 -0.018115982594452854 -0.049225765833109864 0.02160607913126731 0.030889158460474103 -0.086514764688140414 0.069656286325278857 -0.013224593796468873 0.028376624608218989 -0.085453895977096725 -0.065705387408930505 -0.047882425361063935 -0.074272751962159517 0.018851035096807998 -0.088613759411523871 -0.094547319617326334 0.066862342218599075 0.03366591889421118 -0.051926252007831075 -0.050327837101125032 0.055463364600566903 0.0034153425042667603
leaf_weight=2663.5249724545338 1798.726270894098 3402.4800808125619 39.364067257165516 625.19361665770066 41.108920206519542 2.2134959026734569 8.3553670702240215 11.271769077224233 3.3496548199873351 13.649379334357947 13.520826764959564 36.841327791558797 41.323774137160399 9.7004622010845178 1.7554637522480359 203.20908024597156 18.88826979573787 15.22865398133399 9.6171295450621965 17.681280076718394 2.5030296348140828 57.526990160503374 1.2587655209317734 9.3597246189437993 2.1520097683751365 3.357654388156333 15.283825801547207 10.748069618541193 7.8287464816530692 57.807799544783848
leaf_count=3012227 38591 18527 14668 201734 32349 1277 5749 2517 339 8113 12684 13681 8930 6079 101 122492 3462 13787 6969 10085 2670 9510 897 5801 126 1049 15568 7418 562 23052
internal_value=0.000435484 0.0062291 -0.00720566 -0.00312993 -0.00797231 -0.0124006 -0.0164967 -0.0140371 -0.0404183 -0.0104657 0.00315564 -0.00403077 -0.0125312 0.00331412 -0.0203413 -0.0182517 0.00087133 -0.0536262 -0.0448111 -0.00912467 0.0248832 0.0147569 0.0416033 -0.0559848 -0.0299529 -0.0477405 0.000724301 -0.00766804 0.00118761 -0.00501042
internal_weight=9144.83 5201.21 3943.62 1262.42 637.224 455.83 396.089 372.864 44.4586 328.406 181.395 142.031 315.875 83.7881 39.9613 232.087 30.2609 28.878 11.3726 2681.21 43.8268 59.7405 12.5305 23.2248 13.865 11.713 128.51 91.6684 76.3846 68.5559
internal_count=3601014 57118 3543896 521584 319850 232217 221430 208705 32688 176017 87633 72965 172603 28211 16611 144392 10532 21900 7070 3022312 11600 10787 3414 12725 6924 6798 60281 46600 31032 30470
is_linear=0
shrinkage=0.05


Tree=150
num_leaves=31
num_cat=0
split_feature=3 0 0 11 11 1 0 11 0 1 11 8 12 1 1 1 12 10 12 0 11 1 5 1 8 1 11 8 8 8
split_gain=152.683 26.6439 23.6136 10.7009 10.1442 8.83063 8.2708 8.16039 13.5775 8.01726 17.4682 11.3567 10.8027 10.5041 10.0621 9.67658 8.65692 7.56713 8.34796 7.06767 6.65213 8.39023 6.34286 6.85367 6.71337 6.34054 6.03455 12.1546 7.53977 14.5513
threshold=1.0000000180025095e-35 33.862063407897956 32.311915178237548 89.500000000000014 7.5000000000000009 0.64286693930625927 74.568784612602045 17.500000000000004 35.238753859292054 0.75112470984458934 43.500000000000007 8.6172094345092791 387.50000000000006 0.75295239686965953 0.81243386864662182 0.74853819608688366 158.50000000000003 1.0000000180025095e-35 475.50000000000006 48.854631101734419 19.500000000000004 0.63116854429245006 4.8919553756713876 0.75467136502265941 7.8284282684326181 0.79323846101760875 16.500000000000004 5.5274410247802743 0.89587974548339855 7.6011524200439462
decision_type=2 2 2 2 2 2 2 2 2 2 2 2 2 2 2 2 2 2 2 2 2 2 2 2 2 2 2 2 2 2
left_child=2 -2 4 5 -1 20 -7 8 -4 15 11 12 13 -11 -15 -6 -12 26 -19 -9 21 -3 24 -24 -14 -25 28 -28 -10 -30
right_child=1 3 7 -5 9 6 -8 19 17 10 16 -13 22 14 -16 -17 -18 18 -20 -21 -22 -23 23 25 -26 -27 27 -29 29 -31
leaf_value=-0.072049898726131253 0.00094767788743733202 0.020983570073440202 -0.033764142300455477 -0.053089798175026619 -0.013665528836861561 0.0097308379582652874 0.023991513854331868 -0.0076985142732133582 0.028637495637935689 0.061578376174361876 0.052476556879604931 -0.072086177421130757 0.045186415944399191 -0.061989328781685449 0.042479866266429099 -0.089153036800744975 -0.08438320672214733 -0.090959779880698977 0.061967542803314901 -0.0023677573068823844 0.0037017477728164571 -0.028284362351500766 -0.08930550261963778 0.019456511992929183 -0.087941502879615885 -0.062589213945699579 -0.079362806571690592 0.030422471525839979 -0.022387753879053923 0.014227996929301429
leaf_weight=7.2567652930692921 1804.2788950740487 99.514228951291443 20.345767841412453 7.0436091690789899 1079.8142451462872 2144.0367632033403 106.7349133589596 1467.3617055262193 21.206543106336085 3.0585790611266956 1.3555907649033523 4.160673667248374 26.297565271503121 11.258370374616787 2.8982659589073583 4.2620887374041549 7.8261338536767653 0.97631038646977586 10.380607851900093 1079.0007364787239 1008.5231173087705 9.4631718613090907 1.7107288045990561 31.252249418343126 0.98235758855662325 2.5466884460920474 2.6964898990909196 38.76148763773017 53.910261292433916 54.628393251125544
leaf_count=20589 32597 1069 28182 78 1758797 10850 428 1136844 8311 663 571 4842 5570 13424 1172 3496 8937 1200 785 434899 12102 51 1378 9800 918 3996 3677 14489 60454 18535
internal_value=0.000212417 0.00585253 -0.00721358 0.00847443 -0.0131148 0.00860317 0.0104071 -0.00467069 0.00497937 -0.0127516 0.00130873 0.00845268 0.0126411 -0.0224475 -0.0406015 -0.0139623 -0.0641772 0.00929721 0.048821 -0.00543965 0.00496984 0.0167053 0.0222615 0.00833258 0.0403924 0.0132745 0.00667537 0.0232819 0.00136903 -0.00395875
internal_weight=9113.54 5179.59 3933.95 3375.32 1184.68 3368.27 2250.77 2749.27 202.906 1177.42 93.3472 84.1655 80.0048 17.2152 14.1566 1084.08 9.18172 182.56 11.3569 2546.36 1117.5 108.977 62.7896 35.5097 27.2799 33.7989 171.203 41.458 129.745 108.539
internal_count=3598704 57175 3541529 24578 1834153 24500 11278 1707376 135633 1813564 51271 41763 36921 15259 14596 1762293 9508 107451 1985 1571743 13222 1120 21662 15174 6488 13796 105466 18166 87300 78989
is_linear=0
shrinkage=0.05


Tree=151
num_leaves=31
num_cat=0
split_feature=3 0 0 0 8 2 9 0 0 11 11 0 11 0 0 12 0 12 8 8 12 7 11 7 8 12 12 8 12 11
split_gain=122.522 23.8963 14.0244 12.0219 11.5103 9.54933 9.53772 19.6032 12.1462 11.2858 8.91568 7.76784 8.42462 7.62421 7.64769 7.41142 7.34522 7.45626 7.06587 9.14724 17.0259 8.33911 17.0043 9.85102 15.2676 9.37931 8.24665 8.15833 17.8277 12.1871
threshold=1.0000000180025095e-35 29.966725349426273 56.62229317903985 35.699507168741555 3.7256208658218388 1.0000000180025095e-35 1.0000000180025095e-35 21.961842087002882 20.656244277954105 47.500000000000007 16.500000000000004 35.549467420882145 7.5000000000000009 68.993868182074962 63.50759748686324 1429.5000000000002 35.847203636625643 2961.5000000000005 7.3780713081359872 7.244584560394288 489.50000000000006 1.2424533367156985 23.500000000000004 5.3205649852752694 6.3017024993896493 707.50000000000011 87.500000000000014 8.147287845611574 158.50000000000003 48.500000000000007
decision_type=2 2 2 2 2 2 2 2 2 2 2 2 2 2 2 2 2 2 2 2 2 2 2 2 2 2 2 2 2 2
left_child=3 5 -3 11 13 -2 8 -8 -7 10 -9 -1 -13 14 -4 -11 17 -5 19 21 -21 22 -10 -23 -25 -24 -20 29 -29 -28
right_child=1 2 4 16 -6 6 7 9 18 15 -12 12 -14 -15 -16 -17 -18 -19 26 20 -22 23 25 24 -26 -27 27 28 -30 -31
leaf_value=-0.0093754797628674089 -0.0067017420924849538 0.0060842808464491825 -0.0029976162438450577 0.026294940200933398 0.016017905599938785 0.016821960036579167 -0.0317315322716323 -0.014307916766127419 0.05815129709410817 0.019944417996818922 0.032138186304473855 0.084237599274539651 -0.075562445225959424 0.023622544659432042 -0.048940155696621371 -0.06053017008715561 -0.004301344857634358 -0.094460498049143582 0.037053010655797254 0.065753741314249256 -0.0068923890918531254 -0.0068106188767381838 0.020302459365531919 0.038852471061577631 -0.04306495849319783 -0.034472190631623212 -0.033404899796313892 -0.085199090034984201 0.00056835480558255528 0.022118413163324066
leaf_weight=1549.8544540037587 413.97186186648833 3185.980791979282 25.322709435698926 28.144321798734385 610.64622075185252 94.98746911687158 19.66841332036347 11.571793004237405 17.376898652786622 5.1501105102215643 96.459012883809919 0.9281092554147089 7.4079680179715979 13.910636433050966 14.102909762397756 6.4369583292318566 2366.3086784121751 1.3391707221071545 8.9301477349945326 15.090911986342688 17.32461822474761 283.32636245401136 18.109310420535625 27.000099307111668 7.2060419764911776 13.749074952399495 64.445682654422853 6.3983921034960067 114.1731664969775 11.673120526858836
leaf_count=2155713 18822 26632 133 12245 3611 1211 381 79 108 41 773 196 13101 66 68 81 1358887 1177 33 61 222 2270 117 180 93 147 714 28 1123 70
internal_value=0.000390896 0.00550994 0.00746193 -0.00621575 0.0140723 -0.000487504 0.00257839 0.0145271 0.000200117 0.0221333 0.0271631 -0.00963439 -0.0577709 -0.00820271 -0.0194317 -0.0247616 -0.00399231 0.0208101 -0.00241043 0.00146833 0.0269277 -0.000781811 0.0183647 -0.00375059 0.0215953 -0.00333655 -0.00994049 -0.0120741 -0.00398308 -0.0248902
internal_weight=9057 5103.01 3849.96 3953.98 663.982 1253.05 839.078 139.286 699.791 119.618 108.031 1558.19 8.33608 53.3363 39.4256 11.5871 2395.79 29.4835 604.804 399.183 32.4155 366.768 49.2353 317.533 34.2061 31.8584 205.621 196.69 120.572 76.1188
internal_count=3598383 57064 30510 3541319 3878 26554 7732 1355 6377 974 852 2169010 13297 267 201 122 1372309 13422 5166 3198 283 2915 372 2543 273 264 1968 1935 1151 784
is_linear=0
shrinkage=0.05


Tree=152
num_leaves=31
num_cat=0
split_feature=3 0 0 8 1 0 0 0 7 1 0 7 1 7 1 9 1 8 1 8 1 1 1 7 1 7 1 1 5 7
split_gain=116.245 24.9316 20.1113 11.3469 14.9468 13.4227 12.4616 11.2894 16.2631 13.3227 11.2589 10.945 10.6091 12.1532 10.8299 20.6723 10.5907 10.0363 9.55908 9.53856 9.01593 15.2184 11.8657 9.00583 9.79591 8.47607 8.25728 7.95057 8.77676 10.6237
threshold=1.0000000180025095e-35 24.983502472547119 32.762374526824722 6.2176032066345224 0.71684443950653087 24.00533894931505 23.071815669536594 21.688525392322848 6.4060542583465585 0.65946751832962047 64.900488853454604 2.4414010047912602 0.66457650065422069 3.7726949453353886 0.65848857164382946 1.0000000180025095e-35 0.66057258844375621 13.698414802551271 0.75676664710044872 7.3135535717010507 0.72483605146408092 0.7084425985813142 0.75207445025444042 3.7012257575988774 0.83669582009315502 3.2769666910171513 1.0000000180025095e-35 0.67341417074203502 4.417105197906495 3.7954261302948002
decision_type=2 2 2 2 2 2 2 2 2 2 2 2 2 2 2 2 2 2 2 2 2 2 2 2 2 2 2 2 2 2
left_child=1 3 20 -1 5 6 7 9 -9 -5 18 -8 14 17 -3 -16 -17 23 -4 -13 21 26 -22 -14 -25 -23 -2 -15 29 -29
right_child=2 12 10 4 -6 -7 11 8 -10 -11 -12 19 13 27 15 16 -18 -19 -20 -21 22 25 -24 24 -26 -27 -28 28 -30 -31
leaf_value=-0.0091400145480939662 -0.0055768862643802552 -0.0080746268148740932 0.0043148488665463022 -0.025298134948889873 -0.082070349937105422 -0.056273800322502371 0.031402567267533453 -0.057913408579166561 0.07248588015103366 0.01855400224022092 0.01554926269205097 -0.073409159435173274 -0.0065409261643518488 0.018606259580122599 -0.048297804264042309 -0.08756007899653917 0.03559634744088562 0.032308482517696691 0.01122262480801136 0.00038120126777957104 0.022569275333217276 -0.0074821279805606855 -0.0025067091695931912 -0.04927514179415439 0.067601922610892581 -0.045569104193985945 0.0024682681810379546 0.050472647233874873 0.0003222372735173564 -0.08831072660876188
leaf_weight=182.4359916075739 498.56249415855882 1355.7403258883842 2524.1418614276877 97.713262901585779 11.212035046084564 26.630668689835602 20.782343603665879 34.943229839596938 2.5666991790224065 21.051517369265639 318.56403396881069 5.9145851300662029 1177.5988448298835 60.528417489459571 42.189658809018965 2.0085471124658616 13.335300019861164 16.348537537141965 624.7814219452157 16.873755983622175 95.146874411584577 29.284579187486088 93.568356993157067 20.042500150166237 1.9688925577211183 29.146501392286154 885.25057789807579 1.8278455693543936 807.76946194238644 5.6144638301702798
leaf_count=423063 21222 1679839 21132 379511 16382 62671 19637 93375 1647 10881 1844 14093 501796 13724 23110 874 1676 1189 2938 19855 532 222 518 13470 316 221 8411 123 261906 4674
internal_value=-0.00054144 -0.00700933 0.00443794 -0.0185193 -0.0257183 -0.0229285 -0.018485 -0.0250777 -0.0489906 -0.0175252 0.00659164 0.00516096 -0.00562968 -0.00336853 -0.00897628 -0.0302232 0.0194749 -0.00660293 0.00568543 -0.0187707 -0.00014092 -0.00148566 0.0101362 -0.00713322 -0.0388206 -0.0264806 -0.000430254 0.00112241 -0.000175743 -0.0542253
internal_weight=9023.54 3925.1 5098.45 420.124 237.688 226.476 199.845 156.275 37.5099 118.765 3467.49 43.5707 3504.97 2091.7 1413.27 57.5335 15.3438 1215.96 3148.92 22.7883 1630.96 1442.24 188.715 1199.61 22.0114 58.4311 1383.81 875.74 815.212 7.44231
internal_count=3600852 3543812 57040 1041115 618052 601670 538999 485414 95022 390392 25914 53585 2502697 797198 1705499 25660 2550 516771 24070 33948 31126 30076 1050 515582 13786 443 29633 280427 266703 4797
is_linear=0
shrinkage=0.05


Tree=153
num_leaves=31
num_cat=0
split_feature=3 0 0 1 1 1 8 0 0 1 8 0 0 0 1 1 8 5 1 1 5 1 1 1 1 0 0 1 1 8
split_gain=107.188 24.6425 17.4674 9.36238 7.36132 8.4152 21.0244 8.2006 7.29564 7.63838 7.87563 9.72988 12.3267 9.53034 11.2357 8.73637 20.1977 8.56363 11.5273 9.38316 13.8087 8.55542 10.3269 7.46612 9.8131 7.17685 12.5172 10.7169 6.99126 6.91476
threshold=1.0000000180025095e-35 34.657991193911592 25.219624345434571 0.68685591220855724 0.67968842387199413 0.68052247166633617 7.1750981807708749 32.311915178237548 25.102469572342674 0.38465785980224615 5.257481813430787 24.252789497375492 24.867472274185278 24.00533894931505 0.62420311570167553 0.70004886388778698 5.3057861328125009 4.8520128726959237 0.64983385801315319 0.65734627842903148 4.999742031097413 0.77197623252868663 0.77306294441223156 0.64529997110366832 0.63798579573631298 25.463954769780688 25.886535644531254 0.71844381093978893 0.44617865979671484 9.6159057617187518
decision_type=2 2 2 2 2 2 2 2 2 2 2 2 2 2 2 2 2 2 2 2 2 2 2 2 2 2 2 2 2 2
left_child=2 3 8 -2 29 6 7 -6 9 -1 23 13 -13 15 -15 17 -17 -12 28 -20 -21 -18 -23 24 -11 27 -27 -7 -19 -4
right_child=1 -3 4 -5 5 25 -8 -9 -10 10 11 12 -14 14 -16 16 21 18 19 20 -22 22 -24 -25 -26 26 -28 -29 -30 -31
leaf_value=-0.026641007171267952 -0.0017387784175031337 0.0074393317585375752 -0.0083659086197603889 0.0064291362211342214 -0.090446673693674373 -0.081567370081438079 -0.091330176929251161 0.054402832107812174 -0.071249849892521075 -0.026957407588663336 0.0096059874452169118 -0.060760940876287084 0.0063373377057992638 -0.033407884959908742 0.051324597787619136 0.075068989858363577 -0.07205121055994497 0.010249086356659616 0.045274789251209729 -0.077480186464536305 0.0095425943706306648 0.084372099519506388 -0.080207416671687237 -0.05665405883603522 0.038359594414903754 -0.081715963430468996 -0.003298587884142628 0.054116903848918645 -0.028865502654426257 0.0049558045176840209
leaf_weight=103.99255698889215 1435.9489923501023 3214.0946346456913 1503.2235797749915 464.26683635734844 1.0315058248597839 1.6920571522598482 3.2079493611472563 18.535439461009446 5.7997507377133379 37.222341882923502 74.171838923796713 17.813229932790367 11.116357947209961 5.3337157861001314 14.681617960834499 3.4632195307231113 15.892682245570542 13.620168731392836 12.676591886293862 5.5211279310087802 26.1466260246616 2.1367531034848066 1.7206853092411618 16.10414650648363 6.801002001262531 5.1030239336441801 1837.8441620308356 10.400022225161591 70.848720950232732 104.15801093397954
leaf_count=822158 31066 23371 1706201 2646 708 1646 1463 1934 13368 24173 35650 19026 7232 3454 4343 539 22568 4989 4018 5755 14174 144 3277 17556 1436 5865 711850 1969 63396 44673
internal_value=-9.51794e-07 0.00477068 -0.00621012 0.000256833 -0.00501895 -0.00289293 0.0273152 0.0467668 -0.0155379 -0.0148023 -0.0111302 -0.00754783 -0.034978 -0.00432483 0.028745 -0.00725104 -0.0363083 -0.00392806 -0.0117211 0.00892241 -0.00562943 -0.0558385 0.0109582 -0.0275232 -0.0168668 -0.00326381 -0.00351572 0.0351305 -0.0225585 -0.00750266
internal_weight=9044.57 5114.31 3930.26 1900.22 3485.2 1877.81 22.7749 19.5669 445.063 439.263 335.271 275.143 28.9296 246.214 20.0153 226.198 23.2133 202.985 128.813 44.3443 31.6678 19.7501 3.85744 60.1275 44.0233 1855.04 1842.95 12.0921 84.4689 1607.38
internal_count=3600648 57083 3543565 33712 2476309 725435 4105 2642 1067256 1053888 231730 188565 26258 162307 7797 154510 26528 127982 92332 23947 19929 25989 3421 43165 25609 721330 717715 3615 68385 1750874
is_linear=0
shrinkage=0.05


Tree=154
num_leaves=31
num_cat=0
split_feature=3 0 0 1 0 8 8 10 1 1 7 7 1 5 1 8 7 7 7 1 8 8 7 8 0 0 5 7 7 5
split_gain=103.954 27.2388 13.5127 12.2984 10.2327 9.40771 13.8454 10.1618 8.89797 8.70943 8.36288 12.9916 20.2378 17.6239 16.766 12.3181 11.8369 12.3631 11.4459 11.172 9.60542 10.5359 9.05789 8.21691 8.20693 7.92061 9.39423 7.84083 9.7777 7.33965
threshold=1.0000000180025095e-35 42.492732186608926 14.127173628439779 0.53110077977180492 49.153644741651085 8.9872593879699725 8.6172094345092791 1.0000000180025095e-35 0.50332832336425792 0.76254314184188854 4.0342013835906991 3.6242519617080693 0.75207445025444042 4.8974883556365976 1.0000000180025095e-35 6.908255100250245 4.0859410762786874 4.135134458541871 3.8393944501876835 0.67612046003341686 8.0070338249206561 7.8242459297180185 3.8176519870758061 8.7873439788818377 28.458874041527455 22.290801048278812 4.8909521102905282 6.9260861873626718 6.729224920272828 4.6925911903381357
decision_type=2 2 2 2 2 2 2 2 2 2 2 2 2 2 2 2 2 2 2 2 2 2 2 2 2 2 2 2 2 2
left_child=2 3 9 25 5 6 -4 -7 23 -1 11 -6 14 15 -13 -14 -12 -18 -15 -16 21 -21 -23 24 -8 26 -2 28 -5 -10
right_child=1 -3 4 27 10 7 8 -9 29 -11 16 12 13 18 19 -17 17 -19 -20 20 -22 22 -24 -25 -26 -27 -28 -29 -30 -31
leaf_value=-0.048288199209181766 0.0039287442200996725 0.0091409659022579064 -0.0080163371821325349 0.0038388187855586033 -0.0026119027932278117 0.0011864498402201556 -0.057407093697020184 -0.083479020552174585 -0.011693847779561423 0.11736081847432267 0.039118811727269311 0.040019056954046422 -0.074485440900929886 -0.087120717129629988 -0.091289216988002436 0.06295589949481338 -0.075509046120510695 0.0029820345853653132 0.00075634744540711081 -0.042400510500900393 -0.10041205661937685 0.064770763196235925 -0.10291682393799878 -0.057463379243252233 0.059544799560326614 -0.00069768299267642352 -0.019902373155686187 0.033822732101151269 -0.050559348988762187 -0.066910403363440327
leaf_weight=24.000579488062616 61.369122559833841 2107.1872143214741 2401.2514000175406 1984.0625175923067 637.53649857650385 341.32487972725914 2.0192561376724125 3.5812307144632305 8.3376421715674969 0.82064105173048929 22.675841812922044 5.2192742591466859 1.8591188995778818 5.5576435502116537 14.123295462813983 13.241072227447146 5.0853450216773117 372.28514458462723 11.118285632945115 17.943297721867573 4.9265643417093079 4.6766839133360909 0.97283312086801732 4.1565113029497525 5.8338980336352506 777.84314960951451 126.79242133351136 21.711834322533832 8.2950742761313432 21.635247537008581
leaf_count=160677 3435 13514 2683321 13672 268903 195760 10119 3866 3661 35 5088 18277 1697 4002 4458 1845 4146 124739 3821 7296 1424 364 290 14554 8055 18608 7841 103 78 17300
internal_value=7.14141e-05 0.00479002 -0.00603639 0.0017135 -0.00580266 -0.00742278 -0.00851402 0.000307351 -0.0369799 -0.0428115 -0.00175949 -0.00499037 -0.024031 0.00690297 -0.0445685 0.0460343 0.00403261 0.00192431 -0.0285307 -0.0549216 -0.0369117 -0.0236518 0.0358954 -0.000615215 0.0294733 -0.00292447 -0.0121298 0.00393801 0.00361233 -0.0515507
internal_weight=9017.44 5087.26 3930.18 2980.07 3905.36 2788.14 2443.23 344.906 41.9826 24.8212 1117.22 717.175 79.6381 31.7761 47.8619 15.1002 400.046 377.37 16.6759 42.6427 28.5194 23.5928 5.64952 12.0097 7.85315 966.005 188.162 2014.07 1992.36 29.9729
internal_count=3600949 57251 3543698 43737 3382986 2936636 2737010 199626 53689 160712 446350 312377 43474 11365 32109 3542 133973 128885 7823 13832 9374 7950 654 32728 18174 29884 11276 13853 13750 20961
is_linear=0
shrinkage=0.05


Tree=155
num_leaves=31
num_cat=0
split_feature=0 0 0 7 12 12 8 12 8 7 7 1 1 0 8 8 1 7 1 11 7 8 12 11 7 8 7 12 1 1
split_gain=29.8832 14.0519 9.4774 6.94622 8.42057 9.75867 7.72869 15.9244 9.39402 8.70647 8.11994 11.8539 15.6666 15.6858 13.198 14.4453 11.7912 11.5338 10.4697 10.1018 9.75694 8.89081 10.0612 10.1595 8.85332 8.83388 8.70657 12.0006 8.6028 7.79135
threshold=32.155248604922242 61.419888893899049 6.3740360736846933 1.0000000180025095e-35 345.50000000000006 75.500000000000014 9.4010090827941912 279.50000000000006 9.2858648300170916 3.2384861707687382 4.2555875778198251 0.76881903409957897 0.81474035978317272 71.169067537874085 8.2174377441406268 6.908255100250245 0.77421200275421154 4.0517470836639413 0.80133241415023815 38.500000000000007 4.2268071174621591 7.6016521453857431 2382.5000000000005 42.500000000000007 6.6187381744384775 4.7140145301818857 2.7403194904327397 1500.5000000000002 0.82219353318214428 0.71513932943344127
decision_type=2 2 2 2 2 2 2 2 2 2 2 2 2 2 2 2 2 2 2 2 2 2 2 2 2 2 2 2 2 2
left_child=2 -2 -1 4 5 -3 8 -8 10 -9 11 20 14 26 15 -13 -17 25 -18 24 29 -21 23 -23 -12 -15 -14 -28 -29 -5
right_child=1 3 -4 6 -6 -7 7 9 -10 -11 19 12 13 17 -16 16 18 -19 -20 21 -22 22 -24 -25 -26 -27 27 28 -30 -31
leaf_value=-0.056749685307899957 0.00086662459020992529 0.043563917478183459 -0.0043317490941453202 0.0019080447006349186 0.034303450817374181 -0.072068264653211631 0.049536988083746028 -0.021386556071065085 0.05466799092130073 -0.098307518549282061 0.025862351452081933 -0.049358751696114193 0.050508315480030742 0.038056984582572416 -0.098564231980957484 -0.096697320837313819 0.023642207628649461 0.059799507002115143 -0.063467263166253493 0.0097137503373227827 -0.093393571981969112 -0.092404968490476885 -0.10062843878628497 0.012375595139076169 -0.086197212135379009 -0.089641510876514729 -0.050131613884128318 0.071849232323339993 -0.090848162621903317 0.016023303588984638
leaf_weight=8.6509734050350726 5452.7819807640826 3.1610697946280188 2688.1250782453753 235.73783628199874 43.059726320898108 4.3157398468563315 5.7002163386587226 10.851092937133219 10.420127864597815 5.5654581914750443 123.5542727332745 24.194519034685072 19.200306173419452 1.6688221247313757 5.9640071793182861 2.760240612824421 24.732134658233921 2.3136868090878115 4.0084512909597825 98.781042335861912 2.3980249756741605 2.9105301327130091 3.8107060850065855 11.276160229906962 1.788086244574514 7.1862145944214717 6.5325418730299116 5.2812307377571415 0.96021587240102224 167.03409237832966
leaf_count=63282 1624403 924 1786956 51118 4779 1624 222 1046 270 1163 11685 6993 2284 368 838 798 3077 194 1081 15401 600 358 537 1196 528 2017 1740 87 431 14674
internal_value=-9.67566e-05 0.00179166 -0.0044999 0.00783122 0.0257987 -0.0231809 0.00667397 -0.0224636 0.00751911 -0.0474639 0.00686587 0.00328611 -0.0117025 0.0114084 -0.0278731 -0.0203034 0.00201293 -0.039603 0.011493 0.0144058 0.00716311 0.00382494 -0.0284965 -0.0091211 0.0242638 -0.0655754 0.0292268 -0.00276095 0.046819 0.0077618
internal_weight=8984.72 6287.95 2696.78 835.167 50.5365 7.47681 784.63 22.1168 762.513 16.4166 752.093 509.972 104.802 43.143 61.6594 55.6953 31.5008 11.1687 28.7406 242.121 405.17 116.778 17.9974 14.1867 125.342 8.85504 31.9743 12.774 6.24145 402.772
internal_count=3600674 1750436 1850238 126033 7327 2548 118706 2431 116275 2209 116005 86300 19908 7121 12787 11949 4956 2579 4158 29705 66392 17492 2091 1554 12213 2385 4542 2258 518 65792
is_linear=0
shrinkage=0.05


Tree=156
num_leaves=31
num_cat=0
split_feature=3 0 0 1 0 1 5 7 1 7 5 8 0 1 8 11 0 8 8 11 0 1 0 5 5 7 0 8 11 0
split_gain=129.868 25.295 21.3017 14.3991 11.3415 10.8256 19.372 15.7134 9.46478 11.0242 18.2962 9.93011 9.42853 21.9937 9.20627 17.5558 18.4346 13.9652 10.3905 9.414 10.616 9.69153 8.92209 8.82109 8.72599 8.57549 8.30708 10.3042 9.25391 8.12953
threshold=1.0000000180025095e-35 42.492732186608926 43.5979521188383 0.58845719695091259 15.567379109204923 0.78789359331130993 4.8689489364624032 3.8815106153488164 0.73006677627563488 1.0000000180025095e-35 4.1126985549926767 13.698414802551271 44.24360714301293 0.7838180959224702 5.7054464817047128 48.500000000000007 52.451335135971028 6.0879099369049081 5.3057861328125009 47.500000000000007 45.381685110362021 1.0000000180025095e-35 44.911517938056939 4.3229064941406259 4.9783000946044931 2.0126758217811589 54.385770927498022 7.7432672977447519 31.500000000000004 45.381685110362021
decision_type=2 2 2 2 2 2 2 2 2 2 2 2 2 2 2 2 2 2 2 2 2 2 2 2 2 2 2 2 2 2
left_child=2 3 4 -2 -1 -6 7 -7 9 26 11 -11 13 -10 15 16 19 22 -18 20 24 23 -16 -22 -12 -26 27 -4 -28 -14
right_child=1 -3 8 -5 5 6 -8 -9 12 10 14 -13 29 -15 17 -17 18 -19 -20 -21 21 -23 -24 -25 25 -27 28 -29 -30 -31
leaf_value=-0.036721336126059684 -0.0016668199769689146 0.0097868675217170562 0.041281126196903932 0.0054513958799297241 -0.0085024072205165564 -0.035669198805632796 -0.049749888031467446 0.032420011328632051 0.040374950914859771 -0.06538451592660835 -0.085470862227727373 0.048864754873160769 -0.023168275872521113 -0.085613260764398305 -0.07692045857305993 -0.082227063806366157 0.0068053670456678528 -0.0057427442926411658 -0.09106770489087207 0.025712963674196277 0.37609792314938351 -0.077776358105970639 0.022867020488498053 -0.0038535647969411414 -0.090025490505174943 0.02097895377307081 0.020092998854109229 -0.015003545231850952 -0.044172647143214262 0.0022069127397032736
leaf_weight=37.9329665001992 1177.7975754701251 2110.6936859614088 32.334651425830543 1790.4469834336246 2184.4974071330821 15.876807195778381 43.252170127590944 18.171155038473444 32.669872219239551 18.413756219193036 3.4334332320563599 2.1209654012636738 33.246269073146323 3.8748555400070464 2.3274822061712248 9.8479584201145354 69.870849960742817 641.1302623048681 2.8212505606343248 5.2852210603082304 0.16076686591441403 21.752974453167553 59.619911665949985 3.0666637494900897 2.0563450725940138 11.305322927636551 11.821834392775829 10.863593116082937 10.64587478668818 623.64352399907239
leaf_count=217494 32061 13502 14215 11520 2510079 12810 46258 4498 6265 18458 5259 69 15621 3180 4183 10779 29622 347654 4322 2946 327 12122 33195 21853 2145 4940 4563 4439 5472 199711
internal_value=0.000328504 0.00560242 -0.00651853 0.00262689 -0.00960783 -0.00915311 -0.0275419 0.000669528 -0.00211208 -0.00544001 -0.00695935 -0.0535841 0.0022978 0.0270164 -0.00580954 -0.0180549 -0.0127776 -0.00355231 0.00300682 -0.037159 -0.0451132 -0.0657804 0.0191178 0.0150728 -0.0143737 0.0038955 0.0143011 0.0271265 -0.010358 0.000922633
internal_weight=8990.98 5078.94 3912.04 2968.24 2299.73 2261.8 77.3001 34.048 1612.31 918.879 853.213 20.5347 693.435 36.5447 832.678 129.601 119.753 703.078 72.6921 47.0607 41.7755 24.9804 61.9474 3.22743 16.7951 13.3617 65.666 43.1982 22.4677 656.89
internal_count=3599562 57083 3542479 43581 2791139 2573645 63566 17308 751340 526563 497874 18527 224777 9445 479347 94315 83536 385032 33944 49592 46646 34302 37378 22180 12344 7085 28689 18654 10035 215332
is_linear=0
shrinkage=0.05


Tree=157
num_leaves=31
num_cat=0
split_feature=3 1 1 12 12 12 5 5 7 7 5 12 12 1 1 8 7 7 7 8 7 8 5 12 8 7 7 1 1 8
split_gain=118.923 21.6351 15.4641 9.51519 10.96 11.7746 21.4624 11.2989 10.9138 12.9247 10.7384 9.38841 9.19838 9.52715 20.5339 9.03366 10.9015 8.97337 8.75687 10.6926 11.881 8.73266 17.8307 12.9211 9.42376 8.69616 8.67654 19.5294 14.355 11.461
threshold=1.0000000180025095e-35 0.78249466419219982 0.55748349428176891 40.500000000000007 247.50000000000003 1321.5000000000002 4.9898061752319345 4.9298512935638437 2.5249279737472539 4.7664294242858896 4.9259731769561776 333.50000000000006 140.50000000000003 0.79787367582321178 0.84805074334144603 8.7000975608825701 0.89587974548339855 7.2737860679626474 3.6242519617080693 11.824220180511476 1.4978661537170412 10.463317394256594 4.5560796260833749 511.50000000000006 7.910548448562623 3.5972183942794804 1.0000000180025095e-35 0.74679896235466015 0.57550552487373363 8.9872593879699725
decision_type=2 2 2 2 2 2 2 2 2 2 2 2 2 2 2 2 2 2 2 2 2 2 2 2 2 2 2 2 2 2
left_child=1 18 -2 -3 12 6 7 10 15 11 -6 -10 13 -5 -15 16 -8 -4 19 21 -21 24 23 -23 25 -1 27 28 -26 -29
right_child=2 3 17 4 5 -7 8 -9 9 -11 -12 -13 -14 14 -16 -17 -18 -19 -20 20 -22 22 -24 -25 26 -27 -28 29 -30 -31
leaf_value=-0.012473160984194234 -0.00022243237233866104 -0.075218070632170453 0.0057726589103626541 0.02962629902047715 -0.033776812080621742 0.0095936579171933892 0.025080066035692013 -0.083908691582337241 -0.073443514412780575 -0.094277871451638975 0.056552148917185567 0.028244119516393357 0.03613332737829026 -0.070454332324593485 0.065441605380308215 0.029771865885205841 -0.061674751304784281 0.03705616895784123 -0.0056034705610213328 0.036680809769527027 -0.039825456956242511 0.042267311342519348 -0.073303188723578272 -0.04406168949853953 -0.0049916916933159423 -0.055904141252463305 -0.0031803935760477391 -0.089695027650459003 -0.067717252291350727 0.04814275586512843
leaf_weight=1420.828440717014 1389.5590477070236 3.7269378895271066 3655.3682492501193 12.932634766058984 32.352846876999138 162.04661330276849 4.8828400171023594 10.330632211464033 2.3821518182503487 2.4440865773085525 3.6626980115270262 48.144904002098883 45.577714873863442 9.4627272410289134 3.9358744138535249 6.3265064893785157 14.013121712888276 23.067290321258042 1452.5812402910155 22.511967108269861 6.5513207050095721 8.6885623514585308 16.597341535252383 8.6490247207998419 15.152824416886629 11.619984531735552 505.60987347988288 1.751003287576167 22.914834981884155 10.870369939901137
leaf_count=1701695 35654 5350 21589 5638 27377 51432 2659 9615 2874 2058 579 18315 15549 10150 1226 1440 16083 96 1253695 3280 6672 1216 13573 4653 28002 17716 329071 1245 10562 762
internal_value=-0.000767302 -0.00737153 0.00427129 0.00426177 0.00508804 0.000708823 -0.0108518 -0.0378127 0.00512819 0.018018 -0.0245906 0.0234499 0.022541 -0.000986436 -0.0305345 -0.0219424 -0.0392567 0.00596884 -0.008574 -0.0106771 0.0194351 -0.0111097 -0.0362602 -0.000798754 -0.0106806 -0.0128255 -0.00515754 -0.024879 -0.0427494 0.0290201
internal_weight=8934.54 3866.55 5067.99 362.222 358.495 286.586 124.54 46.3462 78.1936 52.9711 36.0155 50.5271 71.909 26.3312 13.3986 25.2225 18.896 3678.44 3504.33 2051.75 29.0633 2022.68 33.9349 17.3376 1988.75 1432.45 556.299 50.689 38.0677 12.6214
internal_count=3599826 3542487 57339 170345 164995 132432 81000 37571 43429 23247 27956 21189 32563 17014 11376 20182 18742 21685 3372142 2118447 9952 2108495 19442 5869 2089053 1719411 369642 40571 38564 2007
is_linear=0
shrinkage=0.05


Tree=158
num_leaves=31
num_cat=0
split_feature=3 1 0 7 0 1 0 7 1 1 5 1 7 0 8 0 1 7 8 1 9 1 7 8 0 8 7 7 5 1
split_gain=119.745 23.2247 16.5841 12.672 10.0994 9.34339 9.03598 8.74473 8.43927 15.9741 10.6566 8.42946 12.2804 7.91149 7.77562 11.9459 10.6742 13.0583 10.4007 16.0916 17.4497 14.181 12.8257 13.1714 8.98901 8.35309 8.0468 12.8577 7.99046 7.57313
threshold=1.0000000180025095e-35 0.5230008363723756 53.833591192465981 5.8930234909057626 22.290801048278812 0.70259901881217968 52.451335135971028 2.1383330821990971 0.74510830640792858 0.74591583013534557 4.5279338359832773 0.75382152199745189 5.5664324760437021 15.800721287727358 5.9228956699371347 26.288430452346805 0.75568625330924999 3.8606742620468144 6.5517940521240243 0.7605576515197755 1.0000000180025095e-35 0.75872755050659191 3.8393944501876835 8.5174932479858416 52.451335135971028 8.7000975608825701 5.2122108936309823 4.8789997100830087 4.5279338359832773 0.64643323421478283
decision_type=2 2 2 2 2 2 2 2 2 2 2 2 2 2 2 2 2 2 2 2 2 2 2 2 2 2 2 2 2 2
left_child=2 4 3 11 -2 29 -7 -3 -9 -10 -11 13 14 -1 26 -16 17 25 19 -18 -21 22 -20 -24 -23 -17 27 -13 -26 -5
right_child=1 7 -4 5 -6 6 -8 8 9 10 -12 12 -14 -15 15 16 18 -19 21 20 -22 24 23 -25 28 -27 -28 -29 -30 -31
leaf_value=-0.031997811138966152 -0.0116233208529252 0.0029350024254899717 6.2405485230642379e-05 0.0021482337352513921 0.0011122694468659203 0.010126241280300326 0.057451788034351969 0.0068202809279160467 0.063528788685018336 0.038631854526894847 0.010601277456016196 0.0084461514894157291 -0.069706391204681972 -0.0096689139833811139 -0.08723840683287945 0.048715324787302103 0.028083295288211674 -0.085895882938621007 -0.091864769630703905 -0.075250941363677534 0.0079174230312802421 0.0015715088989752019 -0.090116876791931588 0.059713606816527744 0.042228431080242351 -0.10085407460505794 0.049584692581809274 -0.09806864207533561 -0.066919428312737853 -0.031314859341475994
leaf_weight=40.320926707463514 182.05951368104979 945.47884852018524 772.39790685403023 63.229455349643104 1073.8485893898505 77.642097398598708 11.591974774208209 2087.3858455905693 15.282059106975792 35.557583113445162 730.68543294803339 96.822423080501721 6.707839013042757 2457.8420363291207 4.4007738870168387 19.334575022139695 8.7917634502136917 2.232758597645442 8.3173523513696619 20.030571704556678 9.2052079177901778 237.63076716809519 2.3603726269666359 3.874550062655544 2.0872212673621098 0.98082697594872925 11.450623401040501 2.9186362078235097 8.5274519942449825 23.079008385649104
leaf_count=223092 11167 6029 277975 85214 22807 20581 758 13483 52 140 3454 52347 4328 2694008 8516 3786 3258 1810 5396 25992 3978 109929 1736 322 668 489 1939 2493 4993 10159
internal_value=9.99971e-05 0.00516351 -0.00649686 -0.00812102 -0.000733913 0.00492939 0.0162741 0.00710526 0.00847962 0.0129116 0.011902 -0.00889922 -0.00256468 -0.0100293 -0.00153869 -0.00541458 -0.00430104 0.0288797 -0.00678808 -0.0312283 -0.0490645 -0.00325152 -0.0512234 0.00299185 -0.000439377 0.0414941 0.00988676 0.0053293 -0.0454571 -0.00679985
internal_weight=8962.07 5070.3 3891.78 3119.38 1255.91 175.543 89.2341 3814.39 2868.91 781.525 766.243 2943.84 445.674 2498.16 438.966 327.774 323.373 22.5482 300.825 38.0275 29.2358 262.798 14.5523 6.23492 248.245 20.3154 111.192 99.7411 10.6147 86.3085
internal_count=3600899 57132 3543767 3265792 33974 116712 21339 23158 17129 3646 3594 3149080 231980 2917100 227652 170873 162357 6085 156272 33228 29970 123044 7454 2058 115590 4275 56779 54840 5661 95373
is_linear=0
shrinkage=0.05


Tree=159
num_leaves=31
num_cat=0
split_feature=3 0 0 0 12 12 12 1 0 12 12 1 7 1 7 1 8 12 0 8 12 9 1 0 12 7 8 12 12 5
split_gain=105.611 19.3689 18.8533 9.58274 8.92289 10.484 10.013 14.9302 8.6203 9.52089 8.9408 12.397 7.55163 14.5299 11.0074 18.3039 12.5606 10.2218 10.8454 11.6084 9.68785 7.94652 9.14696 12.0665 7.9155 7.60064 7.49803 12.1621 16.2212 10.0806
threshold=1.0000000180025095e-35 34.793249309062965 43.5979521188383 19.698451743712216 333.50000000000006 339.50000000000006 234.50000000000003 0.59045517444610607 56.62229317903985 99.500000000000014 116.50000000000001 0.72655618190765392 3.0201274156570439 0.79939696192741405 2.7403194904327397 0.76975703239440929 9.6954884529113787 1488.5000000000002 51.302268195318909 6.8029501438140878 2202.5000000000005 1.0000000180025095e-35 0.49188277125358587 54.385770927498022 401.50000000000006 2.9174053668975835 6.6253843307495126 2499.5000000000005 2811.5000000000005 4.999742031097413
decision_type=2 2 2 2 2 2 2 2 2 2 2 2 2 2 2 2 2 2 2 2 2 2 2 2 2 2 2 2 2 2
left_child=2 4 3 -1 6 -6 -2 -8 9 -3 11 -11 13 14 16 17 21 18 19 -16 25 -12 24 -24 -23 -19 27 -7 29 -29
right_child=1 8 -4 -5 5 26 7 -9 -10 10 12 -13 -14 -15 15 -17 -18 20 -20 -21 -22 22 23 -25 -26 -27 -28 28 -30 -31
leaf_value=-0.023763961702660801 0.0017477485426832624 0.019743046490127036 -0.0022444024253375316 -0.008601388402341403 -0.059428809842832477 0.0060230486300387959 -0.0044753986066697364 0.031632552164684524 0.012100266418201422 0.0012777865115736291 0.0032284840458418349 -0.073823429884697686 0.0076059801561441064 0.026456126352888389 -0.0081126238311319578 -0.091484998788256777 0.033123610202337027 0.051471027201254162 0.019386061557816386 -0.048998561916684759 -0.017689910566923175 -0.03717472167835284 -0.028874513950087406 0.039889563212309104 0.03165710920944198 -0.0058926445156788684 -0.0040086925988414941 -0.087678300698629544 -0.0026199179077018575 -0.018095432290765351
leaf_weight=109.43734636293311 260.4394970483927 114.00437729802252 1594.509284966141 2179.0034632533088 7.6859171728719948 555.40096687048799 44.153062992319974 81.42172812368517 648.01246756304681 15.455290520447308 645.18225119682552 8.5263599604368192 1397.491521508641 56.444490398202561 37.800396922713844 7.0203399807214728 32.322577148064738 16.330564070300174 15.461257692953948 32.105708130506173 16.933266727777664 5.5172840064042274 61.145786414643226 7.1228434946387997 17.190568386657105 8.9333915371025778 840.87995948250273 10.195700455106817 80.008762156152443 10.633547098012059
leaf_count=488511 3075 625 750584 2304437 115 8994 1155 396 3902 106 5178 41 10773 283 274 50 219 100 86 349 207 71 539 33 328 80 17991 299 1804 165
internal_value=-0.000222604 0.00455657 -0.00641827 -0.00932649 0.00055785 -0.00118179 0.00733951 0.0189367 0.00696218 0.00562769 0.00495183 -0.0254235 0.00526088 0.00184534 0.000307085 -0.0128837 0.00261721 -0.00855801 -0.018509 -0.0268903 0.0115733 0.00127776 -0.0125563 -0.0217 0.0149332 0.0311871 -0.000882761 0.00312269 -0.0128521 -0.0521555
internal_weight=8916.77 5033.82 3882.95 2288.44 1890.82 1504.8 386.014 125.575 3143 2494.99 2380.98 23.9817 2357 959.511 903.066 134.585 768.481 127.565 85.3674 69.9061 42.1972 736.159 90.9765 68.2686 22.7079 25.264 1497.12 656.239 100.838 20.8292
internal_count=3600770 57238 3543532 2792948 33994 29368 4626 1551 23244 19342 18717 147 18570 7797 7514 1146 6368 1096 709 623 387 6149 971 572 399 180 29253 11262 2268 464
is_linear=0
shrinkage=0.05


Tree=160
num_leaves=31
num_cat=0
split_feature=3 1 1 1 1 1 1 12 1 11 7 12 12 1 7 12 7 1 12 7 11 11 1 1 1 12 11 1 1 12
split_gain=112.273 17.1972 14.4387 7.36627 9.29023 7.58546 14.6931 12.1717 8.65728 15.1921 14.9138 8.44806 13.7846 10.7628 10.9369 8.9545 8.75154 7.3977 7.3095 7.26049 8.49196 14.8151 11.8229 8.39658 7.75937 7.14296 6.92171 12.7628 12.1356 14.5325
threshold=1.0000000180025095e-35 0.60841339826583873 0.63116854429245006 0.81956934928894054 0.85659196972846996 0.64529997110366832 0.65093171596527111 5557.5000000000009 0.64400336146354686 40.500000000000007 0.89587974548339855 938.50000000000011 1073.5000000000002 0.64157921075820934 2.0126758217811589 260.50000000000006 1.7005987167358401 0.63513842225074779 3321.5000000000005 1.8688347935676577 33.500000000000007 36.500000000000007 0.54567015171051036 0.62840399146080028 0.53865098953247081 1084.5000000000002 45.500000000000007 0.5521238148212434 0.59817656874656688 2156.5000000000005
decision_type=2 2 2 2 2 2 2 2 2 2 2 2 2 2 2 2 2 2 2 2 2 2 2 2 2 2 2 2 2 2
left_child=2 18 19 5 -5 8 7 -7 10 -10 -4 15 -13 16 -15 17 -14 -12 -2 -1 -21 22 24 26 -22 -18 28 -28 -23 -30
right_child=1 -3 3 4 -6 6 -8 -9 9 -11 11 12 13 14 -16 -17 25 -19 -20 20 21 23 -24 -25 -26 -27 27 -29 29 -31
leaf_value=-0.017020103017124245 0.00057247112605910918 0.0076813304977623913 -0.061393622715928103 0.010945568890626039 -0.066479581341657809 -0.038045208047864904 -0.0043484960759096079 0.069159821963217002 0.042702793096475331 -0.078440130236230921 -0.085199313342658511 -0.0926738779704393 -0.082100008405527503 0.035718117806047979 -0.087421044786227364 0.025138835193372386 0.068939151232183513 0.00010206295805873505 0.012806594636183839 -0.0024310304891614091 -0.025794500110985542 -0.009279782991683869 -0.064218735088832565 -0.064644640888455243 0.049568008171808536 0.0043136006853631654 -0.014037810651462436 0.0074725204763347146 -0.05790942179324652 -0.0008930738057507415
leaf_weight=285.9569232048425 1584.5285691294707 3312.3081273166276 9.0662485120844831 118.57903607987964 4.0052480157864911 46.501251024893008 2238.5932264821608 2.8075020696014681 25.980908049456961 2.87429673196766 3.1894050902255904 4.4221344334164305 2.7471192537986999 2.4987530585867699 6.4777735802163079 60.676667585357904 4.6162279507079793 12.515829962512951 132.28321209752721 410.22905671385513 35.30676305799534 231.47843074180491 22.162480514412891 6.7346448571079227 3.7813068159739478 57.966177473694529 132.7642167781778 143.4881490737921 30.32767702155229 17.697529981775801
leaf_count=585435 35228 18523 5620 43606 5940 26477 892742 204 3727 2228 2154 2387 1590 557 3978 15527 139 5046 3413 736744 129198 537916 12639 4388 600 16386 446833 40305 16774 5568
internal_value=0.000630725 0.00557635 -0.00570864 -0.00354893 0.00841582 -0.00414011 -0.00494317 -0.0319413 0.00537816 0.0306356 0.000938973 0.00458234 -0.00691132 -0.00180739 -0.0531434 0.0164291 0.00524638 -0.0172209 0.00151513 -0.0099686 -0.00801842 -0.0116932 -0.0350452 -0.00915036 -0.0185041 0.00908054 -0.00847788 -0.00286514 -0.0140253 -0.0368986
internal_weight=8952.56 5029.12 3923.44 2603.52 122.584 2480.93 2287.9 49.3088 193.032 28.8552 164.176 155.11 78.7282 74.3061 8.97653 76.3819 65.3295 15.7052 1716.81 1319.93 1033.97 623.741 61.2506 562.491 39.0881 62.5824 555.756 276.252 279.504 48.0252
internal_count=3601872 57164 3544708 1028308 49546 978762 919423 26681 59339 5955 53384 47764 25037 22650 4535 22727 18115 7200 38641 2516400 1930965 1194221 142437 1051784 129798 16525 1047396 487138 560258 22342
is_linear=0
shrinkage=0.05


Tree=161
num_leaves=31
num_cat=0
split_feature=3 0 0 1 5 0 7 1 7 7 12 11 5 11 11 12 1 11 7 11 5 12 11 1 0 11 1 1 12 11
split_gain=104.775 22.0226 15.5216 14.8586 12.5828 11.8819 10.8353 10.3903 9.54929 16.6211 13.1605 12.1357 10.2221 8.49543 12.1896 9.43231 8.46931 11.9861 7.84692 7.81709 9.05359 7.61319 15.0846 13.4591 11.8366 11.1424 10.6837 10.4772 8.70852 9.69035
threshold=1.0000000180025095e-35 61.419888893899049 37.813417884444796 0.54881206154823314 4.9714691638946542 24.748343291819769 4.686739683151246 0.6923654079437257 4.4367339611053476 5.3351285457611093 2156.5000000000005 36.500000000000007 4.9787485599517831 47.500000000000007 48.500000000000007 1017.5000000000001 0.52732771635055553 27.500000000000004 5.349482774734498 17.500000000000004 4.9735798835754403 778.50000000000011 28.500000000000004 0.80469611287117015 24.619906067848209 20.500000000000004 0.69590678811073314 0.73426711559295665 916.50000000000011 41.500000000000007
decision_type=2 2 2 2 2 2 2 2 2 2 2 2 2 2 2 2 2 2 2 2 2 2 2 2 2 2 2 2 2 2
left_child=2 3 4 5 7 -2 -7 -1 -6 10 -10 19 -13 -3 -15 -16 -12 -18 -14 -11 -21 -9 23 25 -24 27 -26 -23 -28 -30
right_child=1 13 -4 -5 8 6 -8 21 9 11 16 12 18 14 15 -17 17 -19 -20 20 -22 22 24 -25 26 -27 28 -29 29 -31
leaf_value=-0.0092656621463781379 -0.0097362960401123078 0.018611419894695159 -0.0033338566651245367 0.0055469346499997171 -0.011848145178059637 -0.00070214271764748994 0.012805677168574947 0.011454942029155887 -0.06131269617337777 0.015950999916957795 0.026980539570381958 -0.081479956178124549 0.069544049825926046 -0.037961021183620651 -0.033009782490743537 0.023959618396659929 0.031770327596569552 -0.064295003655157695 0.0044294762968456356 0.043067934623250426 -0.078863997945690323 0.014604483338114371 -0.079131940411169444 0.040262719823117993 -0.089255889092996032 -0.088215207156242426 -0.068215609077269965 -0.088771305419610189 0.020606258303249862 -0.0086837438419772456
leaf_weight=601.78905734841248 288.53955897526157 361.99274358309049 2157.6862618947589 3300.2958908086175 714.48449576305291 800.06625126333893 182.28471946624268 126.74490356632032 41.432368082625842 4.2112613982278644 8.0739059592457938 3.0727379243167965 5.3441987664479589 16.701550252444576 9.1618204498954565 35.105850747459044 4.5979295566698957 11.051530070078114 34.468079980560447 1.7599719873787751 11.277659464049121 7.6357431124442936 4.3369585945238205 4.5164233335444797 2.9442005816617884 11.742815505309862 3.7206035828339727 3.6097298766189851 74.196191006632944 45.589387909033576
leaf_count=963439 14758 2168 1194365 20283 1098518 16016 3571 59437 71133 2185 19810 7031 649 117 79 190 767 6804 31522 774 16498 3362 7833 1078 2033 9492 3504 3532 18184 21685
internal_value=-2.29811e-06 0.00478793 -0.00616124 0.00377796 -0.00969455 -0.000815796 0.00180436 -0.00554095 -0.0140809 -0.0268134 -0.0443088 -0.00785685 0.00638839 0.0157033 -0.00156333 0.012169 -0.0146118 -0.0360703 0.0131701 -0.043274 -0.0624042 0.00232292 -0.00498913 -0.038647 0.00208917 -0.0541501 0.00487487 -0.0185785 0.0071188 0.00945873
internal_weight=8878.43 4994.15 3884.29 4571.19 1726.6 1270.89 982.351 886.826 839.774 125.29 65.1557 60.1339 42.885 422.962 60.9692 44.2677 23.7234 15.6495 39.8123 17.2489 13.0376 285.037 158.292 27.5047 130.787 22.9883 126.45 11.2455 123.506 119.786
internal_count=3600817 57182 3543635 54628 2349270 34345 19587 1093579 1255691 157173 98514 58659 39202 2554 386 269 27381 7571 32171 19457 17272 130140 70703 17464 53239 16386 45406 6894 43373 39869
is_linear=0
shrinkage=0.05


Tree=162
num_leaves=31
num_cat=0
split_feature=0 0 0 0 12 1 1 0 0 5 0 11 1 12 12 12 12 0 1 7 1 7 7 0 9 7 7 12 0 0
split_gain=35.1189 13.6283 12.5686 8.51334 17.6188 9.73976 9.78758 10.0777 10.6935 14.7459 9.05189 12.649 7.95354 9.49172 9.07321 8.65282 14.4001 10.1336 10.8635 9.69171 12.144 8.06275 8.46573 10.8542 7.93534 9.48762 9.23933 10.0147 9.78977 7.77598
threshold=37.482618228146755 68.993868182074962 11.901365082409031 36.952164411544807 4079.5000000000005 0.63116854429245006 0.63662463426589977 35.847203636625643 28.864580531135292 4.9123389720916757 36.785109005326383 24.500000000000004 0.78249466419219982 128.50000000000003 63.500000000000007 234.50000000000003 333.50000000000006 61.419888893899049 0.78517657518386852 1.0000000180025095e-35 0.78923356533050548 3.9019216299057011 3.9981586933135991 37.645366161003047 1.0000000180025095e-35 7.1974341869354257 3.9219243526458745 2642.5000000000005 34.934580500903401 39.276136892432994
decision_type=2 2 2 2 2 2 2 2 2 2 2 2 2 2 2 2 2 2 2 2 2 2 2 2 2 2 2 2 2 2
left_child=2 12 -1 5 -5 -4 7 8 9 -7 -8 -12 -2 14 -14 17 -17 -15 -19 20 -18 29 23 -23 26 -26 28 -28 -10 -21
right_child=1 -3 3 4 -6 6 10 -9 24 -11 11 -13 13 15 -16 16 19 18 -20 21 -22 22 -24 -25 25 -27 27 -29 -30 -31
leaf_value=-0.043822656801981719 0.0018068656628608193 0.012167612562546087 -0.0048331880374557863 -0.022549658465671554 0.040826818896616303 -0.062270200170678372 -0.0010013369482328174 -0.088792312941866458 0.060092385807861026 0.018790550658551185 -0.049918410020358094 0.037598280451255947 0.0088783310795820247 0.0366347990048334 -0.04799555076544218 -0.026674558863511801 0.027026001855257217 0.061721843460872172 -0.089649213615116852 -0.03048192634517732 -0.079072758265138446 0.09751566124060751 0.0053064848565857444 -0.074271240520815546 -0.090662575818023089 0.1019855447191266 -0.058550899450242368 0.06183692036657093 -0.092442263271237821 0.018540802489258448
leaf_weight=18.710636657992836 3966.0104634189711 404.80798411304022 1937.8838782226953 105.7306276318543 12.235309546734923 7.5335497221927907 1791.3620058976394 2.1441964045252453 30.995688738667923 21.976978446576481 4.8150179609801844 28.965864227060592 13.744581529864947 46.241353973677178 14.317243842744572 28.794473391642896 4.5307311221840774 1.8199080669328385 3.3990377775353409 8.371083976823682 6.6637073794336175 1.0760803880257288 179.86528950723027 6.3197739872593957 2.3436675397551876 0.87871715546270923 4.1245149141241191 2.9724148917794082 1.0888547960748827 240.13610708407759
leaf_count=106629 1064116 55653 1750728 40897 2004 2980 440170 767 2911 5212 1297 3769 6591 9538 7624 9214 567 62 913 2844 2730 31 32157 2006 479 10 1167 242 381 46618
internal_value=0.000557509 0.00337848 -0.00293952 -0.00274611 -0.0159763 -0.00233937 0.000205244 0.0180242 0.0212091 -0.00190292 -0.000517794 0.0251239 0.00259156 0.0081961 -0.0201389 0.00970426 0.00759759 0.0291807 -0.0368643 0.00980549 -0.0361313 0.0109856 0.00315073 -0.0492766 0.0372936 -0.0381291 0.0434966 -0.00812874 0.0549158 0.0168894
internal_weight=8899.86 4926.1 3973.76 3955.05 117.966 3837.09 1899.2 74.0586 71.9144 29.5105 1825.14 33.7809 4521.29 555.279 28.0618 527.218 475.757 51.4603 5.21895 446.963 11.1944 435.768 187.261 7.39585 42.4039 3.22238 39.1815 7.09693 32.0845 248.507
internal_count=3600307 1240664 2359643 2253014 42901 2210113 459385 14149 13382 8192 445236 5066 1185011 120895 14215 106680 96167 10513 975 86953 3297 83656 34194 2037 5190 489 4701 1409 3292 49462
is_linear=0
shrinkage=0.05


Tree=163
num_leaves=31
num_cat=0
split_feature=0 0 11 1 1 11 11 0 12 12 1 12 12 12 12 12 1 9 8 8 1 1 11 11 1 1 1 12 11 1
split_gain=23.0608 12.2898 13.4347 9.3725 13.4344 8.217 8.08338 6.77565 13.668 6.92228 9.27776 8.06658 12.381 9.09464 9.00983 7.37442 7.23907 7.4809 11.36 7.15387 6.57998 9.71683 6.52986 6.94649 6.4551 10.6715 11.8326 6.44256 6.21507 5.8398
threshold=43.38945954938027 19.214056814547806 65.500000000000014 0.7401108741760255 0.73931056261062633 6.5000000000000009 18.500000000000004 68.993868182074962 164.50000000000003 1515.5000000000002 0.73342257738113414 827.50000000000011 778.50000000000011 886.50000000000011 896.50000000000011 1949.5000000000002 0.73092478513717662 1.0000000180025095e-35 8.0065340995788592 9.2858648300170916 0.69408443570137035 0.7231939733028413 26.500000000000004 49.500000000000007 0.67612046003341686 0.67436936497688305 0.63662463426589977 916.50000000000011 98.500000000000014 0.61655089259147655
decision_type=2 2 2 2 2 2 2 2 2 2 2 2 2 2 2 2 2 2 2 2 2 2 2 2 2 2 2 2 2 2
left_child=1 2 5 4 7 27 -6 -2 -9 10 11 12 22 -13 -15 19 17 -17 -19 -11 24 -22 -10 -24 25 26 29 -1 -3 -16
right_child=3 28 -4 -5 6 -7 -8 8 9 15 -12 13 -14 14 20 16 -18 18 -20 -21 21 -23 23 -25 -26 -27 -28 -29 -30 -31
leaf_value=0.052562304289231365 0.0010844134362189767 -0.0009642432036268537 0.070831127860919371 0.007097839803611939 0.048873429162950968 -0.016414623970373503 -0.087939636607890559 -0.061950569677300407 -0.035497613981347508 0.039922362417293793 -0.076303649226101083 -0.093711996590834332 0.071223608800590116 0.087943381987900915 -0.029072580489977601 0.02127371524183061 -0.062973151261272814 -0.081378553684666732 0.057437539685480501 -0.099293907940981224 0.029001649576686696 -0.062971756033398649 0.019577832764012426 -0.095419778906433106 -0.07452255251308533 0.074216907574140775 -0.093885266261253125 -0.083683759513768899 -0.084187733672505025 0.039960800304466533
leaf_weight=6.9169698023260624 2062.7779005922539 5130.4302279293206 4.699719003038779 1283.5995571792191 1.3023939870017773 216.57041675901493 6.3123202927890816 6.3752487684722601 7.0806935725064468 43.963858764220731 3.4875516684169261 2.9252218797612377 9.4904379254812721 2.5823849820369551 7.8287627049740056 47.098206760682388 3.2151697974040863 4.4470260765610865 2.2043425056872366 0.94256970703645393 16.825903687520626 3.4626895621513532 43.901805917589627 1.3536820298054397 5.1998018017293353 3.0463146893162039 4.8239942732288901 0.99211289371655365 2.2443178534658719 5.0330070677555341
leaf_count=3943 531739 2364029 6080 205400 153 445367 1941 3329 2430 4184 564 869 704 129 4818 6454 423 1578 90 91 934 435 8140 399 525 43 641 856 3298 143
internal_value=0.000568222 -0.00150646 -0.0128349 0.00367615 0.00176295 -0.0145865 -0.0645396 0.00198361 0.0102168 0.0123185 0.00402353 0.00649059 0.0186801 -0.00807865 -0.00294583 0.0218487 0.00990444 0.0142638 -0.0353733 0.0370003 -0.0080239 0.0133044 0.00915211 0.016138 -0.0247107 -0.0122175 -0.0271055 0.0354716 -0.00100063 -0.00205876
internal_weight=8941.13 5361.85 229.179 3579.28 2295.68 224.479 7.61471 2288.07 225.289 218.913 117.042 113.555 61.8266 51.7281 48.8029 101.871 56.9647 53.7496 6.65137 44.9064 46.2205 20.2886 52.3362 45.2555 25.9319 20.7321 17.6858 7.90908 5132.67 12.8618
internal_count=3599729 2823573 456246 776156 570756 450166 2094 568662 36923 33594 20774 20210 11673 8537 7668 12820 8545 8122 1668 4275 7539 1369 10969 8539 6170 5645 5602 4799 2367327 4961
is_linear=0
shrinkage=0.05


Tree=164
num_leaves=31
num_cat=0
split_feature=0 0 0 1 1 0 1 8 11 0 5 5 1 12 8 12 11 11 12 1 12 12 5 11 0 12 1 1 5 1
split_gain=43.7522 14.9621 8.99343 9.43655 10.3651 11.4795 10.2977 9.31053 9.45562 15.0312 8.25825 8.66608 10.3178 9.49639 12.6107 11.9172 9.49715 12.1207 9.05398 14.6299 12.0331 12.4927 9.50477 9.1796 9.00577 14.3164 12.4332 20.4367 14.5649 9.57467
threshold=43.38945954938027 12.814746206960992 27.84568023681641 0.63513842225074779 0.70431455969810497 17.520705336326504 0.69836860895156871 5.995206594467164 14.500000000000002 29.685658880938721 4.8622272014617929 4.8846635818481454 0.75467136502265941 215.50000000000003 1.0000000180025095e-35 128.50000000000003 27.500000000000004 30.500000000000004 345.50000000000006 0.7401108741760255 438.50000000000006 387.50000000000006 4.9001717567443857 86.500000000000014 33.056870937347419 606.50000000000011 0.68873161077499401 0.72571015357971203 4.9773013591766366 0.61655089259147655
decision_type=2 2 2 2 2 2 2 2 2 2 2 2 2 2 2 2 2 2 2 2 2 2 2 2 2 2 2 2 2 2
left_child=1 -1 3 -3 6 -6 -5 8 9 -4 -10 -12 13 14 16 -16 -13 -18 -15 20 21 -20 23 -22 29 -26 -27 -28 -29 -24
right_child=-2 2 7 4 5 -7 -8 -9 10 -11 11 12 -14 18 15 -17 17 -19 19 -21 22 -23 24 -25 25 26 27 28 -30 -31
leaf_value=-0.04390750023798283 0.0039518882463466633 -0.0091860187471395644 -0.074335522072516785 0.0010718656771662317 0.075157217006530885 -0.012811612744128396 0.030120275918162371 -0.0032266922600230155 -0.0067867541114609619 0.030882847592287984 0.029201266470084732 -0.084713630466153864 0.017502189733322369 0.021951834704638587 0.022478391356589654 -0.032906459312261625 0.046665423059758661 -0.054719940126919053 0.0077536182830344252 -0.043380089308800857 -0.053156733405026003 -0.067665264854933502 -0.020970365868417808 0.095477919546768195 0.036730374590313815 0.011710262942894956 -0.040964611875908316 -0.071526541310941064 0.042426595273701406 0.0060614206625715867
leaf_weight=22.48862192381057 3587.3968293487742 984.65285852650197 3.6555060714591709 345.6069856637522 3.7885972493004365 175.54688752984703 33.463758129098096 2688.4614946957199 236.97511040424774 47.503943281296642 32.529439709556527 9.8741778579321835 101.27108015986869 53.278450806236037 22.774967187707148 16.934344068243263 4.5027404110678608 8.5371687801232365 9.9486928002074837 18.500492454099003 11.185080790987739 12.25393429651467 56.915961695931742 1.1451310921220272 43.444010558484933 178.44433781719772 31.896039799696155 3.3671761843688754 16.76906401983797 77.17622992761676
leaf_count=120270 776591 1101898 2309 96122 1618 67681 8702 1028391 109412 18123 10710 4984 23080 20191 11025 9778 1037 6299 5070 5126 6014 7163 46186 140 11742 74018 9184 935 2200 13984
internal_value=-0.000304548 -0.00321143 -0.00303645 -0.00624147 -0.00104927 -0.0109532 0.00363621 -0.00169523 0.00242664 0.0233647 0.00129638 0.00399143 0.00278229 0.00019852 -0.0181851 -0.00114091 -0.0477221 -0.0197111 0.00243688 0.000181736 0.00200283 -0.0338711 0.0038977 -0.0393527 0.00520473 0.0104021 0.00543931 -0.0160669 0.0233714 -0.00541233
internal_weight=8840.29 5252.89 5230.4 1543.06 558.406 179.335 379.071 3687.34 998.883 51.1594 947.724 710.749 678.219 576.948 62.6234 39.7093 22.9141 13.0399 514.325 461.046 442.546 22.2026 420.343 12.3302 408.013 273.921 230.477 52.0323 20.1362 134.092
internal_count=3599983 2823392 2703122 1276021 174123 69299 104824 1427101 398710 20432 378278 268866 258156 235076 33123 20803 12320 7336 201953 181762 176636 12233 164403 6154 158249 98079 86337 12319 3135 60170
is_linear=0
shrinkage=0.05


Tree=165
num_leaves=31
num_cat=0
split_feature=3 1 1 11 11 11 1 10 8 5 5 11 8 11 8 7 7 10 1 1 8 11 7 1 7 8 8 7 11 7
split_gain=89.4833 14.9755 14.3741 10.0384 9.20015 10.7768 9.39014 9.05287 8.87201 7.90115 19.6867 13.2164 11.6258 7.58243 16.7452 11.7202 7.48178 7.26869 7.43253 16.4197 11.41 8.82288 16.5378 13.4307 10.9319 11.4622 9.21572 8.07742 10.6292 7.829
threshold=1.0000000180025095e-35 0.64039209485054027 0.60663357377052318 57.500000000000007 17.500000000000004 13.500000000000002 0.64529997110366832 1.0000000180025095e-35 2.4414010047912602 4.955228567123414 4.6006991863250741 18.500000000000004 6.908255100250245 18.500000000000004 7.0904934406280526 4.6298508644104013 1.2424533367156985 1.0000000180025095e-35 0.68142026662826549 0.70345124602317821 10.411811828613283 16.500000000000004 4.4716224670410165 0.75775337219238292 2.0126758217811589 13.815511226654055 10.411811828613283 2.1383330821990971 14.500000000000002 3.3140207529067998
decision_type=2 2 2 2 2 2 2 2 2 2 2 2 2 2 2 2 2 2 2 2 2 2 2 2 2 2 2 2 2 2
left_child=1 -1 -2 7 5 8 9 -4 -3 10 12 -12 -6 14 -8 -16 -11 18 -7 20 -20 22 23 27 25 -23 -25 -21 -29 -30
right_child=2 4 3 -5 6 17 13 -9 -10 16 11 -13 -14 -15 15 -17 -18 -19 19 21 -22 24 -24 26 -26 -27 -28 28 29 -31
leaf_value=-0.0099306376871119428 0.00063644749820908374 0.025737235837283282 0.0057151995078103934 0.039430942993655849 -0.087711945563511251 0.025679474580979269 -0.081397081671187949 0.02496645541417461 -0.027593773811602964 -0.079774078428215531 0.047999331536885431 -0.086255044168733544 0.048246553293367272 -0.0046662512316513471 -0.026415247182508313 0.057245915368873961 0.028593627949598757 0.049483967350930663 -0.069084015605359081 0.035563623957526262 0.056025594032738435 -0.085125802639592088 -0.093858417702859645 -0.050382746955169359 0.036019800029626681 0.072129861637219378 0.048253029724982431 -0.078368071601335521 -0.037576164335302281 0.035295202336802646
leaf_weight=1394.4125788281463 1693.5543472884906 10.006075610830292 3144.6610197943251 22.734874191926792 1.8100963503934533 47.454235196970785 10.375393518019793 62.276599264710967 35.344320468439719 1.6487699448516639 2.305549221679029 8.9464673774709791 11.971640436046981 2155.4973154198701 15.582864519454235 5.7239900395979921 46.870382296105618 11.711954252223221 11.507783019824272 27.331686722664926 2.1653109634316925 3.9430070242997308 4.6044024977945801 14.215525507081113 37.932309317522595 1.6410247087478635 2.8414457415710777 4.0579935516007053 5.4432129544748049 11.416040210509889
leaf_count=2553448 38587 4120 18195 130 1430 12200 9899 333 33532 1178 57 5416 1499 849792 6021 382 10028 1411 8198 5775 61 4006 3419 13848 7975 1 156 3337 2997 2193
internal_value=-0.000110004 -0.00578133 0.00436736 0.00632375 -0.00345988 0.00603092 -0.00443223 0.00608905 -0.0158269 0.0131399 -0.00967453 -0.0587462 0.0303897 -0.00502317 -0.0293059 -0.00394005 0.0249111 0.0113527 0.00879419 0.00248986 -0.0492713 0.00872945 -0.00227259 0.00418468 0.0264046 -0.0389118 -0.0339514 0.0176666 -0.00571876 0.0117678
internal_weight=8809.99 3886.76 4923.23 3229.67 2492.35 231.616 2260.73 3206.94 45.3504 73.5529 25.0338 11.252 13.7817 2187.18 31.6822 21.3069 48.5192 186.266 174.554 127.1 13.6731 113.427 69.9103 65.3059 43.5163 5.58403 17.057 48.2489 20.9172 16.8593
internal_count=3599624 3542379 57245 18658 988931 103229 885702 18528 37652 19608 8402 5473 2929 866094 16302 6403 11206 65577 64166 51966 8259 43707 31725 28306 11982 4007 14004 14302 8527 5190
is_linear=0
shrinkage=0.05


Tree=166
num_leaves=31
num_cat=0
split_feature=3 0 1 1 0 1 12 12 1 1 0 0 8 12 12 8 11 0 12 1 1 5 7 11 12 11 5 8 7 9
split_gain=107.741 23.2199 19.5935 15.6269 11.8131 12.9915 9.6614 19.9318 18.1859 14.5572 13.3752 13.0548 10.7749 9.0427 12.1014 9.96453 8.61395 7.97755 9.72531 9.82638 13.6695 11.8628 22.1731 10.3848 9.83686 12.0473 9.76538 10.6957 10.3442 9.3617
threshold=1.0000000180025095e-35 39.451579069391308 0.63116854429245006 0.38465785980224615 62.415248971010449 0.64039209485054027 3180.5000000000005 5070.5000000000009 0.7401108741760255 0.71844381093978893 46.127057805926604 33.056870937347419 11.512930393218996 105.50000000000001 63.500000000000007 9.3922448158264178 30.500000000000004 22.401018179982206 1987.5000000000002 0.61965674161911022 0.60663357377052318 4.9111537933349618 5.4227426052093515 47.500000000000007 2274.5000000000005 49.500000000000007 4.9649465084075937 11.161240100860597 5.6920459270477304 1.0000000180025095e-35
decision_type=2 2 2 2 2 2 2 2 2 2 2 2 2 2 2 2 2 2 2 2 2 2 2 2 2 2 2 2 2 2
left_child=2 3 17 -2 6 -6 -4 8 9 -8 -11 -9 -10 14 15 -7 -13 -1 -19 20 24 23 -23 -21 25 26 -20 28 -28 -22
right_child=1 -3 4 -5 5 13 7 11 12 10 -12 16 -14 -15 -16 -17 -18 18 19 21 29 22 -24 -25 -26 -27 27 -29 -30 -31
leaf_value=-0.021778292109726483 -0.0049337709911154264 0.0083702899149423436 -0.0041938353442995029 0.0039268514507309156 -0.096256804913484373 -0.082265065926885608 -0.03365248772282995 -0.067120892958225875 -0.077889437282940899 0.030470972147732124 -0.079542168893888057 -0.084979364178114525 0.030603953319744651 0.0037218268951003937 0.055681853287240873 0.056023997682317354 0.020901253355168278 -0.012488694285437356 0.036954470775419752 0.06139987427557652 -0.071049438218378599 -0.069442642400726284 0.046273035243483508 -0.087037911837540227 -0.0085538745111322211 -0.077663202758893948 -0.037952435307535504 0.064864377708811899 0.051429360891741986 0.0058281040312174433
leaf_weight=159.96792819325265 683.77435055075512 2429.9800400790791 2118.3275215743784 1827.6100697387446 3.1337278835489988 3.3837219424367531 47.132413064973662 5.2287093238692242 22.978585409005067 19.625436689608254 3.215482234965747 2.0088797770113151 2.541600153395847 303.93708478645021 18.041973791618148 2.1179928714700509 43.871225885690365 841.81205324975895 35.131002352107714 16.941458371953562 12.524481880135683 7.7111614428439479 8.9386000289177883 1.2663616142490344 154.66996999470325 3.3315084554135401 15.988015974284457 4.5757666884669552 4.0587284952900964 5.7910167500440357
leaf_count=693096 25706 16864 895282 14729 797 2481 26278 6665 17365 5012 2030 1354 219 57235 2201 18 10846 1451676 34521 2151 7123 4341 758 815 276620 9603 30664 307 1909 1023
internal_value=-6.46484e-06 0.00488586 -0.00625599 0.00151437 -0.00376416 0.00506471 -0.00505292 -0.0174663 -0.0309538 -0.0177765 0.0149836 0.00773437 -0.0670844 0.00603427 0.0358868 -0.029028 0.0162652 -0.0113378 -0.00983687 -0.00159729 -0.00525633 0.0231833 -0.00731946 0.051076 -0.00176693 0.0148731 0.0200324 -0.00411177 -0.0198559 -0.0467422
internal_weight=8809.62 4941.36 3868.25 2511.38 2595.54 330.615 2264.93 146.602 95.4935 69.9733 22.8409 51.1088 25.5202 327.481 23.5437 5.50171 45.8801 1272.71 1112.74 270.928 236.07 34.8576 16.6498 18.2078 217.755 63.085 59.7535 24.6225 20.0467 18.3155
internal_count=3599689 57299 3542390 40435 1027783 62732 965051 69769 50904 33320 7042 18865 17584 61935 4700 2499 12200 2514607 1821511 369835 361770 8065 5099 2966 353624 77004 67401 32880 32573 8146
is_linear=0
shrinkage=0.05


Tree=167
num_leaves=31
num_cat=0
split_feature=3 0 0 12 1 1 7 12 12 7 12 12 5 0 0 0 5 7 5 12 1 1 5 12 0 11 1 1 7 12
split_gain=104.461 20.3212 17.9841 11.0859 10.3969 9.36639 16.3222 20.447 10.6763 15.4257 12.1334 12.0781 13.4146 9.46314 13.1222 9.08261 16.0073 10.0011 8.78914 11.4883 8.70104 14.2728 8.48812 8.85968 8.33533 8.23464 10.4702 8.58154 8.68709 7.9956
threshold=1.0000000180025095e-35 42.492732186608926 38.744354157715868 2033.5000000000002 0.80469611287117015 0.73516836762428295 4.6298508644104013 2811.5000000000005 2225.5000000000005 3.2384861707687382 2961.5000000000005 2439.5000000000005 4.9767591953277597 25.886535644531254 38.172812655546302 38.927114098076352 4.8503038883209237 4.6001451015472421 4.8542356491088876 2682.5000000000005 0.64400336146354686 0.52732771635055553 4.8290307521820077 2565.5000000000005 38.555312328462612 28.500000000000004 0.80857551097869884 0.78118044137954723 3.5408543348312382 1624.5000000000002
decision_type=2 2 2 2 2 2 2 2 2 2 2 2 2 2 2 2 2 2 2 2 2 2 2 2 2 2 2 2 2 2
left_child=2 3 -1 25 5 8 -7 -8 24 20 11 13 18 -11 -15 16 -4 -18 19 22 21 -10 23 -13 -5 26 27 29 -29 -2
right_child=1 -3 15 4 -6 6 7 -9 9 10 -12 12 -14 14 -16 -17 17 -19 -20 -21 -22 -23 -24 -25 -26 -27 -28 28 -30 -31
leaf_value=-0.0091365023003302931 0.0065824472726123467 0.0092204809582510164 -0.082529800451269036 0.014720005151753862 -0.081539370080393275 0.038522710314119579 -0.059590077607961811 0.029959596589893053 -0.021436112081757917 -0.02623564091456514 0.018112546640922173 -0.088228393878398675 0.0077304619032779361 0.042987958710349911 -0.051537879681827062 -0.0026785702843681262 0.053775223419040286 -0.087960172566528633 -0.057439744009726068 -0.067348064215191211 -0.030661589531072654 0.017614382460522198 0.082188467313219812 0.045151977711263502 0.052855599068222542 -0.0011966020300622307 0.047144946014819111 -0.039182456309281972 0.018184666203662273 -0.013137455436579536
leaf_weight=1820.7431308174555 762.31658351827855 2065.613634023015 2.8291239071618319 78.623349137440755 3.1691481101447598 61.124418125615193 11.237991274334492 14.72917455852439 48.483462763881107 9.459188075263226 171.27425558574032 2.2937871526810323 30.487415877403691 28.078201529224316 4.2238334747962645 2052.295768974659 18.905970733938833 1.3323131485240072 21.612573459137138 4.9884677845402612 39.130221773357334 45.225549501603382 3.9455559150082991 2.7229858907230664 17.521741265663877 1424.0615940819048 14.484722939327183 21.469748643692586 9.5276711154219793 55.118754217444803
leaf_count=2419845 9829 13523 3934 1443 38 289 62 70 2369 391 3218 84 537 341 73 1110648 7994 1863 621 128 411 495 47 52 125 22041 90 119 51 833
internal_value=0.000614845 0.00543454 -0.00550972 0.00272416 0.00878341 0.00926437 0.0244144 -0.00879544 0.00666741 0.00316576 0.00984115 -0.0032991 -0.0166062 0.0177478 0.0306277 -0.00232789 0.0288717 0.0444446 -0.0374693 -0.00653105 -0.0108588 -0.00258968 0.0273199 -0.0158327 0.0216699 0.00113891 0.00499317 0.00427354 -0.0215495 0.00525276
internal_weight=8847.03 4950.92 3896.11 2885.31 598.331 595.162 87.0916 25.9672 508.071 411.925 279.086 107.812 66.0508 41.7612 32.302 2075.36 23.0674 20.2383 35.5634 13.9508 132.839 93.709 8.96233 5.01677 96.1451 2286.98 862.917 848.433 30.9974 817.435
internal_count=3601564 57280 3544284 43757 10794 10756 421 132 10335 8767 5492 2274 1469 805 414 1124439 13791 9857 932 311 3275 2864 183 136 1568 32963 10922 10832 170 10662
is_linear=0
shrinkage=0.05


Tree=168
num_leaves=31
num_cat=0
split_feature=3 0 0 0 12 12 0 12 11 11 1 1 0 12 0 1 1 12 1 12 11 1 11 12 12 8 11 12 11 0
split_gain=75.4301 28.0528 13.8251 11.031 14.6829 17.8886 10.1846 9.81552 17.6919 8.77638 9.92275 12.5763 8.94989 8.21209 17.7492 11.36 11.5049 12.6047 10.9852 8.06525 15.5654 10.5181 7.72838 7.57685 7.3206 7.27355 13.8732 7.26407 9.53276 9.74104
threshold=1.0000000180025095e-35 47.976722137740587 19.856720862298975 49.153644741651085 1205.5000000000002 1242.5000000000002 19.214056814547806 1119.5000000000002 27.500000000000004 20.500000000000004 0.46742680668830877 0.7092360556125642 49.842019936113509 1401.5000000000002 50.568872592870328 0.73176342248916637 0.67883536219596874 1321.5000000000002 1.0000000180025095e-35 105.50000000000001 23.500000000000004 0.83215004205703746 48.500000000000007 724.50000000000011 1360.5000000000002 6.1974613666534433 13.500000000000002 526.50000000000011 17.500000000000004 57.951464589605173
decision_type=2 2 2 2 2 2 2 2 2 2 2 2 2 2 2 2 2 2 2 2 2 2 2 2 2 2 2 2 2 2
left_child=2 6 -1 -4 7 -6 -2 9 -9 10 -5 23 -13 14 -7 16 18 -18 24 20 -11 -21 25 -12 -16 -3 -27 -28 -29 -30
right_child=1 22 3 4 5 13 -8 8 -10 19 11 12 -14 -15 15 -17 17 -19 -20 21 -22 -23 -24 -25 -26 26 27 28 29 -31
leaf_value=-0.023161965563430382 -0.01293615410435036 0.015000610653808494 -0.006933793546511584 0.092583219161527383 -0.083365093875644475 0.034084839957767836 0.0018160424405732848 -0.060856594723165007 0.034462532378312566 -0.089045756345125585 -0.0097448425065751708 -0.090540300195265266 0.02503840475473176 -0.0042167103376815375 -0.054995914783642012 -0.078478573572348831 0.033655503461826566 -0.065316242005476477 -0.097762609282416035 -0.0020461095888524464 0.024124870242026846 -0.072166917184197529 0.020600171035959527 -0.097374789177692322 0.15951214882937351 -0.056585394060435501 0.014191858736060893 0.035778159303925382 -0.0030595919053931823 0.00952763442500041
leaf_weight=110.03095836580997 121.14951055041001 314.10729571562297 2650.629120102351 4.0318854252141128 7.6863240655372911 9.6539742115469362 3412.2277089108647 5.4284567913650781 47.153736562636823 3.2288191858270912 17.97655817066698 1.7155294114054402 70.809848103769582 415.09612535942449 0.82321338819724743 13.560270836271227 10.85881688356312 4.5712575076140629 6.5500374050479877 430.65597054185264 51.493313102103684 5.4151383616626836 147.13567529182728 2.8590618438538504 0.76955407014497723 8.7260596659034473 239.89538001154142 22.747510556644556 329.075562058184 288.41749891381187
leaf_count=503001 7719 1778 2594618 11242 5255 2663 40793 2350 9530 4631 4040 1166 12924 153394 5763 6229 1268 1383 2037 189804 22805 7087 845 983 1739 106 1319 113 2543 1866
internal_value=-0.000479382 0.00365275 -0.0056923 -0.0051812 -0.000997367 -0.00771395 0.00131023 0.0039247 0.024622 0.00207441 0.015785 0.0124684 0.0223045 -0.00645502 -0.0263133 -0.0420158 -0.0210406 0.0043345 -0.0691247 -0.000646314 0.0174474 -0.00291687 0.00978337 -0.0217694 0.0486448 0.00846036 0.00614916 0.00677114 0.00399063 0.00281963
internal_weight=8754.48 4883.48 3871 3760.97 1110.34 469.57 3533.38 640.768 52.5822 588.186 97.3929 93.361 72.5254 461.883 46.7871 37.1332 23.5729 15.4301 8.1428 490.793 54.7221 436.071 1350.1 20.8356 1.59277 1202.97 888.862 880.136 640.241 617.493
internal_count=3600994 57082 3543912 3040911 446293 179731 48512 266562 11880 254682 30355 19113 14090 174476 21082 18419 12190 2651 9539 224327 27436 196891 8570 5023 7502 7725 5947 5841 4522 4409
is_linear=0
shrinkage=0.05


Tree=169
num_leaves=31
num_cat=0
split_feature=0 0 11 11 1 7 7 0 0 0 1 1 8 0 1 5 5 8 11 8 8 1 11 0 1 11 0 0 5 5
split_gain=30.6134 16.4429 11.821 14.3059 10.7481 8.81718 8.48478 11.554 9.8041 8.6431 10.8856 8.99072 8.5478 8.40864 7.85744 11.1108 18.6899 14.9025 13.769 11.7833 14.3894 11.2362 14.0802 11.0261 10.7348 10.6188 10.385 13.2186 16.3202 16.0912
threshold=68.993868182074962 23.308298528194431 19.500000000000004 21.500000000000004 0.53110077977180492 6.3412404060363778 4.7405652999877939 34.112061908428593 31.449475526809696 24.619906067848209 0.63798579573631298 0.81474035978317272 7.3142197132110605 29.186132404982349 0.73516836762428295 4.8919553756713876 4.8806395530700692 7.4963750839233407 47.500000000000007 8.413053512573244 9.0508713722229022 0.78249466419219982 24.500000000000004 56.62229317903985 0.73692843317985546 43.500000000000007 26.160371724970904 31.180725687620001 4.9184429645538339 4.907027244567872
decision_type=2 2 2 2 2 2 2 2 2 2 2 2 2 2 2 2 2 2 2 2 2 2 2 2 2 2 2 2 2 2
left_child=1 4 5 6 -1 -3 7 9 13 10 -4 -11 -10 -8 -5 16 17 18 -16 26 21 24 -23 -20 -21 -24 -17 29 -29 -28
right_child=-2 2 3 14 -6 -7 8 -9 12 11 -12 -13 -14 -15 15 19 -18 -19 23 20 -22 22 25 -25 -26 -27 27 28 -30 -31
leaf_value=-0.014378892780382161 0.013252053393666316 0.0055738346017835333 0.03537114406278994 -0.0013785065416349665 -0.002188544448224381 -0.072596391454651646 -0.045457702822653323 -0.0085266506179458267 0.0094382905370478543 -0.045814163343630004 -0.085963959677946025 0.080212815480987201 -0.067403808458744691 0.065605845101410362 -0.0060258504490612319 0.041638594750829781 0.03993950620260258 0.016735009595831945 0.0076153188814658311 0.029738611246459559 -0.00035329271271019821 0.053699529804578851 -0.067819418705764009 0.062008462757783336 -0.056304642981418351 0.013655536052595816 0.059663912148467717 -0.02855963596798269 0.0042084325317319612 -0.030204363508100702
leaf_weight=342.8451485935264 409.10567500596881 909.90389954116733 8.0121367688533365 4822.7567368479004 382.60424425755917 3.6216976374263359 2.0552996990070396 135.25698683447285 13.28022232672288 52.188444183351635 2.4028845867433111 1.4546098020000489 4.9747543458433929 9.9764534313962923 242.75313709505826 16.155409690814849 43.788750990910557 188.01936455186205 29.972300443340828 4.035162112901161 91.983498465388948 7.304390700841398 8.6188829476832343 13.519566354058041 35.657223371037617 7.4610527758613889 5.4961476661883344 39.78927654159088 844.1866336775729 53.141310954769324
leaf_count=740128 55708 309075 3648 1937084 133860 1322 1680 46104 3868 32093 752 169 1285 470 59776 4542 5394 29496 8790 361 13969 531 3117 1367 8280 1512 569 10334 165364 18684
internal_value=-0.000101259 -0.000757605 -7.08937e-05 -0.000799996 -0.00794967 0.00526393 -0.0130645 -0.0168113 0.0115929 -0.0343041 0.00737751 -0.0423968 -0.0115023 0.0466336 -0.000363728 0.00263528 0.0086848 0.00579906 -0.00138419 -0.000178411 -0.0129663 -0.0313597 -0.00386586 0.0245236 -0.0475574 -0.0300152 0.00188976 0.00120851 0.00273349 -0.0217809
internal_weight=8732.32 8323.22 7597.77 6684.24 725.449 913.526 229.602 199.315 30.2867 64.0581 10.415 53.6431 18.255 12.0318 6454.64 1631.88 518.053 474.264 286.245 1113.83 155.06 63.0767 23.3843 43.4919 39.6924 16.0799 958.769 942.613 883.976 58.6375
internal_count=3599332 3543624 2669636 2359239 873988 310397 90069 82766 7303 36662 4400 32262 5153 2150 2269170 332086 104823 99429 69933 227263 27770 13801 5160 10157 8641 4629 199493 194951 175698 19253
is_linear=0
shrinkage=0.05


Tree=170
num_leaves=31
num_cat=0
split_feature=0 1 0 11 0 7 11 1 1 5 7 1 11 11 0 7 7 1 0 0 11 7 0 0 11 0 7 0 0 5
split_gain=29.1648 10.4705 8.87888 7.51377 8.18264 7.59771 8.27159 7.43575 9.32247 14.0436 7.94419 7.2328 6.80367 6.37484 10.6175 8.07631 7.55862 7.34691 8.79695 9.55092 7.78483 7.29562 11.8494 10.6338 8.14138 10.4854 10.7757 10.4182 8.32997 8.60596
threshold=40.865167200565345 0.68052247166633617 6.3740360736846933 17.500000000000004 80.345281651647397 5.4574534893035898 12.500000000000002 0.67436936497688305 0.77989822626113903 4.8658127784729013 4.4367339611053476 0.84168159961700451 66.500000000000014 23.500000000000004 33.991612428628294 5.2704288959503183 5.2907860279083261 0.59045517444610607 36.153187875963347 40.280228774952782 29.500000000000004 3.9019216299057011 21.961842087002882 33.056870937347419 22.500000000000004 28.458874041527455 3.2769666910171513 29.302871477677403 28.330972930911233 4.9022042751312265
decision_type=2 2 2 2 2 2 2 2 2 2 2 2 2 2 2 2 2 2 2 2 2 2 2 2 2 2 2 2 2 2
left_child=1 2 -1 5 -5 -2 -7 10 -9 -10 -6 -11 -3 14 21 -16 -15 20 -19 -20 -18 24 -23 -24 25 26 -4 -27 29 -28
right_child=3 12 13 4 7 6 -8 8 9 11 -12 -13 -14 16 15 -17 17 18 19 -21 -22 22 23 -25 -26 27 28 -29 -30 -31
leaf_value=-0.059760596879303213 0.011602838669166811 0.00010351646244274957 0.00048577915558082653 0.0015345562457050774 -0.027371187644087226 0.04617306789591815 -0.10073396674382358 0.028440098814135097 0.033357143966324214 -0.086476155618053316 0.037777300192238891 0.028928744592709228 -0.084374974814522136 -0.0069873187688325317 0.01164711398453765 -0.070295758614343395 -0.04171895162097667 0.018568845257771287 -0.048306961870971492 0.040593708703775148 -0.0013088068767469598 -0.032315675186772419 0.016784055694061426 -0.080420092745227212 0.013106175356007858 -0.065387952020352469 -0.073727721736635013 -0.017809444357774977 0.067036983950780046 -0.018565243550357512
leaf_weight=7.3860577667910539 269.27302069595135 1611.0566713069184 176.48232313115312 3642.7486409638714 17.495018681652713 1.4000267366345713 3.0360015327696601 77.628781717107813 7.9110068321278941 6.1372070574543613 6.3878172320423792 1.743346579132776 2.3868993597534418 2155.884575728051 169.08529149748938 3.0614244022690391 13.168011588725504 87.371537493265805 10.634536599893179 4.2200440666638306 125.5629188208365 16.412828975008438 90.328524833791789 2.9040295531881375 40.584873087388814 13.388541539670767 10.414836477503583 81.812695507744138 2.0758470469872909 22.019015600086149
leaf_count=63586 61573 401066 156184 882025 6473 621 1012 4076 639 1576 915 305 2262 1599315 76075 2675 13260 14364 3390 463 117158 25059 38288 2920 29490 12175 11976 49725 280 20332
internal_value=-0.000575191 -0.00327569 -0.00500693 0.00253534 0.00195312 0.0105336 -0.0543696 0.0149512 0.0213162 -0.0137036 -0.00994626 -0.0609461 -2.14595e-05 -0.00487326 -0.000391429 0.0101899 -0.00604862 0.00235013 0.012521 -0.0230511 -0.00514444 -0.00438231 0.0068598 0.0137563 -0.00793688 -0.0107261 -0.00451088 -0.0245006 -0.0300638 -0.0362785
internal_weight=8680 4646.24 3032.8 4033.76 3760.05 273.709 4.43603 117.303 93.4203 15.7916 23.8828 7.88055 1613.44 3025.41 628.57 172.147 2396.84 240.957 102.226 14.8546 138.731 456.424 109.645 93.2326 346.778 306.193 210.992 95.2012 34.5097 32.4339
internal_count=3599258 2640043 2236715 959215 896009 63206 1633 13984 6596 2520 7388 1881 403328 2173129 425179 78750 1747950 148635 18217 3853 130418 346429 66267 41208 280162 250672 188772 61900 32588 32308
is_linear=0
shrinkage=0.05


Tree=171
num_leaves=31
num_cat=0
split_feature=3 0 0 0 1 1 0 8 7 5 12 12 11 5 8 8 7 7 12 0 8 8 1 0 1 12 12 11 8 1
split_gain=99.6299 19.7403 11.3121 10.7984 10.2257 11.786 9.82963 7.38755 8.92757 8.54914 7.65592 7.83147 8.20412 7.32223 7.07023 11.6301 6.99002 10.8144 10.7105 14.026 10.3585 10.132 9.25317 9.21568 11.323 9.29556 8.95452 8.5817 11.273 11.0254
threshold=1.0000000180025095e-35 30.916060213465247 40.713683310226777 64.900488853454604 0.38465785980224615 0.62840399146080028 71.169067537874085 6.5517940521240243 3.7494349479675297 4.9403247833251962 1193.5000000000002 778.50000000000011 32.500000000000007 4.9431998729705819 1.8688347935676577 0.89587974548339855 4.135134458541871 4.3241107463836679 1061.5000000000002 24.502472712738385 6.8992187976837167 7.0084948539733896 0.52732771635055553 25.743827235877692 0.69408443570137035 906.50000000000011 827.50000000000011 43.500000000000007 1.0000000180025095e-35 0.59817656874656688
decision_type=2 2 2 2 2 2 2 2 2 2 2 2 2 2 2 2 2 2 2 2 2 2 2 2 2 2 2 2 2 2
left_child=2 16 -1 -3 7 6 -6 14 10 -10 11 -9 -13 -11 15 -4 -2 22 19 20 -19 23 -18 -21 25 -25 -22 -20 29 -29
right_child=1 3 4 -5 5 -7 -8 8 9 13 -12 12 -14 -15 -16 -17 17 18 27 21 26 -23 -24 24 -26 -27 -28 28 -30 -31
leaf_value=-0.0085299334142563011 -0.0025571703800728661 0.0059489844886133842 0.020489058052840833 0.015756552694851343 -0.011706247902780294 -0.0020894586584989942 -0.076546891129448666 0.0018625303130831935 0.0024396122304351916 0.19346367799754249 -0.034778800132140596 0.1248556680247426 0.012699407178798897 0.058916673400274414 -0.019794889095380141 0.28633752566065301 -0.0018388804001520606 -0.069504303785005106 0.015269163897930519 0.052329668963831767 0.0063770068019929176 -0.034832077486262457 0.038855148610294071 -0.041893790003304121 0.037007406145988055 0.033907291569354153 -0.086480895473154962 -0.026651117119349577 -0.013858478338881661 0.081857898754764125
leaf_weight=1988.4013222275321 968.99048075575092 3240.8762155796589 7.491359703200831 307.26719268887973 290.39413780312498 1483.3204626000647 5.9650373220611064 14.204628072551264 7.197320031724078 1.0813261916819126 8.0445102343975332 3.2188161477913573 3.3043687515264537 15.591581059356939 22.595381434956835 0.43529513857265545 21.436620027696335 15.107189313785968 137.04757783220703 11.299337696720611 13.082023884191587 14.485127306441425 40.100568283445682 15.681291018379854 12.96779802135279 5.4502104033890637 3.2390548535913686 3.6532222064852231 62.835399310261892 6.5173868625424802
leaf_count=2587386 20106 27087 40628 1853 48290 459103 1442 92860 38941 762 49632 9377 16027 43828 155506 738 951 558 2750 97 491 363 269 284 51 71 179 152 1970 22
internal_value=0.000105184 0.00484995 -0.00590706 0.00679831 -0.00310741 -0.00390821 -0.0130113 0.0140294 0.0253766 0.0479828 0.00662196 0.0226897 0.0680421 0.0676428 -0.0055416 0.0350882 -0.000340455 0.00557842 0.00167813 -0.0126183 -0.0396683 0.00157808 0.0246793 0.0131953 0.000227504 -0.0223433 -0.0120514 0.00789292 -0.00595384 0.0428821
internal_weight=8731.28 4880.04 3851.25 3548.14 1862.84 1779.68 296.359 83.1646 52.6426 23.8702 28.7723 20.7278 6.52318 16.6729 30.522 7.92665 1331.89 362.903 301.366 91.312 31.4283 59.8838 61.5372 45.3986 34.0993 21.1315 16.3211 210.054 73.006 10.1706
internal_count=3601774 57254 3544520 28940 957134 508835 49732 448299 251427 83531 167896 118264 25404 44590 196872 41366 28314 8208 6988 2094 1228 866 1220 503 406 355 670 4894 2144 174
is_linear=0
shrinkage=0.05


Tree=172
num_leaves=31
num_cat=0
split_feature=3 0 0 0 1 0 1 7 12 5 7 12 7 7 8 7 12 1 1 5 0 1 1 8 0 7 5 5 11 1
split_gain=87.6003 16.648 11.1231 9.89372 9.58614 9.25225 8.72424 7.57589 10.4487 10.0066 7.01926 6.75834 6.75363 15.1978 13.51 13.0623 8.50532 7.8245 10.9212 7.81364 6.6596 6.63006 6.40441 15.6106 8.29398 6.30973 7.91567 7.63415 11.5168 5.65955
threshold=1.0000000180025095e-35 61.419888893899049 44.033764384985268 32.155248604922242 0.81700527667999279 80.345281651647397 0.85659196972846996 6.3162615299224862 2908.5000000000005 4.9473793506622323 6.1913387775421151 4079.5000000000005 6.0741951465606698 5.8536372184753427 6.908255100250245 6.3412404060363778 971.50000000000011 0.65635865926742565 0.63385272026062023 4.9672217369079599 12.814746206960992 0.77306294441223156 0.82219353318214428 5.7054464817047128 45.381685110362021 3.4175922870635991 4.9259731769561776 4.9298512935638437 43.500000000000007 0.84805074334144603
decision_type=2 2 2 2 2 2 2 2 2 2 2 2 2 2 2 2 2 2 2 2 2 2 2 2 2 2 2 2 2 2
left_child=2 3 12 7 -4 6 22 10 -9 -10 -2 -11 13 20 17 -16 -15 18 -14 -17 -1 -21 -6 -24 -25 -26 -27 -28 -29 -5
right_child=1 -3 4 29 5 -7 -8 8 9 11 -12 -13 14 16 15 19 -18 -19 -20 21 -22 -23 23 24 25 26 27 28 -30 -31
leaf_value=-0.044263836887675267 -7.3022659414982897e-05 0.014458772622773184 -0.0031859795092194667 0.0052260304023369611 0.037301137697050478 -0.095171030937304224 -0.06654576262922117 0.035275142414941736 -0.091554882888724501 0.051406754256909118 -0.068417805594701439 -0.039107385600839831 -0.054667045046674682 -0.043879209220035249 -0.081099790787649784 -0.026194762555731707 0.026670074128397305 -0.083575105494698515 0.043667069480900773 0.0321488251051264 -0.0075582256572472722 -0.097131051086980488 -0.075819505186501282 -0.089251766486712625 0.030786742977433459 -0.079950011907409024 0.074360618556211636 -0.056946937301832756 0.026102995330498258 0.030980478541470159
leaf_weight=12.426882343156192 1400.9621275073373 397.72371751508035 1445.3930210459107 3012.2705821918776 28.231960734682161 1.958825968158634 3.2147005851775239 32.640758949761221 3.4316290679053045 4.5016318604466488 3.7669228444283354 3.8057710092980415 10.182771883759019 4.7146514711562295 4.834916936690262 11.335449639590452 45.516426607862286 11.068219755833523 3.9069735886864683 19.427258851666839 2206.8488450982536 1.0450847347201477 5.0228613594463232 1.8338735019678996 40.095974077641586 2.8380789779494107 3.6896416868257829 6.6256950466049629 11.283135039881016 21.48343447451407
leaf_count=114646 29154 2501 684566 24315 6367 1108 5067 536 66 72 124 88 39578 5714 8436 10261 20931 10758 1307 6866 2602523 527 4152 1309 10932 2714 138 4163 1760 94
internal_value=0.000196363 0.0046548 -0.00540967 0.00378498 -0.00212727 0.0124751 0.0145255 0.000386292 0.0207258 -0.0197292 -0.000256296 0.0099406 -0.00759228 -0.00714819 -0.0239006 -0.00452987 0.0200484 -0.0521141 -0.0273998 0.00710907 -0.00776376 0.0255493 0.0171416 0.00916927 0.0156015 0.0185812 -0.00144578 0.00886982 -0.00462283 0.00540841
internal_weight=8762.08 4880.59 3881.5 4482.86 1550.19 104.795 102.836 1449.11 44.3798 11.739 1404.73 8.3074 2331.31 2269.51 61.8007 36.6427 50.2311 25.158 14.0897 31.8078 2219.28 20.4723 99.6212 71.3893 66.3664 64.5325 24.4366 21.5985 17.9088 3033.75
internal_count=3600773 56950 3543823 54449 722276 37710 36602 30040 762 226 29278 160 2821547 2743814 77733 26090 26645 51643 40885 17654 2717169 7393 31535 25168 21016 19707 8775 6061 5923 24409
is_linear=0
shrinkage=0.05


Tree=173
num_leaves=31
num_cat=0
split_feature=3 0 0 11 0 11 7 12 12 7 11 7 12 12 7 0 0 7 7 7 9 1 11 7 0 0 11 12 12 12
split_gain=102.067 15.5605 12.885 10.3473 18.359 10.1346 9.91177 13.4375 11.2642 10.3276 9.19304 7.98331 9.34139 8.05216 9.40603 9.37098 9.35268 10.3542 7.75064 9.61695 9.62751 12.3288 13.0383 9.48265 9.66174 9.2111 13.2376 9.17567 23.8656 10.7531
threshold=1.0000000180025095e-35 37.482618228146755 23.308298528194431 43.500000000000007 24.375814424438435 45.500000000000007 5.9441101551055917 5487.5000000000009 1870.5000000000002 5.800605535507203 48.500000000000007 4.4127798080444345 326.50000000000006 2410.5000000000005 4.5695295333862314 60.438021918220336 56.62229317903985 5.0005793571472177 4.2121002674102792 4.4005842208862314 1.0000000180025095e-35 0.69750392436981212 40.500000000000007 4.1666352748870858 29.302871477677403 56.62229317903985 29.500000000000004 1415.5000000000002 1130.5000000000002 1028.5000000000002
decision_type=2 2 2 2 2 2 2 2 2 2 2 2 2 2 2 2 2 2 2 2 2 2 2 2 2 2 2 2 2 2
left_child=1 -1 -2 18 10 -6 7 9 -8 11 -5 -7 -13 -14 -15 16 17 -16 23 -20 -21 22 25 27 -25 26 -22 28 29 -4
right_child=2 -3 3 4 5 6 8 -9 -10 -11 -12 12 13 14 15 -17 -18 -19 19 20 21 -23 -24 24 -26 -27 -28 -29 -30 -31
leaf_value=-0.0093875490922007612 -0.0030579046107761104 -0.0029695633747649124 0.0054143868606861458 -0.016625102743843698 -0.0057303796611546578 0.002565061436947888 -0.009189270567667749 -0.039080607483800905 0.039007262188172992 -0.056903929021162238 -0.08159163500207843 -0.038199124944997581 0.022345338464805103 0.039960666101394184 -0.048492992659181527 -0.063872313401547531 0.057882696311958165 0.0098555202705962429 0.02419117388344803 0.0067937776159039346 0.0097103060150606994 0.038898778401243027 0.039777977311906777 0.038004392221912563 -0.033653002498047223 0.044539058919229574 -0.060939212366421962 0.01155129180730404 -0.012714064867809514 0.022349068841368554
leaf_weight=1653.521126158792 433.84090514607033 2202.2584887012126 1468.9776869923789 13.668500026085896 265.55282302574233 622.89216521887556 17.013649950618856 17.72910904235323 42.172572500829119 6.7039681049063793 9.0510404995584377 8.2796507164021005 143.33539239712991 11.849224291974677 11.762397039623464 6.866481984499841 5.8291350258514276 21.502500031667296 128.6584180488444 586.61337347576955 13.004319226121881 57.314036626428788 17.316121876887337 5.7195088658481827 26.495683686698612 5.5465502799488595 13.527124898711916 630.38578942647291 180.27303858699088 100.12809576714426
leaf_count=2320862 14610 1221144 12616 370 2959 6278 200 230 319 110 233 71 1376 107 227 41 24 271 1114 5399 198 258 137 70 248 32 267 6539 1992 884
internal_value=0.000356106 -0.00572187 0.0051663 0.00597024 0.00201387 0.00286997 0.00536343 0.00399634 0.0251527 0.00490659 -0.0425066 0.00540445 0.0138496 0.0159921 0.000239672 -0.0100009 -0.000538943 -0.0107764 0.00744345 0.0116365 0.00930672 0.0231213 0.00481397 0.0060145 -0.0209309 -0.0140601 -0.0263105 0.00637927 0.00451553 0.00649503
internal_weight=8727.79 3855.78 4872.01 4438.17 1204.21 1181.49 915.936 856.75 59.1862 839.021 22.7195 832.317 209.425 201.145 57.8097 45.9605 39.094 33.2649 3233.96 821.98 693.322 106.708 49.3941 2411.98 32.2152 32.078 26.5314 2379.76 1749.38 1569.11
internal_count=3599186 3542006 57180 42570 12816 12213 9254 8735 519 8505 603 8395 2117 2046 670 563 522 498 29754 7405 6291 892 634 22349 318 497 465 22031 15492 13500
is_linear=0
shrinkage=0.05


Tree=174
num_leaves=31
num_cat=0
split_feature=3 1 11 1 7 1 5 1 1 11 12 5 12 12 8 8 8 1 12 12 8 9 7 12 1 1 12 12 7 7
split_gain=92.3762 11.8189 11.0334 9.07658 7.58562 7.48464 7.29857 13.4944 11.6385 9.82079 10.2817 8.78141 10.7315 19.2001 11.0468 11.8839 7.75137 11.2289 7.25524 11.2469 7.05077 6.84916 9.01908 8.77979 7.4349 7.66202 9.50634 6.74054 8.9028 6.69202
threshold=1.0000000180025095e-35 0.64643323421478283 5.5000000000000009 0.81956934928894054 5.0466406345367441 0.85659196972846996 2.4166666269302373 0.81243386864662182 0.80857551097869884 8.5000000000000018 798.50000000000011 1.0000000180025095e-35 1205.5000000000002 1360.5000000000002 6.8040599822998056 3.2769666910171513 7.7016401290893564 0.7401108741760255 807.50000000000011 1180.5000000000002 2.8029010295867924 1.0000000180025095e-35 0.89587974548339855 5070.5000000000009 0.67612046003341686 0.75207445025444042 1760.5000000000002 46.500000000000007 3.5972183942794804 0.89587974548339855
decision_type=2 2 2 2 2 2 2 2 2 2 2 2 2 2 2 2 2 2 2 2 2 2 2 2 2 2 2 2 2 2
left_child=3 2 -2 4 6 -5 7 9 -8 -1 29 12 14 -14 15 20 -16 18 -18 -20 -12 24 -23 -24 -15 -26 -27 28 -4 -11
right_child=1 -3 27 5 -6 -7 8 -9 -10 10 11 -13 13 21 16 -17 17 -19 19 -21 -22 22 23 -25 25 26 -28 -29 -30 -31
leaf_value=0.051607788252663489 -0.094523340970542546 0.0067788987603076946 0.04396336961763174 0.0098819386436682349 -0.00074209579505524225 -0.064472355032098402 -0.0076701938869711914 0.06435578801170766 -0.042652464323955919 -0.012041863229718393 -0.026397651316938543 0.059123694998934877 -0.083041005077772109 -0.013512859567045985 0.04973157412029177 -0.075725671486724849 0.050654313999161073 0.043962652053409469 -0.076325572883894785 0.057289068158569705 0.064108059550787216 -0.079240217142739655 0.023341235712825523 0.49289712747186709 0.022283842773148762 0.014681930384453463 -0.089345999309613858 0.0016343877629955818 -0.033253235743739132 -0.075664952006169212
leaf_weight=8.4216737790288203 2.9689355061273082 2711.37736003076 18.766646444375514 116.76484903534129 538.57238046949442 3.4855643570135717 2837.4598641701195 7.9350741633261341 23.977090785132532 119.7966654357727 4.4516932874113291 7.0488159779120556 7.7218611201234628 43.259549339395875 24.889781640534352 5.6961650810912934 2.4550169516114719 11.740232767973792 7.0031986005176332 2.0318940228630709 4.1654579330886463 5.5316612117701416 1.5730711899061587 0.10627763299180504 46.684039890998974 5.3639809723135823 3.7185451349077994 2096.7347326043487 4.6597694068332194 4.2807055105290024
leaf_count=3891 52 15201 284 43539 359678 5926 2834742 1169 22963 128288 4354 2809 11226 65503 8734 10037 210 804 8575 410 251 6412 859 88 10829 1384 2871 41483 62 6190
internal_value=-8.62667e-06 0.00459126 0.0017975 -0.00579359 -0.00623019 0.00772671 -0.00715811 -4.40781e-05 -0.00796332 -0.00166153 -0.00312036 0.00439872 0.00221186 -0.00691656 0.0188738 -0.0196894 0.0303445 0.00957244 -0.0255664 -0.0462771 0.017352 -0.00138344 -0.0484299 0.0530571 0.00204245 0.0141091 -0.0279089 0.00193239 0.0286041 -0.0142369
internal_weight=8678.64 4834.51 2123.13 3844.14 3723.88 120.25 3185.31 323.875 2861.44 315.94 307.519 183.441 176.392 113.959 62.4334 14.3133 48.1201 23.2303 11.4901 9.03509 8.61715 106.237 7.21101 1.67935 99.0261 55.7666 9.08253 2120.16 23.4264 124.077
internal_count=3598824 57082 41881 3541742 3492277 49465 3132599 274894 2857705 273725 269834 135356 132547 99172 33375 14642 18733 9999 9195 8985 4605 87946 7359 947 80587 15084 4255 41829 346 134478
is_linear=0
shrinkage=0.05


Tree=175
num_leaves=31
num_cat=0
split_feature=3 0 1 5 5 0 12 8 0 11 5 0 12 5 11 1 11 8 5 11 0 11 11 0 11 12 12 11 1 1
split_gain=104.508 17.163 13.98 10.8657 11.9208 12.0393 13.2656 14.0866 13.9754 9.22008 9.17052 15.6361 9.56325 9.00242 26.3331 19.3429 14.6312 18.6038 16.159 10.5489 9.6495 10.7934 9.53894 9.20198 8.83283 14.0964 8.74673 8.71797 8.52405 9.51341
threshold=1.0000000180025095e-35 54.385770927498022 0.38465785980224615 4.9952681064605722 4.999742031097413 26.288430452346805 215.50000000000003 5.1445789337158212 26.964592996024297 46.500000000000007 4.9894859790802011 29.302871477677403 40.500000000000007 4.9787485599517831 23.500000000000004 0.67235088348388683 36.500000000000007 7.6011524200439462 4.9838969707489023 49.500000000000007 41.175623627186731 42.500000000000007 47.500000000000007 80.345281651647397 38.500000000000007 312.50000000000006 1309.5000000000002 13.500000000000002 0.72246322035789501 0.73092478513717662
decision_type=2 2 2 2 2 2 2 2 2 2 2 2 2 2 2 2 2 2 2 2 2 2 2 2 2 2 2 2 2 2
left_child=3 2 26 10 -5 24 8 -8 -7 -10 12 -12 -1 23 15 -15 -16 18 -18 20 -20 -22 -19 28 25 27 -2 -6 -14 -30
right_child=1 -3 -4 4 5 6 7 -9 9 -11 11 -13 13 14 16 -17 17 22 19 -21 21 -23 -24 -25 -26 -27 -28 -29 29 -31
leaf_value=0.02148907233372228 0.0021327172052573399 0.01211482901339026 0.0054443580563718844 -0.060326726619909267 0.036197107545279099 0.04659618806095079 0.0059777235394252518 -0.0075871398667137595 -0.019864311084787704 -0.070137894023859629 -0.060407100372566816 0.020948837302807843 -0.0066132233745499654 -0.076957640058253174 -0.072364362126623033 0.050259955574473561 -0.085590219208964369 0.031108993617695004 -0.081442531910476124 0.05095467618351357 0.02203974650644935 -0.067408395964880047 -0.080185544133533321 0.025184194299141233 -0.0073210621908594122 -0.040937399067666906 -0.0079538132010286769 -0.017199861874540562 0.016026895000798468 -0.0019276126842684019
leaf_weight=35.775338191794162 591.83346488362895 744.43140467136982 3166.0349299139211 11.174268318911798 9.5193248872235312 7.596696767479215 231.67685543958305 1100.551852388209 160.80636950504095 9.668340861100658 6.4737704149374613 67.332313013915154 1245.2024212002568 3.5765120101401378 18.066354753026644 18.155140047951136 13.306302658759106 17.461830215254853 6.8777616926500178 4.5852447963591478 9.5008551420332861 5.2285006692814013 2.1638520039873574 26.951953530585797 87.146033592417595 79.33177498740686 337.50025932852213 38.802402296709843 85.907638199380017 522.54800061881724
leaf_count=28777 16529 4796 22377 11625 10836 6337 147797 780799 165589 17665 16113 21543 1439515 7792 23298 2696 21357 7227 13252 2514 2217 2981 3257 5832 232029 244544 13438 85906 25875 215230
internal_value=0.000249302 0.0051311 0.00386164 -0.00592704 -0.00885008 -0.00851664 -0.00694139 -0.00522819 -0.0197586 -0.0227155 -0.00349769 0.0138128 -0.00413165 -0.00459469 -0.0192965 0.029323 -0.0329844 -0.0209513 -0.0407214 -0.017927 -0.0325444 -0.00971179 0.0188381 -0.00382135 -0.0195925 -0.0279699 -0.00153034 -0.00668072 -0.00424309 0.000607378
internal_weight=8665.19 4839.8 4095.37 3825.39 1736.27 1725.1 1510.3 1332.23 178.071 170.475 2089.11 73.8061 2015.31 1979.53 98.9224 21.7317 77.1907 59.1243 39.4987 26.1924 21.6071 14.7294 19.6257 1880.61 214.8 127.654 929.334 48.3217 1853.66 608.456
internal_count=3599743 57140 52344 3542603 1703127 1691502 1118187 928596 189591 183254 1839476 37656 1801820 1773043 86591 10488 76103 52805 42321 20964 18450 5198 10484 1686452 573315 341286 29967 96742 1680620 241105
is_linear=0
shrinkage=0.05


Tree=176
num_leaves=31
num_cat=0
split_feature=3 0 0 1 1 7 7 0 1 12 12 12 11 7 7 7 7 0 12 12 1 11 0 11 1 1 7 12 0 7
split_gain=87.4837 13.8473 12.0454 8.93203 12.6022 9.11712 8.46636 8.15535 29.9749 14.0786 11.6361 8.68772 12.8868 8.77989 8.44217 8.33414 17.8328 15.7087 10.3869 11.5092 12.134 10.1638 10.9329 10.0257 9.70403 8.88129 8.53561 9.23395 10.7538 8.33187
threshold=1.0000000180025095e-35 31.862916231155399 41.674093543289935 1.0000000180025095e-35 0.59237363934516918 3.4811217784881596 5.0005793571472177 40.865167200565345 0.67523354291915905 2324.5000000000005 116.50000000000001 1709.5000000000002 49.500000000000007 2.3502402305603032 2.4414010047912602 3.6242519617080693 3.6762205362319951 40.414754287234253 1415.5000000000002 1458.5000000000002 0.73006677627563488 19.500000000000004 38.744354157715868 42.500000000000007 0.57068943977355968 0.79190945625305187 4.182021141052247 1725.5000000000002 25.102469572342674 3.4175922870635991
decision_type=2 2 2 2 2 2 2 2 2 2 2 2 2 2 2 2 2 2 2 2 2 2 2 2 2 2 2 2 2 2
left_child=2 6 7 5 -5 -4 -2 15 9 11 -10 12 13 -9 -15 17 24 21 -18 20 -20 22 -1 25 -17 -21 -25 28 -28 -23
right_child=1 -3 3 4 -6 -7 -8 8 10 -11 -12 -13 -14 14 -16 16 18 -19 19 23 -22 29 -24 26 -26 -27 27 -29 -30 -31
leaf_value=-0.0031386738156396407 -0.00077994656137154181 0.0065709037354796584 -0.0039670984742920428 -0.015588272569696738 -0.0015071578823294975 0.031246593571488623 0.011128345336669489 -0.078726262902177921 0.02255269203756792 -0.077844624837498266 -0.077784636646752128 0.057762873797460049 0.065972267209815152 0.090308120428911023 -0.013381756437542176 -0.037085943839258576 -0.011276893036291247 -0.060647893795382928 0.047125371997127109 0.0020726031652396506 -0.092407300818791768 -0.010219030611629007 0.035778961360258828 -0.036400174465888203 0.036744257311358088 0.038097935251144258 0.015301160011256277 -0.0015443797454158716 -0.080649234301961956 -0.028181104570542327
leaf_weight=204.42308761648178 1228.6441003118225 3425.2857842336562 34.499847338580935 177.27003540679561 1532.994015438494 39.342654498877778 169.89756614472208 4.6027521886975427 3.285786824451864 5.0160678658342013 23.957929056130524 7.9562025040798963 5.8685940188679515 2.1962170805227315 18.486182057650694 5.0449881943355868 362.23110062484716 15.070765880595671 19.663295145563499 215.56794393021448 1.6921675226585637 873.9644535730755 19.793470469628119 28.036914404165884 37.779518320479838 18.582803947634602 4.5405798523999712 116.41915848903152 8.1826891714248386 69.710460096886322
leaf_count=246031 25902 27449 232246 22547 450428 168962 3842 12693 1972 6463 19379 4767 2051 761 21842 23040 493013 26468 10853 200513 887 1255838 11948 51099 8802 3406 9340 130281 14194 112940
internal_value=0.000371099 0.00485913 -0.00524314 -0.00223156 -0.00296668 0.0147945 0.000666696 -0.00783618 -0.0244444 0.00101674 -0.0656832 0.0111312 -0.000777896 -0.0162704 -0.00237116 -0.00724373 -0.00336235 -0.0099268 -0.00509811 0.000325258 0.0360691 -0.00927228 0.000296911 -0.00162533 0.0280466 0.00493167 -0.0113933 -0.00596432 -0.0464072 -0.0115459
internal_weight=8680.01 4823.83 3856.18 1784.11 1710.26 73.8425 1398.54 2072.07 71.3697 44.126 27.2437 39.1099 31.1537 25.2852 20.6824 2000.7 817.741 1182.96 774.917 412.686 21.3555 1167.89 224.217 391.33 42.8245 234.151 157.179 129.142 12.7233 943.675
internal_count=3599957 57193 3542764 874183 472975 401208 29744 2668581 69928 48577 21351 42114 37347 35296 22603 2598653 945428 1653225 913586 420573 11740 1626757 257979 408833 31842 203919 204914 153815 23534 1368778
is_linear=0
shrinkage=0.05


Tree=177
num_leaves=31
num_cat=0
split_feature=3 1 12 1 1 8 5 8 12 5 8 12 7 1 1 12 7 12 1 8 8 12 8 8 6 5 5 12 1 5
split_gain=95.1849 26.3955 7.97102 16.2598 18.7254 9.16774 8.04688 6.24647 7.53281 6.07564 9.37794 7.96578 14.2125 11.7002 11.568 11.0794 11.7295 10.0642 9.63139 7.13983 10.5507 8.64369 14.6344 12.171 12.088 10.5815 9.30079 8.12491 8.02044 9.12771
threshold=1.0000000180025095e-35 0.52732771635055553 87.500000000000014 0.67792972922325145 0.73931056261062633 5.9927129745483407 4.96557641029358 6.960343837738038 63.500000000000007 4.6006991863250741 13.698414802551271 1205.5000000000002 3.7012257575988774 0.76772990822792064 0.81243386864662182 1373.5000000000002 2.2499048709869389 394.50000000000006 1.0000000180025095e-35 10.54799270629883 9.9085125923156756 876.50000000000011 2.8029010295867924 7.7016401290893564 1.0000000180025095e-35 3.6733334064483647 2.4166666269302373 526.50000000000011 0.7192974090576173 3.8588039875030522
decision_type=2 2 2 2 2 2 2 2 2 2 2 2 2 2 2 2 2 2 2 2 2 2 2 2 2 2 2 2 2 2
left_child=9 -2 3 5 6 -3 -5 8 -6 10 11 14 15 -14 19 18 -17 -16 -13 20 21 25 -23 -24 -25 26 27 -1 -27 -30
right_child=1 2 -4 4 7 -7 -8 -9 -10 -11 -12 12 13 -15 17 16 -18 -19 -20 -21 -22 22 23 24 -26 28 -28 -29 29 -31
leaf_value=-0.005166208528198101 -0.0021342911782170661 -0.022474298956351856 0.0068565187928600405 -0.017478503453774687 0.0078296684172483814 0.033754841675521112 -0.062893500076078468 0.027185433359778046 -0.047179332709883885 -0.0071873474770098675 0.042362056766665268 0.039178008914374333 0.01980560213756935 -0.085772916021213119 0.046723897662456451 -0.0070973276784926714 -0.043225276290929503 -0.076492533365226226 -0.081525758280609401 0.027993633246748108 -0.088939612866140827 -0.07969013446216755 0.028993929422038097 -0.073633562800381067 0.013395390359096721 0.011239385876092821 -0.06623985526590577 -0.035478099739813092 0.067403678092034847 -0.033593279858500906
leaf_weight=98.374292834560293 1204.6547554143035 9.5243770309461961 3487.4174362476087 17.104367785846989 18.10235115352771 30.343580876171472 22.695988386374665 17.384008476656163 9.4839121084660274 3187.2028213887393 11.828564591499569 1.9601498758891285 44.983074503300003 2.786662531676483 20.426494845136407 124.56357518257781 27.410140539660432 1.8035511005145952 10.53574027862828 20.792622617807922 3.469323498356629 4.0308709499656166 58.164019629759053 6.3585642798459512 10.710958597416322 97.375308803118372 8.4212764042484292 28.515209179783852 2.5247225709135845 19.637018888287457
leaf_count=105076 34339 76 22365 90 97 145 112 69 59 3004724 1496 12271 30664 2150 4234 108404 38268 2405 7554 3853 3157 6085 31541 7168 5598 99898 15730 36720 397 15328
internal_value=-0.000389936 0.00427494 0.00641248 -0.00601192 -0.0183968 0.0203218 -0.0433762 0.00371095 -0.0110819 -0.00631559 -0.00172061 -0.00260016 -0.0103615 0.0136466 0.00172787 -0.0173346 -0.0136134 0.0367272 -0.0625917 -0.000443146 -0.00219465 -0.00129391 0.0131264 0.0180993 -0.0190237 -0.00577901 -0.0153551 -0.011978 0.00506071 -0.0220874
internal_weight=8608.59 4816.71 3612.06 124.639 84.7706 39.868 39.8004 44.9703 27.5863 3791.87 604.672 592.844 212.239 47.7697 380.604 164.47 151.974 22.23 12.4959 358.374 337.582 334.112 79.2644 75.2335 17.0695 254.848 135.311 126.89 119.537 22.1617
internal_count=3600073 57352 23013 648 427 221 202 225 156 3542721 537997 536501 199311 32814 337190 166497 146672 6639 19825 330551 326698 323541 50392 44307 12766 273149 157526 141796 115623 15725
is_linear=0
shrinkage=0.05


Tree=178
num_leaves=31
num_cat=0
split_feature=3 0 0 1 11 12 0 12 12 12 0 5 11 11 5 12 12 11 11 11 12 5 0 5 5 12 5 11 5 1
split_gain=69.9126 14.2678 13.965 12.1806 12.0504 9.737 14.6316 9.35898 7.65196 8.13838 7.65069 8.71481 7.55953 7.54315 7.50322 7.72922 11.5539 15.0766 11.3189 7.35475 7.08606 15.7417 13.1139 16.0087 13.1622 11.2976 11.1376 12.1802 8.79531 8.41497
threshold=1.0000000180025095e-35 44.033764384985268 27.485574918155184 0.49188277125358587 46.500000000000007 876.50000000000011 26.024645240890099 807.50000000000011 3068.5000000000005 273.50000000000006 68.993868182074962 3.0277777910232548 10.500000000000002 48.500000000000007 4.9287126064300546 1281.5000000000002 2010.5000000000002 24.500000000000004 30.500000000000004 23.500000000000004 1725.5000000000002 4.8934218883514413 25.463954769780688 4.9612662792205819 4.9445254802703866 1488.5000000000002 4.9423768520355233 33.500000000000007 4.8752682209014901 0.596267729997635
decision_type=2 2 2 2 2 2 2 2 2 2 2 2 2 2 2 2 2 2 2 2 2 2 2 2 2 2 2 2 2 2
left_child=1 20 3 4 -2 6 7 12 9 -6 -4 -12 -5 -14 15 18 -17 -18 -7 -8 25 28 -23 24 26 -1 27 -24 29 -22
right_child=2 -3 10 5 8 14 19 -9 -10 -11 11 -13 13 -15 -16 16 17 -19 -20 -21 21 22 23 -25 -26 -27 -28 -29 -30 -31
leaf_value=-0.0081535453114649128 -0.004649124825893085 -0.0013391463740045927 0.0047791201177888269 0.044501842295376293 0.016840746629232725 0.05177453196010199 -0.058766592020366305 -0.053545887069513715 0.0083589256985837877 -0.04480382573104727 -0.030501055911749071 0.017260486085829453 -0.0013144284205267502 0.042546865744041901 0.015297607701215955 -0.034473552772317444 -0.070409118106906768 0.019001638092503863 -0.012745379130092875 -0.015980612211776338 0.014771787736290115 -0.029676144232690511 -0.081896593947848498 -0.00039460041384373705 -0.070865336964749656 -0.023874031191496295 0.058861603298941911 -0.012576770039033243 0.032502464258184871 -0.0046806463733255182
leaf_weight=1479.9738945950587 287.69335914068142 1552.5797781273304 3710.2840268666578 10.931917870533651 6.0912616735877227 14.10815107166127 14.748004844739624 7.2975781338463994 11.195661407742589 44.243118338772547 10.059618863306239 188.83752384095715 150.77704834580982 10.483928386645855 184.80689554162473 29.505592156322564 5.4612949125003061 34.493692469528469 13.118304389528928 31.489552536455449 93.167553433255392 66.103194064040167 7.46975218906283 293.2340340248075 13.840946983085471 123.8504045264749 4.5269941048597948 41.784591820967876 28.721148450920651 137.86425693073602
leaf_count=1935085 13945 722275 33532 75 140 97 134 96 658 2752 116 1156 1233 78 1784 357 53 369 162 274 172000 194991 9485 215088 21621 160073 2244 32746 18615 58466
internal_value=-2.19405e-05 -0.00503954 0.00402437 -0.00175823 -0.00894447 0.00318952 -0.00454664 0.00191435 -0.029028 -0.0373439 0.00529126 0.0148449 0.00426477 0.00153709 0.00939309 -0.00189276 -0.0107435 0.00678042 0.0206874 -0.0296277 -0.00754776 -0.0032977 -0.00920237 -0.00545189 -0.0273821 -0.00936751 -0.0161914 -0.0230896 0.00640788 0.00316388
internal_weight=8608.74 3843.12 4765.63 856.445 349.223 507.222 225.728 179.49 61.53 50.3344 3909.18 198.897 172.193 161.261 281.494 96.687 69.4606 39.955 27.2265 46.2376 2290.54 686.712 426.96 360.856 67.6223 1603.82 53.7813 49.2543 259.753 231.032
internal_count=3599700 3542689 57011 22207 17495 4712 1890 1482 3550 2892 34804 1272 1386 1311 2822 1038 779 422 259 408 2820414 725256 476175 281184 66096 2095158 44475 42231 249081 230466
is_linear=0
shrinkage=0.05


Tree=179
num_leaves=31
num_cat=0
split_feature=3 1 8 12 1 12 11 12 1 1 12 11 8 11 10 7 1 8 8 1 11 12 7 12 1 1 1 7 7 7
split_gain=83.0389 11.1893 10.1651 10.336 9.77449 9.48502 9.48366 8.20113 11.3764 11.1926 10.3463 8.60969 8.17508 7.97705 10.2124 8.4129 17.1183 13.9731 19.2405 11.2492 10.516 9.12002 10.361 10.0192 14.718 9.76026 7.93735 7.8748 7.83141 10.7747
threshold=1.0000000180025095e-35 0.57550552487373363 7.3786959648132333 266.50000000000006 0.61655089259147655 1849.5000000000002 43.500000000000007 2010.5000000000002 0.60159459710121166 0.57068943977355968 1969.5000000000002 83.500000000000014 3.8393944501876835 17.500000000000004 1.0000000180025095e-35 3.3497501611709599 0.75207445025444042 7.3135535717010507 7.8284282684326181 0.77197623252868663 16.500000000000004 234.50000000000003 3.3140207529067998 948.50000000000011 0.73255455493927013 0.82219353318214428 0.596267729997635 3.6762205362319951 3.7954261302948002 5.5664324760437021
decision_type=2 2 2 2 2 2 2 2 2 2 2 2 2 2 2 2 2 2 2 2 2 2 2 2 2 2 2 2 2 2
left_child=1 2 -1 6 7 -5 -4 10 9 11 28 -9 -10 14 15 21 17 -17 -19 27 -21 -3 23 -23 26 -26 -25 -18 -2 -30
right_child=4 13 3 5 -6 -7 -8 8 12 -11 -12 -13 -14 -15 -16 16 19 18 -20 20 -22 22 -24 24 25 -27 -28 -29 29 -31
leaf_value=-0.015096561517287286 -0.0026333870227366559 0.020261513225742937 0.024868876171378472 -0.014729803603022971 0.0060809547861629563 0.0058526538967612644 -0.051040616652980153 0.0073474269113381124 0.036283684054922168 0.030355600976527702 -0.047048454209548278 -0.064834830631934834 -0.03674299570783867 -0.0049471576062456619 0.040771986950538006 -0.057903909088840536 -0.1033200468297043 0.032145379083553957 -0.055665009603797749 -0.077996654423430178 0.019044500963607998 -0.019551900194849897 0.066265053303860441 -0.092940480976244563 -0.084259308833520549 0.037759831345152234 0.029337011700337486 0.052715768427352143 0.0084831417399556363 -0.015553549116161622
leaf_weight=503.50461116452198 917.20559174680011 77.792667610016792 43.790370484885869 160.49864031277656 3040.917903140582 85.947876965910979 4.5412610538875802 287.72305381230171 4.6574692698195603 58.018204381223768 11.796414455802731 4.1912867874489157 21.633200329157262 2744.9853543726294 17.594465708305506 23.672396583030661 0.85192882849424378 14.897425759936143 10.732458195484467 4.6012284580147007 7.0990939040893863 57.502770834501348 5.2630511539246063 1.3773964134925325 5.7648504629501058 2.2898488084974815 36.386249052798291 15.896569526037636 379.30215285871145 53.156462844672205
leaf_count=1692771 19434 28716 75754 400398 17914 158112 16788 9069 35 518 400 95 277 1078177 2742 16884 831 3815 4765 7244 1823 36070 781 662 4970 494 9395 2591 8033 1378
internal_value=-2.3233e-05 -0.00551366 -0.0107795 -0.00340548 0.00437153 -0.0075517 0.0177364 0.00138007 0.0079144 0.0102976 -0.000425615 0.00631104 -0.0238061 -0.00412483 0.00388762 0.00143063 -0.0123852 -0.0302068 -0.00462503 0.0184998 -0.0191176 0.00719421 -0.00216755 -0.00565343 0.0117894 -0.0495708 0.024877 0.0447789 -1.81193e-05 0.00552863
internal_weight=8603.59 3824.99 798.283 294.778 4778.6 246.447 48.3316 1737.68 376.223 349.933 1361.46 291.914 26.2907 3026.71 281.722 264.128 77.7511 49.3023 25.6299 28.4488 11.7003 186.377 108.584 103.321 45.8183 8.0547 37.7636 16.7485 1349.66 432.459
internal_count=3600936 3543783 2343823 651052 57153 558510 92542 39239 9994 9682 29245 9164 312 1199960 121783 119041 37953 25464 8580 12489 9067 81088 52372 51591 15521 5464 10057 3422 28845 9411
is_linear=0
shrinkage=0.05


Tree=180
num_leaves=31
num_cat=0
split_feature=3 0 12 0 0 1 12 1 1 8 12 5 5 8 8 1 12 11 11 0 12 12 0 1 1 1 12 8 1 1
split_gain=78.5496 17.4382 15.1474 12.9537 10.2735 8.65444 7.5529 12.8935 16.5179 10.8315 17.0645 13.6531 14.379 10.6731 10.6705 10.767 9.66592 8.97162 8.43823 8.13484 8.07397 9.58778 8.94249 9.13311 7.95665 7.77251 8.74382 20.3212 11.8353 9.80888
threshold=1.0000000180025095e-35 49.842019936113509 26.500000000000004 40.865167200565345 41.175623627186731 0.38465785980224615 1415.5000000000002 0.72246322035789501 0.71598994731903087 6.4792768955230722 1387.5000000000002 4.9928188323974618 4.9855332374572763 2.4414010047912602 7.5472350120544442 0.78517657518386852 2033.5000000000002 12.500000000000002 36.500000000000007 24.867472274185278 158.50000000000003 273.50000000000006 40.865167200565345 0.70591700077056896 0.53110077977180492 0.59237363934516918 1812.5000000000002 8.2984070777893084 0.71347159147262584 0.69750392436981212
decision_type=2 2 2 2 2 2 2 2 2 2 2 2 2 2 2 2 2 2 2 2 2 2 2 2 2 2 2 2 2 2
left_child=2 5 -1 -4 -5 -2 9 8 13 10 17 12 14 18 15 -11 -9 -7 -8 -13 22 -22 23 -21 -20 -15 27 -27 -28 -29
right_child=1 -3 3 4 -6 6 7 16 -10 11 -12 19 -14 25 -16 -17 -18 -19 24 20 21 -23 -24 -25 -26 26 28 29 -30 -31
leaf_value=-0.056158968985262875 -0.0015567558825160556 0.0098291392327258722 -0.0077266864285655303 0.021878537498774619 -0.0024881142622429908 0.032539127535175898 -0.04036930390499522 0.027370902661244551 -0.035733571487961489 -0.008070446351262469 -0.062742935535469627 0.008811286494760328 0.053002088787883622 0.016154338905935334 0.01002528399497009 0.031057438070730439 0.0084505492473433887 0.006403671342926129 0.049448042306980328 0.012551606306738863 -0.035088459451692471 -0.0094782061963860492 0.030847576995661576 -0.036751323676199571 -0.010774411869295883 0.023710858177151791 -0.0024270267023029589 -0.038031137037299212 0.049852956797262545 0.027597661487556796
leaf_weight=14.470082226077464 869.78231618457676 1162.4478692374923 1972.0909045886353 44.316966196351359 1810.4196408551943 34.484200319013325 20.666190190517227 121.7390858039671 25.057662389794132 208.04523748911652 8.7127281523444235 70.420960084980834 14.918529168309759 184.01076730490331 263.26161078136465 19.204783239867538 151.51955919095644 687.02111435682491 6.524549348090658 22.693518879823387 41.038850923185237 333.7527281761686 24.285327014513314 16.02702535904973 34.413956038217293 116.06559266540535 309.72770810467409 23.266853278895727 11.217593892069997 7.5379019501851863
leaf_count=32381 29197 7347 2576308 27976 906388 190 203 688 197 1471 73 703 85 2403 1992 93 870 4402 69 116 292 2579 80 98 270 797 2663 193 50 43
internal_value=0.00022724 0.00450018 -0.00509861 -0.00490554 -0.0019059 0.00279151 0.00416399 0.00760066 0.00416719 0.00217012 0.00681287 -0.00117445 0.0046444 0.00556861 0.00317364 -0.00476377 0.0168797 0.00765281 -0.0143243 -0.00696137 -0.00949845 -0.0122825 0.00706235 -0.00785563 -0.00117649 0.00744871 0.00402443 0.0141293 -0.000599751 -0.0219718
internal_weight=8629.14 4787.84 3841.3 3826.83 1854.74 3625.4 2755.61 1011.75 738.489 1743.87 730.218 1013.65 505.43 713.431 490.512 227.25 273.259 721.505 61.6047 508.218 437.797 374.792 63.0059 38.7205 40.9385 651.826 467.816 146.87 320.945 30.8048
internal_count=3600217 57164 3543053 3510672 934364 49817 20620 8446 6888 12174 4665 7509 3641 6691 3556 1564 1558 4592 542 3868 3165 2871 294 214 339 6149 3746 1033 2713 236
is_linear=0
shrinkage=0.05


Tree=181
num_leaves=31
num_cat=0
split_feature=3 0 0 2 0 2 5 7 11 7 11 11 8 8 5 7 0 0 0 8 8 0 0 2 7 7 5 5 8 7
split_gain=73.3815 19.3409 15.1592 10.9671 11.8579 10.4176 9.33566 13.3815 9.12562 9.13584 8.68585 15.4996 10.8146 10.2266 15.6314 9.041 13.0697 8.53533 8.50953 8.42678 9.34353 10.2299 13.5181 8.92944 11.3765 8.30403 9.23505 10.538 9.86835 8.34654
threshold=1.0000000180025095e-35 34.934580500903401 48.854631101734419 1.0000000180025095e-35 20.336688995361332 1.0000000180025095e-35 4.7222452163696298 4.79990577697754 10.500000000000002 4.7578821182250985 20.500000000000004 21.500000000000004 0.89587974548339855 1.0000000180025095e-35 4.9783000946044931 3.2384861707687382 35.847203636625643 64.900488853454604 41.175623627186731 10.596672058105471 7.8284282684326181 66.728939531269148 52.451335135971028 1.0000000180025095e-35 4.6395599842071542 4.0163424015045175 4.9714691638946542 4.9722425937652597 4.6200466156005868 1.2424533367156985
decision_type=2 2 2 2 2 2 2 2 2 2 2 2 2 2 2 2 2 2 2 2 2 2 2 2 2 2 2 2 2 2
left_child=1 5 3 4 -2 -1 -7 8 -8 -10 12 -12 15 14 -13 -3 -17 -15 -16 20 21 22 25 -22 -25 29 -27 -28 -29 -14
right_child=2 10 -4 -5 -6 6 7 -9 9 -11 11 13 19 17 18 16 -18 -19 -20 -21 23 -23 -24 24 -26 26 27 28 -30 -31
leaf_value=-0.021177602099716406 -0.019557776030561535 0.039142354452407407 0.0088295460679537075 0.0039559213431941218 -0.0005044945851192757 -0.00050613481481592913 -0.065273811997832179 0.00026038310374298278 -0.012866202044349127 -0.084029176480752588 -0.043734825253262076 -0.0013636217988823194 -0.046199569752980639 -0.0035554222385067013 -0.070005019131878052 0.061894195549993439 -0.088489589529147927 0.0061494352012187222 -0.025236844265184286 -0.079846386383974843 0.098973857900946149 -0.085453696424588249 0.017827304944948323 0.015889167092801172 -0.085940406863938029 -0.081829056427610999 0.077262601261242278 0.05820286877888551 -0.081507607329199205 -0.00071424590017538135
leaf_weight=178.13003591280403 91.431271155254763 34.829472613275129 1231.399312041618 2698.9957669147398 764.06888207908196 296.38233451284975 8.5516657357492232 215.49003346126051 713.06534899409235 4.5387451972487716 23.831830111441832 75.964196343030153 11.617089768272761 1708.3537291573116 13.766091924826922 2.4342055592478564 3.5545408768471134 261.199192828077 46.36726901259135 3.1309308204636173 3.0977969976609065 3.8080570754927967 53.955313759926412 84.852760898194902 2.8344533309482349 8.4885924048965098 2.5357146609130705 1.7399540102096578 4.6200267951721798 76.506818060865726
leaf_count=1462612 7989 10621 7955 20473 20934 123355 13498 73560 424192 3301 31141 51943 17301 1074211 18757 269 4287 69685 31742 1977 8498 2601 17799 13535 1743 11808 109 584 6657 66927
internal_value=-8.34178e-05 -0.00522835 0.00404857 0.00239228 -0.00254081 -0.00987199 -0.00824531 -0.0106812 -0.0139282 -0.0133163 -0.00251932 -0.00363817 0.00547575 -0.00318435 -0.01644 0.0293847 -0.0273641 -0.00226838 -0.0354854 0.00168116 0.00268589 -0.00446421 -0.00253015 0.0155449 0.0125976 -0.0129406 -0.0445227 -0.00892354 -0.0432858 -0.00671043
internal_weight=8629.54 3843.65 4785.9 3554.5 855.5 1416.16 1238.03 941.646 726.156 717.604 2427.49 2129.48 298.006 2105.65 136.098 40.8182 5.98875 1969.55 60.1334 257.188 254.057 163.272 159.464 90.785 87.6872 105.508 17.3843 8.8957 6.35998 88.1239
internal_count=3600064 3542713 57351 49396 28923 2100518 637906 514551 440991 427493 1442195 1277479 164716 1246338 102442 15177 4556 1143896 50499 149539 147562 123786 121185 23776 15278 103386 19158 7350 7241 84228
is_linear=0
shrinkage=0.05


Tree=182
num_leaves=31
num_cat=0
split_feature=0 0 7 8 11 7 0 11 11 11 11 8 1 5 8 5 5 11 8 7 7 5 0 0 7 11 8 1 7 0
split_gain=17.5286 9.96658 8.32286 12.2387 11.6852 10.4812 17.3829 15.1256 10.1021 8.56085 7.23386 7.13372 7.05936 10.8514 11.1761 10.4096 17.0945 13.8549 17.3923 15.044 14.5599 11.1632 11.3864 11.0424 10.0452 13.7486 9.52642 9.72267 9.23637 9.02728
threshold=38.744354157715868 68.993868182074962 3.2384861707687382 1.0000000180025095e-35 22.500000000000004 2.0126758217811589 35.998527425254004 42.500000000000007 11.500000000000002 37.500000000000007 21.500000000000004 11.513005733489992 0.56032049655914318 4.3229064941406259 8.0743327140808123 4.9684751033782968 4.9662303924560556 46.500000000000007 8.2984070777893084 5.3008110523223886 4.1190040111541757 4.9710426330566415 33.725280130776817 18.704843759536747 5.9309172630310067 34.500000000000007 7.8242459297180185 0.65635865926742565 5.8930234909057626 34.372758590780002
decision_type=2 2 2 2 2 2 2 2 2 2 2 2 2 2 2 2 2 2 2 2 2 2 2 2 2 2 2 2 2 2
left_child=2 11 3 5 -4 6 7 9 -7 -1 -8 -2 -6 14 -14 16 24 18 21 20 -19 22 -17 -18 28 -26 27 -22 -15 -20
right_child=1 -3 4 -5 12 8 10 -9 -10 -11 -12 -13 13 15 -16 17 23 19 29 -21 26 -23 -24 -25 25 -27 -28 -29 -30 -31
leaf_value=0.0026609940293366493 0.0005011227493440187 0.0092151332118351401 0.0079496514411523025 -0.0066218793068031833 -0.0070695627049045702 -0.086708652996687577 -0.0016598563745330215 -0.046803679371244564 0.019564635164018331 0.044100698174260239 -0.085406317569931778 0.018556853398751457 0.050901386836578404 -0.0031387963473231821 -0.044412420875267804 -0.00081748987402787548 0.088702780007873225 0.023461914154069723 -0.016589637594354913 0.041277077626241554 -0.007052544297361062 0.00065681057002819768 0.065573524010212755 -0.088576064909363941 -0.079472891866295997 -0.012061343964751566 0.017107668875585836 -0.069413106255553927 0.05483515031536227 -0.068203177134847734
leaf_weight=69.072383478837779 3997.7000608745611 380.16254156755531 321.55746652730022 1843.7065005727641 555.96666953602789 2.2858087051826308 3.6618752706235673 13.535491395801442 102.96409878716715 15.206878668419334 8.7161897802138792 55.463832303442359 18.10817328607482 567.75724898437807 3.7047358234194681 12.042124798046645 0.97594822206019571 51.981309526063797 31.684040238434136 46.097809536746809 13.880453209188092 309.14100471594998 13.927326723117401 8.7877543635677267 9.8249157536279181 32.862209510384673 13.335099654516851 11.370510589881631 6.9544503975539547 11.563549939181028
leaf_count=40434 1079806 55778 157643 1207372 717404 2175 1055 14457 53235 7757 4148 5246 2615 127305 621 1730 136 11763 8599 4481 3083 69612 737 2933 2817 7840 1931 4455 409 2706
internal_value=-0.000705119 0.00147425 -0.00306128 -0.00530419 -0.000799004 0.00597228 -0.00480586 0.0022586 0.0172566 0.0101381 -0.0606311 0.000748199 -0.00243462 -0.000220802 0.0347132 -0.000887954 -0.00521351 0.00437943 -0.000549297 0.0180246 0.00618941 0.0033018 0.0347878 -0.0708558 -0.00417543 -0.0275769 -0.0170793 -0.0351335 -0.00243727 -0.0303901
internal_weight=8534 4433.33 4100.67 2059.15 2041.52 215.443 110.193 97.8148 105.25 84.2793 12.3781 4053.16 1719.97 1164 21.8129 1142.19 627.163 515.023 378.358 136.665 90.5674 335.11 25.9695 9.7637 617.399 42.6871 38.5861 25.251 574.712 43.2476
internal_count=3600283 1140830 2459453 1330633 1128820 123261 67851 62648 55410 48191 5203 1085052 971177 253773 3236 250537 141440 109097 83384 25713 21232 72079 2467 3069 138371 10657 9469 7538 127714 11305
is_linear=0
shrinkage=0.05


Tree=183
num_leaves=31
num_cat=0
split_feature=3 0 0 12 8 12 5 1 8 9 12 0 0 7 7 12 7 1 8 5 7 12 7 1 7 0 5 0 8 0
split_gain=71.0053 15.9022 14.3474 9.04636 16.9767 16.33 12.4308 15.4544 15.3608 11.9731 9.90138 8.91581 8.3122 8.18821 8.74365 8.07884 8.0765 8.03651 8.0118 12.034 10.3257 9.19961 7.91451 7.69811 8.61442 7.84893 9.18625 11.7475 7.14806 7.08862
threshold=1.0000000180025095e-35 42.492732186608926 33.056870937347419 1429.5000000000002 6.0991966724395761 1530.5000000000002 4.9345715045928964 0.69836860895156871 0.89587974548339855 1.0000000180025095e-35 3740.5000000000005 22.950577483567034 31.862916231155399 6.9930112361907968 6.7973818778991708 4508.5000000000009 4.424828529357911 1.0000000180025095e-35 5.4445774555206308 2.4166666269302373 4.8402345180511483 2908.5000000000005 2.3502402305603032 0.55500936508178722 1.0000000180025095e-35 33.203136473621278 4.8733181953430185 64.900488853454604 9.6158390045166033 26.535209874913566
decision_type=2 2 2 2 2 2 2 2 2 2 2 2 2 2 2 2 2 2 2 2 2 2 2 2 2 2 2 2 2 2
left_child=2 -2 3 -1 6 9 7 18 16 11 -7 -6 -13 14 -3 -12 29 22 20 -20 21 -5 -4 25 -25 -19 28 -28 -27 -8
right_child=1 13 17 4 5 10 8 -9 -10 -11 15 12 -14 -15 -16 -17 -18 23 19 -21 -22 -23 -24 24 -26 26 27 -29 -30 -31
leaf_value=-0.012692912693621534 0.0018793837837780302 0.0078362432052201392 -0.011868030782372429 0.010580006735007154 -0.046065280056059525 -0.0069680290627118268 -0.042428160469760272 -0.079869167957906606 -0.065754395357328049 -0.079712520293154301 0.031638141316095991 0.044603009978291412 -0.07877885833773568 -0.027759876208814718 0.058970641653264738 -0.0074850919622404012 -0.072889257907438484 0.049446600227033392 0.03470187156958382 -0.075381430571863903 0.049922317819537883 -0.066954337599610975 0.01609012308968805 0.0091049433122263306 -0.0034099193194650659 -0.044721348553235819 -0.0063796009693158047 -0.11126507677659798 0.010750983897850522 0.026444834765170146
leaf_weight=752.32820254602552 2739.3856837873163 1952.1738698161271 33.70202821457417 19.522577200427925 3.2041347886775204 259.04182825889006 5.365079155459358 6.1792441593688627 26.541847100970756 2.4246440910145273 33.706759077329437 40.644235799443436 1.4125044463730763 16.08963566734019 8.3959564254910202 21.684037997562811 4.0325638800338295 4.817472536205968 3.9613641455725013 6.6505362217361323 13.507684083794684 4.758255485028573 101.69541100081085 146.89864368035205 2149.9483344250807 35.105254618029903 125.34276782058168 2.7277446526713893 6.9584174362335025 12.303558422220133
leaf_count=1262569 43734 13264 256613 26538 14271 339210 16380 6316 75578 5595 25089 16673 1890 99 35 39682 10442 403 5502 24671 10095 13199 571733 44337 736752 8547 20938 487 350 8766
internal_value=0.000240169 0.0043457 -0.00482247 -0.0093044 -0.0038214 0.00126977 -0.0217513 -0.00540665 -0.0402429 0.028535 -0.00286516 0.0343339 0.0404591 0.00776369 0.00805522 0.0163224 -0.00904076 -0.00272991 0.00409992 -0.0342879 0.0148801 -0.00461421 0.00913101 -0.00337961 -0.00260951 -0.0134899 -0.015272 -0.00861353 -0.0355448 0.00553156
internal_weight=8540.51 4716.05 3824.47 1217.27 464.941 362.118 102.823 54.5797 48.243 47.6855 314.433 45.2609 42.0567 1976.66 1960.57 55.3908 21.7012 2607.2 48.4004 10.6119 37.7885 24.2808 135.397 2471.8 2296.85 174.952 170.134 128.071 42.0637 17.6686
internal_count=3599758 57132 3542626 1902466 639897 442410 197487 86321 111166 38429 403981 32834 18563 13398 13299 64771 35588 1640160 80005 30173 49832 39737 828346 811814 781089 30725 30322 21425 8897 25146
is_linear=0
shrinkage=0.05


Tree=184
num_leaves=31
num_cat=0
split_feature=3 0 0 0 0 12 5 12 8 5 5 5 5 5 6 11 12 9 11 12 12 8 11 11 12 11 8 0 8 8
split_gain=80.7719 14.4953 11.9183 9.83922 9.30025 6.45327 10.633 7.79044 8.97933 11.2511 10.3235 10.4989 9.2458 9.16271 8.02532 9.92544 13.6267 10.2249 7.85112 7.71365 7.46693 7.15943 8.47764 7.15879 10.4641 10.2659 9.18693 8.27259 7.2782 11.1916
threshold=1.0000000180025095e-35 64.900488853454604 68.993868182074962 30.916060213465247 29.423848046153584 51.500000000000007 1.0000000180025095e-35 57.500000000000007 4.2696731090545663 4.9062895774841317 4.9298512935638437 4.999742031097413 4.9672217369079599 4.9707071781158456 1.0000000180025095e-35 27.500000000000004 707.50000000000011 1.0000000180025095e-35 36.500000000000007 177.50000000000003 26.500000000000004 4.7140145301818857 47.500000000000007 22.500000000000004 1387.5000000000002 16.500000000000004 4.4005842208862314 20.012153327465061 6.1601512432098398 6.2156071662902841
decision_type=2 2 2 2 2 2 2 2 2 2 2 2 2 2 2 2 2 2 2 2 2 2 2 2 2 2 2 2 2 2
left_child=1 3 4 5 -2 6 20 21 9 18 -11 -12 14 -14 -10 16 17 -16 -9 -15 -1 -7 -23 25 26 -21 -25 -27 -26 -30
right_child=2 -3 -4 -5 -6 7 -8 8 12 10 11 -13 13 19 15 -17 -18 -19 -20 23 -22 22 -24 24 28 27 -28 -29 29 -31
leaf_value=0.036328211914351496 0.00077766971624091536 0.0062035469110883392 0.017474805761857053 -0.0036394037513604312 0.0060829682171393866 0.067116757616034473 -0.068776156076780864 -0.067450509980507653 -0.00013205619455490663 0.028137930819348195 -0.065831664583884328 -0.01138082211850186 -0.078321484457755233 0.0067043071380503434 -0.080360481192253419 -0.0435439938335518 0.032341353655888909 0.027917686262875226 -0.022192402183656479 -0.026906947449520782 -0.081498171876255771 -0.079506358225184329 0.26619145603185557 0.072907724272071303 -0.04235614869263421 -0.060805519311957081 -0.02953713719473108 0.016706473157504825 0.062214659789974452 -0.0080939563425293966
leaf_weight=5.630775727668623 1083.4224995965765 296.92959703286033 194.05561794235837 2539.8659561204008 3477.5915997476436 6.0322342059577272 11.406694573391418 18.859240749498429 394.28625386837399 13.591050235968863 10.401953022122653 59.438833271642451 5.2837122842818749 48.324459842536157 6.5174675320822661 25.115113499913178 14.369944755588362 3.2763419691987679 19.480823464484683 26.237577336503051 1.7664305582263464 1.7183050556062509 0.19775660060769684 2.22345525278996 14.348633835234805 3.6996668182331112 138.87512073599936 49.475404927024044 5.9413206500067011 119.5296472456192
leaf_count=2987 25682 81956 1246 1759561 30148 1474 36510 36846 561517 7388 30111 101214 11590 70460 14839 62054 10841 2313 35938 60073 4468 4940 199 756 40813 23544 347791 48460 2698 180302
internal_value=0.000982451 -0.0044084 0.00533908 -0.00529703 0.00482275 -0.00948196 -0.038498 -0.00892928 -0.00932944 -0.0220347 -0.0117319 -0.0194906 -0.00752519 -0.0128997 -0.0025097 -0.0215335 0.00134352 -0.044138 -0.0444546 -0.0120538 0.00819163 0.040372 -0.0438269 -0.0145695 -0.0183165 -0.00131432 -0.0279228 0.0113136 -0.00862242 -0.00476469
internal_weight=8597.89 3842.82 4755.07 3545.89 4561.01 1006.03 18.8039 987.224 979.276 121.772 83.4318 69.8408 857.504 413.939 443.565 49.2789 24.1638 9.79381 38.3401 408.655 7.39721 7.9483 1.91606 360.331 280.918 79.4126 141.099 53.1751 139.82 125.471
internal_count=3598719 3541643 57076 3459687 55830 1700126 43965 1656161 1649548 211497 138713 131325 1438051 786487 651564 90047 27993 17152 72784 774897 7455 6613 5139 704437 572360 132077 348547 72004 223813 183000
is_linear=0
shrinkage=0.05


Tree=185
num_leaves=31
num_cat=0
split_feature=0 0 12 11 7 5 10 12 12 11 8 0 12 7 11 7 8 12 7 7 8 12 12 7 11 12 7 7 0 7
split_gain=25.052 8.80292 7.75993 9.93629 8.69372 11.7537 7.69319 15.2195 12.1645 8.26189 9.14695 7.32749 8.06548 18.0323 11.0436 15.8298 15.3622 14.7336 10.4187 10.7832 9.62749 9.42867 12.6899 14.9113 13.3674 20.4474 16.0738 14.4462 11.5557 11.5545
threshold=43.38945954938027 6.3740360736846933 5774.5000000000009 48.500000000000007 6.9930112361907968 4.9649465084075937 1.0000000180025095e-35 1849.5000000000002 209.50000000000003 47.500000000000007 6.9092540740966806 68.993868182074962 1205.5000000000002 6.0222353935241708 35.500000000000007 5.7413980960845956 2.2499048709869389 1415.5000000000002 4.0342013835906991 3.9981586933135991 5.995206594467164 339.50000000000006 416.50000000000006 5.0139575004577646 35.500000000000007 788.50000000000011 6.0222353935241708 5.2122108936309823 48.854631101734419 5.059420347213746
decision_type=2 2 2 2 2 2 2 2 2 2 2 2 2 2 2 2 2 2 2 2 2 2 2 2 2 2 2 2 2 2
left_child=1 -1 4 -4 11 -6 -3 8 -8 10 -9 12 21 14 15 16 -14 20 19 -16 -18 29 -23 -24 27 26 -26 -25 -29 -2
right_child=2 6 3 -5 5 -7 7 9 -10 -11 -12 -13 13 -15 18 -17 17 -19 -20 -21 -22 22 23 24 25 -27 -28 28 -30 -31
leaf_value=-0.059940034966128979 -0.0031185487926190837 -0.0020482829204602321 0.047961870341242364 -0.028096269516357165 -0.077825327825896518 -0.0052508788928806128 0.0051835640277547871 0.047572835667849207 -0.042010430668780602 -0.070217464553524719 -0.025563845758332288 0.0097908941611190032 -0.036326551613687148 0.02175540911974104 -0.0101803010003497 -0.061346493204460811 0.024299177025976584 0.011768950073338868 0.00067463345820851855 -0.07773440625673983 -0.023240766624184832 0.020025672679599506 0.0068348928191206181 -0.088339111766650644 0.019517058210283097 -0.05929021249814425 -0.1148724761603335 -0.030926552209202859 0.02872892500779714 0.027421746550174854
leaf_weight=6.6367143616789681 478.40463519338005 4892.1123051804188 19.272305625461289 5.5251870654474251 7.5913621728991556 21.044191250465701 18.971231355700453 15.573852385867648 48.716102027358019 2.4056759554299267 5.8926608214294687 372.66625325429868 20.943932230409018 83.868546306820008 413.98157040674073 9.0581817332604242 13.273620687612491 342.94348228677768 335.36748595470726 5.9927610228028234 53.872573317087245 160.90778927081283 977.97461181258313 3.7634255279103845 19.882202808232709 28.66989725549638 2.5053595162562479 10.828477164527611 32.427214891555195 33.113872939769863
leaf_count=63400 155043 2690331 1957 995 3079 3929 13161 7767 40516 3622 4392 55573 6298 13619 104882 1899 2892 59046 74078 1862 12681 33470 220003 2036 4454 7060 610 2603 3616 4653
internal_value=-0.000127969 -0.00239367 0.00314561 0.0310152 0.00294407 -0.0244906 -0.00231704 -0.0166767 -0.028783 0.0176495 0.0274965 0.0031751 0.00236081 -0.000656125 -0.00222846 0.0040675 0.00544218 0.00757537 -0.00589674 -0.0111443 -0.013843 0.00456821 0.00692933 0.00497096 -0.0136153 -0.0313294 0.00447772 0.00562014 0.013795 -0.00114148
internal_weight=8444.19 4990.31 3453.88 24.7975 3429.08 28.6356 4983.67 91.5595 67.6873 23.8722 21.4665 3400.45 3027.78 1279.3 1195.43 440.092 431.034 410.09 755.342 419.974 67.1462 1748.48 1236.96 1076.05 98.0766 51.0575 22.3876 47.0191 43.2557 511.519
internal_count=3599527 2823189 776338 2952 773386 7008 2759789 69458 53677 15781 12159 766378 710805 277257 263638 82816 80917 74619 180822 106744 15573 433548 273852 240382 20379 12124 5064 8255 6219 159696
is_linear=0
shrinkage=0.05


Tree=186
num_leaves=31
num_cat=0
split_feature=3 0 0 7 2 0 8 8 5 7 0 0 0 12 12 7 5 8 8 12 7 0 5 0 7 7 5 12 12 5
split_gain=67.2988 23.2314 8.94584 9.32368 7.8967 8.58314 7.88715 8.62098 8.49541 13.7792 15.3076 20.2009 17.7364 10.4396 19.4319 15.158 13.6372 12.513 14.1833 11.6204 9.88758 9.87659 9.08228 9.05245 8.73501 21.3257 25.6959 18.5041 11.1206 10.3196
threshold=1.0000000180025095e-35 48.854631101734419 48.289224414034841 1.0000000180025095e-35 1.0000000180025095e-35 20.336688995361332 10.003863334655763 12.77559280395508 4.8290307521820077 1.8688347935676577 57.246900822254254 49.842019936113509 49.153644741651085 453.50000000000006 1254.5000000000002 2.6735538244247441 3.9945652484893803 8.413053512573244 7.8284282684326181 424.50000000000006 4.6001451015472421 48.564443069248235 4.4296703338623056 58.677237779193099 4.9089648723602304 5.995206594467164 4.932223081588746 177.50000000000003 401.50000000000006 4.9365231990814218
decision_type=2 2 2 2 2 2 2 2 2 2 2 2 2 2 2 2 2 2 2 2 2 2 2 2 2 2 2 2 2 2
left_child=2 4 -1 -4 5 -2 8 -8 13 10 11 12 -10 15 -15 22 -17 18 20 -18 21 -16 23 -5 -11 26 -26 -28 -29 -30
right_child=1 -3 3 6 -6 -7 7 -9 9 24 -12 -13 -14 14 17 16 19 -19 -20 -21 -22 -23 -24 -25 25 -27 27 28 29 -31
leaf_value=-0.0062369167753901856 -0.01668311434331355 0.010177794117217876 0.015518514123371716 0.016582914205329834 0.0035609851142539869 -0.00026799576429254016 0.019629394719638284 -0.068842975452565278 -0.084721892825016368 0.0038746212934645044 -0.0024870926568129228 -0.060170299971942912 0.042890257604919761 -0.053083237149796896 0.057267173581778588 0.095077238429565003 -0.068897506786622431 -0.084754118070368478 0.036111435583261638 0.053205917147243903 0.016316570868271322 -0.041491176366126821 0.048289865620143049 -0.092649641591194071 -0.090318854389497702 0.012349432296198351 0.054335743295858135 -0.10390685845823995 0.048310322321736585 -0.023361970578533179
leaf_weight=2640.252566981806 89.064164251848069 1242.8202836300934 79.695279163893929 7.6936039062607069 2624.3622088250891 752.10555753028439 57.400685203204375 2.8922122386320543 3.6456104809956278 604.1035380966 71.624202917239586 33.656342171340157 10.757225500876755 35.330571391928288 2.7820790158684785 1.8481873829077837 12.075667784343407 4.8739388360691001 17.928312133000759 2.3234201555947029 15.51704363180488 28.121743308849773 18.694984915605573 2.517311301292807 12.805428181610294 67.298680755600344 8.8007191084216156 3.9579576121896016 5.4494849124566818 64.06427142138773
leaf_count=3057010 7955 8028 26656 4325 20281 20856 6345 650 5411 241217 26160 28518 3515 28858 602 231 13412 3704 2775 785 6593 23658 4890 2357 10467 14437 1013 2098 672 25652
internal_value=0.000313389 0.00431299 -0.00462135 -0.000993785 0.00220973 -0.00200605 -0.00219429 0.0153854 -0.00321752 -0.0013564 -0.0171346 -0.0389644 0.0105894 -0.0142341 -0.022911 0.00585761 -0.0327835 -0.00751146 -0.00166094 -0.049195 -0.0162491 -0.0326006 0.0275768 -0.0103463 0.00110731 -0.00918814 -0.024433 -0.0141781 -0.0223849 -0.0177433
internal_weight=8524.46 4708.35 3816.11 1175.86 3465.53 841.17 1096.16 60.2929 1035.87 886.163 119.683 48.0592 14.4028 149.707 104.554 45.1532 16.2473 69.2231 64.3492 14.3991 46.4209 30.9038 28.9059 10.2109 766.48 162.377 95.0779 82.2724 73.4717 69.5138
internal_count=3599131 57120 3542011 485001 49092 28811 458345 6995 451350 359160 63604 37444 8926 92190 66190 26000 14428 37332 33628 14197 30853 24260 11572 6682 295556 54339 39902 29435 28422 26324
is_linear=0
shrinkage=0.05


Tree=187
num_leaves=31
num_cat=0
split_feature=3 1 1 12 11 8 12 11 12 12 12 7 7 1 7 12 12 11 7 8 7 7 5 5 1 1 7 12 1 11
split_gain=68.1472 12.1276 11.8597 11.1008 12.4597 9.3604 8.85832 7.35004 8.6385 7.5119 7.45035 6.85208 6.71763 6.61031 11.7665 6.4489 11.2587 8.50489 7.52061 7.33819 10.2436 20.9909 9.71801 9.89162 9.69637 9.67025 16.4883 9.33062 8.95509 8.77518
threshold=1.0000000180025095e-35 0.55748349428176891 0.74679896235466015 3400.5000000000005 38.500000000000007 6.908255100250245 4079.5000000000005 46.500000000000007 352.50000000000006 26.500000000000004 497.50000000000006 0.89587974548339855 3.979637980461121 0.56547641754150402 4.4484992027282724 3249.5000000000005 2961.5000000000005 12.500000000000002 4.3107767105102548 6.1974613666534433 1.8688347935676577 2.3502402305603032 4.866830825805665 4.6141605377197275 0.75112470984458934 0.74769887328147899 3.5114340782165532 57.500000000000007 0.82523763179779064 39.500000000000007
decision_type=2 2 2 2 2 2 2 2 2 2 2 2 2 2 2 2 2 2 2 2 2 2 2 2 2 2 2 2 2 2
left_child=2 -2 -1 7 5 -5 -7 9 12 -4 -10 -6 -9 14 -3 16 19 -18 -17 20 24 -22 23 -23 -11 26 29 -25 -26 -21
right_child=1 13 3 4 11 6 -8 8 10 15 -12 -13 -14 -15 -16 18 17 -19 -20 25 21 22 -24 27 28 -27 -28 -29 -30 -31
leaf_value=-0.0058744101834864422 0.00045221147846382682 0.037535386656613268 -0.079673096348409231 -0.063015619459878519 0.044828717186246383 -0.077924725974493458 0.040256810636620767 0.044150760767231019 -0.077914397217013737 -0.088097025108865801 0.0087337536167368442 -0.063359802596313242 -0.076048154678554081 0.0058842015566409507 -0.024204233814043616 0.058171417620468846 0.063953337253988274 -0.08589768699555371 -0.10109707448973543 0.055442801686362703 -0.083584542166374343 0.01924598399916945 0.013670370017801144 0.097578815286287465 0.037984572495982305 -0.0038314946688948848 -0.10339602847585778 -0.068605491963301138 -0.072271229877480428 -0.1010735339682076
leaf_weight=3001.9403058700918 1290.806670236771 37.297792588462471 2.9376419385171166 3.9869097569862815 1.5983406043887978 1.8351882239676331 11.658356917416311 25.495897965622138 2.5543443117840061 1.7016921683971293 86.207822008691437 17.351255556316573 1.2179254830662092 3349.7629520105415 9.7304870547668525 7.8894064649139164 1.1227123807057058 6.0454489265130178 0.81805039315986494 16.878322617239071 6.7912995206679616 7.3700744468096699 91.85419351213659 0.91906742522223694 44.517021135337927 484.19937834266875 2.0257948164853579 10.429667159775816 1.9211267612899963 0.94569951399171159
leaf_count=3182722 35429 289 4688 3172 393 1334 2124 5701 2491 1455 34245 12617 1325 21248 96 922 29 4574 647 1398 7434 3408 36013 186 16528 205973 1203 9836 2308 374
internal_value=0.000531664 0.0045778 -0.00440472 0.000845867 -0.0261497 0.00429532 0.0241835 0.00206931 0.0137426 0.000111068 0.00624025 -0.0542344 0.0386707 0.00614555 0.024761 0.000453011 -9.71281e-05 -0.0624273 0.0432084 0.000570171 0.00970508 0.0017384 0.00697887 -0.0258567 0.0291277 -0.00242927 0.0317755 -0.0551472 0.0334233 0.0471384
internal_weight=8529.81 4687.6 3842.21 840.273 36.4301 17.4805 13.4935 803.843 115.476 688.367 88.7622 18.9496 26.7138 3396.79 47.0283 685.429 676.721 7.16816 8.70746 669.553 165.504 117.364 110.573 18.7188 48.1398 504.049 19.8498 11.3487 46.4381 17.824
internal_count=3600162 57062 3543100 360378 19640 6630 3458 340738 43762 296976 36736 13010 7026 21633 385 292288 290719 4603 1569 286116 77168 56877 49443 13430 20291 208948 2975 10022 18836 1772
is_linear=0
shrinkage=0.05


Tree=188
num_leaves=31
num_cat=0
split_feature=3 0 0 1 1 8 7 0 7 1 0 12 1 12 7 1 0 1 0 0 7 1 0 0 12 12 12 7 1 0
split_gain=61.1573 16.843 13.5109 9.64979 15.6832 9.62041 10.8982 8.6113 15.3128 13.4369 7.90213 7.73597 12.3933 10.7209 9.171 13.367 8.77334 7.48851 17.1297 8.59191 9.80167 7.94811 8.26285 15.2391 8.72171 8.7328 11.09 10.4315 7.57067 18.7778
threshold=1.0000000180025095e-35 34.372758590780002 44.033764384985268 0.58418151736259472 0.57993400096893322 5.1445789337158212 5.995206594467164 43.38945954938027 1.4978661537170412 0.58624809980392467 19.214056814547806 128.50000000000003 0.64760142564773571 116.50000000000001 4.182021141052247 0.73006677627563488 38.927114098076352 0.75676664710044872 35.699507168741555 44.911517938056939 4.3757371902465829 0.76881903409957897 74.568784612602045 58.677237779193099 641.50000000000011 2499.5000000000005 1725.5000000000002 2.6735538244247441 0.74591583013534557 47.420325374063403
decision_type=2 2 2 2 2 2 2 2 2 2 2 2 2 2 2 2 2 2 2 2 2 2 2 2 2 2 2 2 2 2
left_child=2 10 3 4 -1 6 -5 11 -9 -10 -2 12 -7 14 16 -16 -14 28 -19 -20 21 -21 23 24 -23 26 27 -26 -3 -30
right_child=1 17 -4 5 -6 7 -8 8 9 -11 -12 -13 13 -15 15 -17 -18 18 19 20 -22 22 -24 -25 25 -27 -28 -29 29 -31
leaf_value=-0.010795564237335183 -0.012401561154821217 0.0056803511246052828 -0.00085879215523269707 0.0039066042601194877 -0.060403302539149301 -0.069320960186276037 -0.075127182942361828 0.020272255804617733 0.08198115067976873 -0.059175398939656468 0.001006077219918752 -0.0050618906451033521 -0.0092178423865005351 -0.08219070341649308 -0.088670800924600113 0.05524242940044985 -0.077020697957583817 0.051404365030098431 -0.00029915053818771199 0.021595991061419233 0.02456075894659239 0.020652863344850458 0.034655208124457867 -0.02154553796259619 0.021478175366056885 0.033783072086222887 -0.055473104590377409 -0.020026713874594447 -0.031427282191628207 0.008141551299699205
leaf_weight=639.96083120881076 118.16275800840731 2223.1735522494773 1546.2443678976251 321.48935111554374 16.338983625291348 11.498860488071839 4.421816751191499 10.822507818822485 1.8041494402077685 25.727581497625579 1570.7121528320586 1174.3643285732371 42.485479120533455 5.155355966633123 1.9224723180550416 10.039820690659324 5.3745439369931765 25.302993743543993 166.06464466077477 83.793236449769211 130.49301116436618 78.606967776751844 19.80331885907799 56.177773043578782 27.889782066813495 13.97702881828627 11.057749045037779 33.112252686154534 48.277097304195195 79.124618774614646
leaf_count=2016260 7697 19789 722628 139481 9324 11122 4599 2405 32 13444 25702 575299 32237 4844 1893 1273 7571 106 993 339 531 365 83 366 131 49 88 183 344 389
internal_value=0.000233808 0.00406124 -0.00446393 -0.00691811 -0.0120306 -0.00484065 0.00283431 -0.00678089 -0.0301176 -0.0499254 6.80068e-05 -0.00606533 -0.0214739 -0.0130066 -0.00704451 0.032114 -0.0168319 0.00631163 0.0110783 0.00943509 0.0129886 0.0083338 0.00371548 0.000940805 0.00861332 -0.00238652 -0.00940213 -0.00105092 0.00500107 -0.0068525
internal_weight=8503.38 4685.73 3817.65 2271.41 656.3 1615.11 325.911 1289.2 38.3542 27.5317 1688.87 1250.84 76.4765 64.9777 59.8223 11.9623 47.86 2996.85 646.279 620.976 454.911 324.418 240.625 220.822 164.644 86.0368 72.0598 61.002 2350.58 127.402
internal_count=3599567 57155 3542412 2819784 2025584 794200 144080 650120 15881 13476 33399 634239 58940 47818 42974 3166 39808 23756 3234 3128 2135 1604 1265 1182 816 451 402 314 20522 733
is_linear=0
shrinkage=0.05


Tree=189
num_leaves=31
num_cat=0
split_feature=3 0 0 1 7 0 5 5 1 1 0 0 1 7 1 8 1 0 9 0 0 8 0 1 1 1 5 5 1 8
split_gain=89.9259 15.7565 13.6118 10.6611 10.6745 13.1056 9.93897 21.108 14.9053 14.0604 15.7013 15.5592 13.1473 20.0092 17.22 13.8285 13.2014 12.5637 11.0664 10.2825 9.44381 9.36526 9.35648 9.60423 9.0566 8.83186 8.33825 11.6747 8.208 8.00896
threshold=1.0000000180025095e-35 42.492732186608926 50.568872592870328 0.69149696826934826 1.2424533367156985 48.289224414034841 4.9846243858337411 4.999742031097413 0.82881340384483349 0.71013498306274425 45.61947421901278 47.700108464843659 0.74340617656707775 3.5694335699081425 0.73692843317985546 9.2107405662536639 0.71598994731903087 46.895438649011346 1.0000000180025095e-35 44.033764384985268 50.207461661484565 7.9796578884124765 42.492732186608926 0.7200719714164735 0.38465785980224615 0.69502258300781261 4.9838969707489023 4.9804399013519296 0.79190945625305187 1.0000000180025095e-35
decision_type=2 2 2 2 2 2 2 2 2 2 2 2 2 2 2 2 2 2 2 2 2 2 2 2 2 2 2 2 2 2
left_child=2 24 3 29 5 25 8 17 26 10 19 12 13 -11 16 -14 -15 -8 22 -9 -7 -19 -18 -24 -2 -5 27 -6 -13 -1
right_child=1 -3 -4 4 6 20 7 9 -10 11 -12 28 15 14 -16 -17 18 21 -20 -21 -22 -23 23 -25 -26 -27 -28 -29 -30 -31
leaf_value=0.00023200656819614363 -0.0029133997603202864 0.0077960557210529496 -0.00099656162463740037 -0.082652153734982192 -0.0004524935971715661 0.04730238933679129 -0.083924323759277705 -0.00046218937762163752 -0.082784535102751786 -0.040653423581309335 0.041509733744241537 -0.06738493514607044 0.0014193354678012761 -0.087923397180753329 -0.091403254471704581 -0.064600000462303575 0.041377624424569909 -0.08208482955289928 -0.091027891871451633 -0.092659136489167432 -0.093723350181030396 0.054518763267589636 0.049626570681104321 -0.093690193381963563 0.0036339478767906906 0.0034874516871334599 0.052332853965987074 -0.085905394068089683 -0.011032875082178657 -0.011480022379062692
leaf_weight=161.64828242252474 716.37088348187717 1954.492767230463 991.60982191595531 3.0398049643345066 477.90634879599475 24.423019008378109 15.363867184345965 74.246680749404049 5.5468687787251829 69.196580985602395 24.783749133732272 19.901098708116482 156.65871939787257 2.9121711895495528 4.3021978112437855 8.3548550498244349 27.372668417479417 1.9759300534678903 2.0039723621371186 3.1525666482684747 1.2477575797129237 3.4373685890750494 1.9984835920477042 2.8163924342043174 2010.4474920244929 141.06069535375013 7.3946864509089201 4.0306951943503 9.5688660034575133 1504.5790024637706
leaf_count=226023 27042 13441 391109 2451 213100 4070 11577 35932 5732 51312 4301 12626 94084 2826 2997 4604 6662 1311 1104 1810 795 193 312 1496 16606 69418 1073 3824 4305 2388585
internal_value=-0.000252088 0.00436974 -0.00602093 -0.00782678 -0.00398866 0.00753378 -0.0061082 -0.0116873 -0.00128257 -0.00917942 0.00687332 -0.014556 -0.0108638 -0.0242025 0.00329 -0.00192331 0.0142697 -0.0608454 0.0229738 -0.00421748 0.0404477 0.00465653 0.0300714 -0.0342045 0.00191387 0.00167033 -0.000358699 -0.00116718 -0.0490875 -0.0103438
internal_weight=8431.84 4681.31 3750.53 2758.92 1092.7 169.771 922.925 428.046 494.879 407.269 102.183 305.086 275.616 110.602 41.4059 165.014 37.1037 20.7772 34.1915 77.3992 25.6708 5.4133 32.1875 4.81488 2726.82 144.101 489.332 481.937 29.47 1666.23
internal_count=3600721 57089 3543632 3152523 537915 76734 461181 237452 223729 224371 42043 182328 165397 66709 15397 98688 12400 13081 9574 37742 4865 1504 8470 1808 43648 71869 217997 216924 16931 2614608
is_linear=0
shrinkage=0.05


Tree=190
num_leaves=31
num_cat=0
split_feature=3 0 0 5 5 1 12 1 1 12 1 1 8 0 12 12 0 12 8 8 1 0 0 12 12 12 12 0 12 10
split_gain=76.4822 22.0411 13.4483 12.1893 12.7559 11.1445 9.79191 9.25808 11.1327 8.9172 9.84055 12.5581 13.9967 8.58914 9.90141 12.4945 8.49732 8.31392 8.45443 9.18406 8.25285 8.22267 8.14963 8.0819 8.03555 7.9965 7.93406 13.3839 8.43936 9.3462
threshold=1.0000000180025095e-35 42.492732186608926 34.112061908428593 4.8709805011749276 4.866830825805665 0.78517657518386852 1142.5000000000002 0.67968842387199413 0.67523354291915905 2860.5000000000005 0.71844381093978893 0.69919240474700939 9.8527731895446795 27.381498787584864 2106.5000000000005 1415.5000000000002 32.611590981483467 254.50000000000003 7.3135535717010507 2.4414010047912602 0.84168159961700451 80.345281651647397 21.562258099216709 2202.5000000000005 247.50000000000003 87.500000000000014 497.50000000000006 28.204355716705326 4508.5000000000009 1.0000000180025095e-35
decision_type=2 2 2 2 2 2 2 2 2 2 2 2 2 2 2 2 2 2 2 2 2 2 2 2 2 2 2 2 2 2
left_child=2 7 3 4 9 13 24 8 25 10 11 -1 -13 14 15 17 -11 18 19 -5 -4 -8 -21 -12 -3 -2 27 -15 29 -28
right_child=1 6 20 5 -6 -7 21 -9 -10 16 23 12 -14 26 -16 -17 -18 -19 -20 22 -22 -23 -24 -25 -26 -27 28 -29 -30 -31
leaf_value=-0.0093652244800094403 0.017750592127542684 0.0024071467679650099 -0.0035799168333516471 0.012260672112397812 0.045998225440188459 -0.067217637968234475 0.0027871167724349607 0.0047716804871089829 -0.025757787986651789 0.020481583838880733 0.0091911119431262855 -0.077232205222511854 0.04502801069104935 0.01326319787077055 -0.038246049813069262 0.0028533292609821868 -0.078762970976028787 -0.027897530395464644 0.012725342595224107 -0.0060892466739798853 -0.038464472759583625 0.026607715883597186 -0.063863503268790783 -0.079120663059709939 0.013184549583352132 -0.0013684602679028277 -0.005200125253002591 -0.029166077246111189 -0.051014078410167134 0.047941234666723294
leaf_weight=295.10788337362538 56.503128589480184 218.45615152723622 2441.9630967240505 12.563640080406456 12.599247095666611 9.6253670395881255 849.43484993424181 921.45204590970252 45.675622711059987 44.487089270189244 92.171164777068043 12.942568025701801 2.8578839531619442 23.458626098194713 56.547652412022558 70.972498415054076 2.2666859066182488 149.66114006670063 30.522467379939876 10.377513770114499 17.072744352914924 37.842230587033555 14.822094324938915 2.6656176935002796 830.32158149154611 1704.2501614265125 347.73251845602653 89.485517752787814 9.7807118682328547 8.4755528081341804
leaf_count=487950 817 1321 1508492 19977 8385 17969 6444 5857 316 55591 34774 13311 489 21114 178143 135988 4450 460005 43066 36945 16624 240 42000 2696 5472 36917 305260 127535 14648 5384
internal_value=-0.000688138 0.00358898 -0.00599611 -0.0101111 -0.00362552 -0.0137279 0.00766902 0.000693262 -0.00138712 -0.00500723 -0.00738986 -0.0116904 -0.0551186 -0.0131034 -0.0191125 -0.0153676 0.0156701 -0.0213011 -0.00684381 -0.0226607 -0.00382212 0.00380306 -0.0400713 0.0067089 0.0109397 -0.000754924 -0.00876883 -0.0203535 -0.00519382 -0.00393569
internal_weight=8422.1 4663.94 3758.16 1299.12 465.098 834.025 1936.05 2727.88 1806.43 452.499 405.745 310.908 15.8005 824.4 345.467 288.919 46.7538 217.947 68.2857 37.7632 2459.04 887.277 25.1996 94.8368 1048.78 1760.75 478.933 112.944 365.989 356.208
internal_count=3598180 57384 3540796 2015680 607646 1408034 13477 43907 38050 599261 539220 501750 13800 1390065 916124 737981 60041 601993 141988 98922 1525116 6684 78945 37470 6793 37734 473941 148649 325292 310644
is_linear=0
shrinkage=0.05


Tree=191
num_leaves=31
num_cat=0
split_feature=3 0 0 1 1 0 1 0 0 0 0 8 7 7 8 8 0 1 7 1 0 1 9 7 1 7 5 1 5 5
split_gain=76.3476 17.3046 11.9679 11.0171 8.754 8.24844 7.82574 14.1004 7.19318 7.083 8.64722 9.36585 6.78726 10.0281 10.8997 9.41022 6.47291 12.3965 6.6172 12.0689 10.8851 7.37008 9.48935 6.43954 5.95619 5.92023 5.47672 9.28014 7.70123 17.0062
threshold=1.0000000180025095e-35 40.713683310226777 40.713683310226777 1.0000000180025095e-35 0.70345124602317821 12.814746206960992 0.70176517963409435 74.568784612602045 68.993868182074962 41.865688089797921 53.833591192465981 11.161240100860597 6.1147871017456064 6.4060542583465585 7.0913259983062753 6.6864848136901864 52.451335135971028 0.64157921075820934 2.3502402305603032 0.64039209485054027 53.321059892219644 1.0000000180025095e-35 1.0000000180025095e-35 6.1344814300537118 0.69590678811073314 4.610145330429078 4.8001418113708505 0.68052247166633617 4.9666852951049814 4.9855332374572763
decision_type=2 2 2 2 2 2 2 2 2 2 2 2 2 2 2 2 2 2 2 2 2 2 2 2 2 2 2 2 2 2
left_child=2 3 5 -2 6 -1 9 -8 -3 24 16 23 25 -14 15 -15 26 18 20 21 -18 22 -20 -12 -4 -7 27 -11 -28 -30
right_child=1 8 4 -5 -6 12 7 -9 -10 10 11 -13 13 14 -16 -17 17 -19 19 -21 -22 -23 -24 -25 -26 -27 28 -29 29 -31
leaf_value=-0.050659498890220159 -0.0038873914107326645 0.0068319410836387654 0.010449279838456641 0.0036123562721597185 0.00091511688493926433 -0.0085535413698296422 -0.088776331346050494 0.064556174220197285 0.017017799716296089 -0.015128421158564557 0.00080197154800070282 -0.10551638820053431 -0.074738905933004349 -0.041920269892220446 -0.076415788354706637 0.022778129364297503 -0.080391992117348682 -0.078485370191545126 -0.05392507825626032 0.068675046926108596 0.047271738267280983 -0.094469186282007789 0.1493236286291986 -0.053987147125578276 -0.089426789718145744 -0.0013598584890100421 0.0039212295749709511 -0.066401970470778046 -0.067079027922965065 -0.0088280586942990538
leaf_weight=11.203454222771368 666.52315011982409 1961.9395819665251 79.585082797209338 1845.6310214813329 1002.9537978698963 1519.9294978195317 6.5541510878720128 1.9440855515822475 190.1231355712298 71.804334473036874 320.35853740408879 2.1213633725610626 8.939479029189668 8.6770041514879814 5.7599073633584785 15.953514044960087 2.1461663378147531 10.261671695663606 2.0489641664280485 2.1487458242118 7.520891432616736 6.0686821836698073 0.79791239007681714 5.4542882136893232 1.5212786800439051 352.29888123608703 108.71649054803083 10.061417743412674 13.326299270426032 209.60776009555616
leaf_count=118387 26117 14076 70893 15861 336373 2072870 3871 107 1252 79488 151839 518 20341 27779 8912 6395 4083 4307 12164 39 2035 1707 1280 3899 1258 331477 83936 6040 17040 176013
internal_value=0.000158906 0.00444134 -0.00511444 0.00162253 -0.00226073 -0.00788243 -0.00595567 -0.0536995 0.00773181 -0.00548032 -0.00695622 -0.000797055 -0.00763172 -0.0281879 -0.0144947 -1.42567e-05 -0.0115001 -0.0335392 -0.0112916 -0.0376961 0.0189293 -0.0633327 0.00304074 -0.000115229 0.00857595 -0.0071999 -0.00984829 -0.02143 -0.00698941 -0.0123101
internal_weight=8451.98 4664.22 3787.76 2512.15 1865 1922.76 862.048 8.49824 2152.06 853.55 772.444 327.934 1911.56 39.3299 30.3904 24.6305 444.509 30.993 20.7314 11.0643 9.66706 8.91556 2.84688 325.813 81.1064 1872.23 413.516 81.8658 331.651 222.934
internal_count=3600357 57306 3543051 41978 956890 2586161 620517 3978 15328 616539 544388 156256 2467774 63427 43086 34174 388132 25615 21308 15190 6118 15151 13444 155738 72151 2404347 362517 85528 276989 193053
is_linear=0
shrinkage=0.05


Tree=192
num_leaves=31
num_cat=0
split_feature=3 0 7 11 5 5 5 0 11 2 8 7 12 12 2 7 5 11 8 0 0 0 12 11 8 8 7 7 7 12
split_gain=73.6997 13.0907 11.5954 9.19331 9.59974 17.5343 14.6222 9.6139 14.061 11.8808 10.1919 9.94088 10.3875 10.6163 13.1444 10.5721 9.29949 9.33088 14.2842 8.6491 8.59941 8.56832 8.56431 10.6568 13.2227 17.6227 11.0444 10.5492 16.0131 15.047
threshold=1.0000000180025095e-35 64.900488853454604 5.8930234909057626 36.500000000000007 4.7780933380126962 4.7761714458465585 4.7932908535003671 26.024645240890099 25.500000000000004 1.0000000180025095e-35 7.3135535717010507 4.1666352748870858 1831.5000000000002 1909.5000000000002 1.0000000180025095e-35 4.182021141052247 4.7576942443847665 35.500000000000007 6.908255100250245 51.302268195318909 12.814746206960992 32.155248604922242 1709.5000000000002 31.500000000000004 9.2107405662536639 6.908255100250245 3.4498615264892583 2.0126758217811589 3.0201274156570439 1193.5000000000002
decision_type=2 2 2 2 2 2 2 2 2 2 2 2 2 2 2 2 2 2 2 2 2 2 2 2 2 2 2 2 2 2
left_child=2 21 3 4 5 16 -6 8 -8 10 -9 -10 15 14 -14 -13 17 -1 -19 -12 -18 -2 23 -11 25 26 -25 29 -29 -27
right_child=1 -3 -4 -5 6 -7 7 9 11 22 19 12 13 -15 -16 -17 20 18 -20 -21 -22 -23 -24 24 -26 27 -28 28 -30 -31
leaf_value=-0.00050707876805630063 2.5462380795835668e-06 0.0141956016011077 0.0058192054696500723 -0.0089407057039683005 -0.072640878120053681 0.050303570461675079 -0.0051138973782863771 -0.00035688999695667422 -0.046602091578728744 -0.0048696526668465289 0.025982304498106658 0.057973792986039753 0.43154802106973478 -0.020244261758151472 0.066495625979397663 -0.06663731257483517 0.31950490436485429 -0.045283247742380073 0.043497528033002657 0.1004793562456312 -0.052876236483034189 0.0047599404226365992 0.0030049773525695389 -0.020353836435686248 -0.089048097875948112 0.032934613166600853 -0.064097670651514782 -0.058932723240799206 -0.0016441260351582926 -0.092153660402842633
leaf_weight=416.12742255128978 1394.7387531094005 290.42965240996273 212.66260027532098 1640.1813419787841 8.1577293313707724 18.306059709750002 104.55113892889398 45.125215263493573 47.983197750880421 734.41606765650863 27.807564486413781 2.1766823650082774 0.2610782840170297 4.5705446275894346 4.4424647318467123 7.8069931377833868 0.15749409459711827 5.5004287063105748 25.69643918148472 4.5309586816125593 9.9344937204040544 2944.6352174277686 247.75393721813202 37.067948661727087 6.4341538123126147 26.952173494719322 23.626404259663786 15.392157165035995 58.773584803530866 2.6395768085303635
leaf_count=364304 29998 1821 128000 1679156 13315 6499 223616 311341 167745 282082 129226 639 683 11839 241 31719 485 8691 9781 14111 14179 25074 67747 22542 3166 7087 16677 8799 18667 1345
internal_value=-0.000297993 0.00391867 -0.00551921 -0.00620299 -0.00382234 0.00231969 -0.00589392 -0.00550563 -0.0165856 -0.00395876 0.0149963 -0.0344228 -0.00407636 0.0340244 0.0867585 -0.0394691 0.000399344 0.00147017 0.0278443 0.0364201 -0.0470649 0.00323084 -0.00523218 -0.00748644 -0.0187326 -0.0159815 -0.0373819 -0.00346308 -0.0135336 0.0217768
internal_weight=8368.84 4629.8 3739.04 3526.37 1886.19 475.722 1410.47 1402.31 171.792 1230.52 77.4637 67.241 19.2578 9.27409 4.70354 9.98368 457.416 447.324 31.1969 32.3385 10.092 4339.37 1153.06 905.302 170.886 164.452 60.6944 103.757 74.1657 29.5918
internal_count=3600575 56893 3543682 3415682 1736526 403939 1332587 1319272 436482 882790 454678 212866 45121 12763 924 32358 397440 382776 18472 143337 14664 55072 428112 360365 78283 75117 39219 35898 27466 8432
is_linear=0
shrinkage=0.05


Tree=193
num_leaves=31
num_cat=0
split_feature=3 1 1 1 7 0 7 7 0 11 5 11 5 7 7 11 11 0 7 11 1 7 0 1 7 5 7 0 0 0
split_gain=52.4216 16.4392 11.6612 9.97944 9.69277 7.88235 7.56802 9.15249 7.22975 10.7984 14.2911 9.29063 8.13748 7.02531 7.16193 6.99106 7.39071 7.83082 7.38098 6.98999 10.5877 6.81684 6.77621 7.29446 7.64949 6.47489 6.39481 6.24559 6.74231 6.22888
threshold=1.0000000180025095e-35 0.65848857164382946 0.67968842387199413 0.67700323462486278 7.395414113998414 57.246900822254254 6.2906424999237069 5.5965666770935067 37.12904464040367 48.500000000000007 4.6302859783172616 12.500000000000002 4.2865352630615243 1.8688347935676577 1.0000000180025095e-35 20.500000000000004 23.500000000000004 36.952164411544807 4.7833075523376474 37.500000000000007 0.60841339826583873 4.7140145301818857 32.455486847135042 0.62840399146080028 0.89587974548339855 4.7138681411743173 7.2737860679626474 35.388170533155069 35.847203636625643 16.62500206708501
decision_type=2 2 2 2 2 2 2 2 2 2 2 2 2 2 2 2 2 2 2 2 2 2 2 2 2 2 2 2 2 2
left_child=2 6 3 -1 5 -3 7 8 11 -10 12 22 -11 14 -7 21 18 -18 -17 20 -8 27 23 24 -2 -12 29 -13 -29 -4
right_child=1 4 26 -5 -6 13 19 -9 9 10 25 15 -14 -15 -16 16 17 -19 -20 -21 -22 -23 -24 -25 -26 -27 -28 28 -30 -31
leaf_value=-0.0064143231215521776 -0.062304359178741678 0.0051607198646545262 0.047145314843087344 -0.037530784854805155 0.049258930880855339 0.020249088883283303 -0.040031979228479453 -0.017729263220131207 0.0022605957967418468 0.0048416489850004072 0.072090486841764875 -0.015317253058686135 -0.073858607151502179 0.015790624460876701 -0.010465104189108081 0.0091685451030273923 -0.0018369911872810709 -0.053877249729223413 0.063116933136771039 0.028917108345450634 0.0427763198014127 -0.064630105362609921 -0.033784885966314682 0.071996965078297143 0.024992135237214944 0.022359668206215287 0.025434840159340756 0.055932343625960827 -0.011437301734675645 -0.0017916414851395033
leaf_weight=1845.4328838776826 2.7496211408406479 1973.1037703073362 6.5246240225460488 26.131977865801446 13.326680923521051 28.475584583327873 10.405604662570115 68.400013783792019 732.61177387577936 7.6141932431855803 7.0769015093828775 103.47147377236888 5.7763081216398859 346.06254239421469 56.916044949939533 62.544061686710847 978.29908577673268 7.2826453348097848 7.0553106083534649 43.129177320457529 6.1364199356539748 6.2248701760763643 5.0117922015779177 7.58223046734929 28.730058291679597 87.112103902549279 22.084082229185697 6.8170415835847953 8.1583495549275522 1912.3541947062072
leaf_count=2741058 102 11874 2604 15431 54 134 342 1691 9001 85 47 2542 66 1721 338 1438 24827 129 130 694 41 190 119 36 533 911 4119 39 100 779672
internal_value=0.00030487 0.00389206 -0.00403273 -0.00684879 0.00673506 0.00649939 0.00075636 0.000264934 0.00086122 0.00443274 0.0192249 -0.00159053 -0.0291076 0.0126213 -0.000222829 -0.00243249 -0.00110952 -0.00222153 0.0146373 0.0183188 -0.00931346 -0.0136296 0.0209487 0.0279712 0.0173671 0.0260962 -0.00131736 -0.0109493 0.0192305 -0.00162524
internal_weight=8422.6 4610.07 3812.53 1871.56 2417.88 2404.56 2192.19 2132.52 2064.12 840.191 107.58 1223.93 13.3905 431.454 85.3916 1179.85 1055.18 985.582 69.5994 59.6712 16.542 124.672 44.0737 39.0619 31.4797 94.189 1940.96 118.447 14.9754 1918.88
internal_count=3600068 57184 3542884 2756489 14121 14067 43063 41986 40295 10110 1109 30185 151 2193 472 29395 26524 24956 1568 1077 383 2871 790 671 635 958 786395 2681 139 782276
is_linear=0
shrinkage=0.05


Tree=194
num_leaves=31
num_cat=0
split_feature=3 0 0 1 0 11 11 8 1 1 1 0 0 11 11 0 8 1 1 8 8 5 11 8 11 0 8 8 11 5
split_gain=55.6056 13.8035 9.19612 8.69413 8.33938 9.19578 11.393 7.05953 7.02866 9.55725 11.2294 9.43913 16.3317 8.50057 8.10285 6.94489 8.9373 7.20084 6.91973 8.02467 8.20646 7.74759 6.93661 6.11283 8.96595 7.94085 13.5166 10.5136 9.60797 9.09387
threshold=1.0000000180025095e-35 50.935361998883316 48.289224414034841 0.66876244544982921 50.568872592870328 25.500000000000004 44.500000000000007 12.77559280395508 0.70176517963409435 0.7084425985813142 0.7092360556125642 43.163704112354033 47.976722137740587 14.500000000000002 22.500000000000004 48.564443069248235 4.7140145301818857 0.7401108741760255 1.0000000180025095e-35 3.4498615264892583 6.5574760437011728 4.907027244567872 76.500000000000014 7.2923362255096444 48.500000000000007 57.951464589605173 3.7256208658218388 7.1705040931701669 27.500000000000004 4.8873705863952646
decision_type=2 2 2 2 2 2 2 2 2 2 2 2 2 2 2 2 2 2 2 2 2 2 2 2 2 2 2 2 2 2
left_child=2 4 -1 18 8 -6 -7 -5 13 11 -11 14 -13 -2 -10 -12 -17 -18 19 -4 -21 -22 -20 25 -25 26 28 29 -3 -28
right_child=1 23 3 7 5 6 -8 -9 9 10 15 12 -14 -15 -16 16 17 -19 22 20 21 -23 -24 24 -26 -27 27 -29 -30 -31
leaf_value=-0.0060069764094991601 0.013910300809609887 -0.017376034611228247 0.076219126512431012 0.0021098747232606795 0.020780752355508872 -0.078571043370603721 0.0040507118140680328 -0.09396624405860797 -0.0069789706932401304 -0.054394982877646263 0.0035539255965895619 -0.040850121653763401 0.041939723815230236 0.00044096318521115755 0.036812211011183031 -0.01658430339208641 0.00081841710627214071 0.034894708507652937 -0.011728866575834045 -0.03389880871350634 -0.033870800425012844 0.036367410205177537 0.056285258857244551 0.01090194801317979 0.033298226880969665 0.011184160798648172 -0.021365936746881795 -0.060604158596276395 0.034229408114298768 0.0022441345016085351
leaf_weight=2624.1998724285186 123.21356573801222 11.600263057945993 4.34019936845226 859.18206450548223 7.2530022703431341 10.64096106728539 6.8637779243290415 1.916251566937716 12.704489441122858 8.0455899853259307 876.63245093055502 14.271550449785993 10.22454493306577 2375.3583596287785 62.680305265050265 15.470336627215145 21.74027131519324 54.037612121548591 262.57621903965446 9.9832484044947005 5.0658565565271969 17.449948018462806 3.8030698576094428 352.17833684947254 51.181713075340667 322.24800996717659 53.505232111263467 8.32017560789245 40.540993871509272 171.54392170688334
leaf_count=3057344 1800 75 19485 234238 39 114 55 483 72 62 5373 97 39 42036 368 61 139 246 43788 76217 38373 72527 309 2533 262 1983 426 65 200 1067
internal_value=0.00012186 0.00380988 -0.0043661 -0.000667817 0.00235976 -0.0265592 -0.0461743 0.00189607 0.00256006 0.00593904 0.00443138 0.0206702 -0.00629406 0.00110518 0.0294321 0.00492038 0.0180481 0.0251184 -0.0079489 0.0123621 0.0038341 0.0205644 -0.0107578 0.00897168 0.0137438 0.00580451 -0.00026735 -0.0054097 0.0227484 -0.00336914
internal_weight=8398.77 4610.26 3788.52 1164.32 3599.14 24.7577 17.5047 861.098 3574.38 1075.81 975.926 99.8809 24.4961 2498.57 75.3848 967.881 91.2482 75.7779 303.219 36.8393 32.4991 22.5158 266.379 1011.12 403.36 607.759 285.511 233.369 52.1413 225.049
internal_count=3599876 57112 3542764 485420 50501 208 169 234721 50293 6457 5881 576 136 43836 440 5819 446 385 250699 206602 187117 110900 44097 6611 2795 3816 1833 1558 275 1493
is_linear=0
shrinkage=0.05


Tree=195
num_leaves=31
num_cat=0
split_feature=3 0 0 12 7 1 1 1 1 1 12 12 12 11 1 1 12 7 7 8 8 8 7 1 0 1 1 7 9 8
split_gain=59.4676 17.9115 8.24423 7.70237 9.4109 15.1769 10.0868 7.50524 12.8316 7.52589 21.9352 20.2827 12.3883 17.4006 10.4064 9.41984 11.8351 11.2519 18.4843 11.2503 10.7715 10.3358 8.87136 8.67644 16.7285 9.84462 8.43255 13.6981 10.5299 8.52149
threshold=1.0000000180025095e-35 42.492732186608926 49.842019936113509 105.50000000000001 0.89587974548339855 0.82881340384483349 0.79787367582321178 1.0000000180025095e-35 0.47620809078216558 0.74679896235466015 184.50000000000003 234.50000000000003 359.50000000000006 48.500000000000007 0.74340617656707775 0.74940919876098644 394.50000000000006 3.5114340782165532 3.3497501611709599 3.8393944501876835 4.610145330429078 5.5234570503234872 5.2907860279083261 0.76881903409957897 61.419888893899049 0.84168159961700451 0.75872755050659191 4.2121002674102792 1.0000000180025095e-35 7.3780713081359872
decision_type=2 2 2 2 2 2 2 2 2 2 2 2 2 2 2 2 2 2 2 2 2 2 2 2 2 2 2 2 2 2
left_child=2 -2 -1 4 5 -4 -6 -5 -9 10 22 -12 13 -13 -14 16 -11 18 19 -17 -21 -22 -10 24 26 -25 28 29 -19 -28
right_child=1 -3 3 7 6 -7 -8 8 9 15 11 12 14 -15 -16 17 -18 23 -20 20 21 -23 -24 25 -26 -27 27 -29 -30 -31
leaf_value=-0.0062834667332340088 0.0010039654494229532 0.0073442535525570854 -0.083628898596060472 0.021808066088840311 0.027433575426161212 0.058285518974270867 -0.074882059740081733 -0.074450389273533521 -0.087490852932519944 -0.10327495009025844 0.035694147639207793 -0.056844151816098323 -0.0040190467887164924 0.040807910048419459 -0.057801859346270183 -0.071786170069096919 0.03673113624810756 0.035896910386479144 -0.093784081745358419 0.073830443932990084 -0.08066455099402832 -0.0027479244823777589 0.064720716149655771 0.017478336545896419 -0.061536053381231297 -0.066821372875196836 0.050611236769357353 -0.091488483778910959 -0.094172011448041659 -0.096458239894169351
leaf_weight=2729.7707419869512 2684.2669902245329 1904.0803397930736 5.4019184363987147 31.592094166424317 54.182308250325775 2.8928392042525957 2.5209124515877184 6.2362313686462576 10.633084947261521 1.5909356083047921 29.636294177076707 23.94982164942849 506.59718866666663 5.6352364033300537 9.1566007982346473 6.1872156241624898 29.469473568562535 20.324045958341234 6.2589615329297876 4.4319514121380044 4.4108550084529261 121.40642184843728 1.051978179362776 132.74162500944067 11.680094215435018 3.5560532285981017 4.9498045281325158 4.7629911858093692 1.6850307165695984 1.2296181967776645
leaf_count=3124709 43698 13439 6124 161429 19725 632 3715 614 5628 639 3651 7809 96190 619 3898 5245 2864 3738 4028 535 2784 42605 99 33154 3680 4251 1130 2637 394 508
internal_value=-0.000188925 0.00363507 -0.00483813 -0.00105958 0.0156081 -0.0341355 0.0228848 -0.00216599 -0.00296528 -0.00249171 -0.00596789 -0.00458961 -0.00677882 -0.0382438 -0.0049739 0.00325801 0.0295599 0.000733638 -0.0097645 -0.00591014 -0.00278084 -0.0054795 -0.0737876 0.00901332 -0.0101208 0.0152789 0.00810397 -0.0277681 0.0259387 0.0213465
internal_weight=8362.29 4588.35 3773.94 1044.17 64.998 8.29476 56.7032 979.174 947.582 941.345 586.66 574.975 545.339 29.5851 515.754 354.685 31.0604 323.625 142.695 136.436 130.249 125.817 11.6851 180.929 44.6316 136.298 32.9515 10.9424 22.0091 6.17942
internal_count=3600171 57137 3543034 418325 30196 6756 23440 388129 226700 226086 117894 112167 108516 8428 100088 108192 3503 104689 55197 51169 45924 45389 5727 49492 12087 37405 8407 4275 4132 1638
is_linear=0
shrinkage=0.05


Tree=196
num_leaves=31
num_cat=0
split_feature=3 1 1 12 12 12 11 6 11 1 1 12 12 7 1 5 5 12 7 12 1 5 5 1 7 12 12 12 7 11
split_gain=73.2958 17.2309 14.7859 11.1234 9.67739 9.20288 7.62235 8.80898 8.71534 7.39301 7.32055 7.01049 7.72142 11.0108 7.40838 21.7247 20.5254 16.2599 9.05261 8.40061 8.44725 8.16339 10.9733 7.8788 7.76912 7.76907 7.03787 11.4865 9.91931 10.9874
threshold=1.0000000180025095e-35 0.5423724651336671 0.74679896235466015 234.50000000000003 286.50000000000006 26.500000000000004 20.500000000000004 1.0000000180025095e-35 47.500000000000007 0.77081426978111278 0.84805074334144603 1870.5000000000002 751.50000000000011 5.3775877952575692 0.77989822626113903 4.9850831031799325 4.8056213855743417 1969.5000000000002 1.4978661537170412 2033.5000000000002 0.75676664710044872 4.9394986629486093 4.9756255149841317 0.78118044137954723 4.0342013835906991 2083.5000000000005 445.50000000000006 475.50000000000006 3.65057384967804 37.500000000000007
decision_type=2 2 2 2 2 2 2 2 2 2 2 2 2 2 2 2 2 2 2 2 2 2 2 2 2 2 2 2 2 2
left_child=2 -2 -1 5 10 -4 7 -7 -8 -10 -5 12 13 26 15 16 19 -16 -17 -13 -21 -19 25 -24 -25 -23 -6 -28 -29 -30
right_child=1 -3 3 4 11 6 8 -9 9 -11 -12 14 -14 -15 17 18 -18 21 -20 20 -22 22 23 24 -26 -27 27 28 29 -31
leaf_value=-0.0068473497286420954 -0.00094501929934248489 0.0060730633716564435 -0.077645152731308342 -0.054190125483683564 0.0071248522928302905 0.034457116906770585 0.00070331676285316838 -0.089027517761341837 -0.077270122847078182 0.051503265976888736 0.056342023543020259 0.037103317842648489 0.0063679158576576168 -0.088863137582430224 -0.092711505020576859 -0.090626029981572431 -0.081277198651819704 0.020569048357998644 0.0084183786818270052 0.0015017605574657884 -0.080631324616333599 0.053134919021137289 0.064786386451187408 -0.041278535046851986 0.008960641315438481 -0.091535654104039993 -0.084067959992394775 -0.025455527208547685 -0.020793277453882701 0.036262254708565707
leaf_weight=2927.0338968521737 1180.2303705630015 3377.4189198136169 2.7647070656387305 13.323733617990909 66.309809725533341 47.359704454712301 88.553622291846295 1.4896698459688185 1.2093087664725306 14.22777308120021 1.6877334198170491 6.3913295481143022 325.02265179840447 4.0225834692437266 4.4851643588272045 2.435003754081662 20.941977841535845 42.874931493890472 43.897698602880155 7.4426477910469639 5.4032768128508906 1.1069747170549806 4.244024115290812 11.391183570785868 23.718101035432028 5.739803215568827 5.568710847976944 43.872724641008062 15.383027721999495 18.689936778509036
leaf_count=3181031 34962 22372 4918 14197 34923 15605 46557 1475 1240 2043 597 1551 112536 3307 3318 1403 13696 12290 14092 2315 5134 281 481 8081 6338 3772 5516 30454 9080 5134
internal_value=-6.42287e-06 0.00425569 -0.00517739 0.000714941 -0.00206709 0.0127644 0.0143998 0.0306914 0.0067469 0.0414154 -0.041763 -0.00116277 0.00199977 -0.00722855 -0.00957296 -0.0201196 -0.0470258 0.000179196 0.00321312 -0.00973927 -0.0330452 0.00485649 -0.00972519 0.000438921 -0.00733943 -0.0681456 -0.00503677 -0.014693 -0.00973662 0.0105032
internal_weight=8314.24 4557.65 3756.59 829.558 673.953 155.605 152.84 48.8494 103.991 15.4371 15.0115 658.942 478.869 153.847 180.072 86.5119 40.1792 93.5602 46.3327 19.2373 12.8459 89.075 46.2001 39.3533 35.1093 6.84678 149.824 83.5144 77.9457 34.073
internal_count=3598699 57334 3541365 360334 288496 71838 66920 17080 49840 3283 14794 273702 200950 88414 72752 38191 22696 34561 15495 9000 7449 31243 18953 14900 14419 4053 85107 50184 44668 14214
is_linear=0
shrinkage=0.05


Tree=197
num_leaves=31
num_cat=0
split_feature=3 0 1 1 0 7 1 1 0 1 12 12 0 7 9 12 1 1 8 0 7 7 1 0 7 12 1 7 7 7
split_gain=42.2691 19.333 14.2079 9.74538 9.17964 9.10078 8.95093 8.25429 10.5797 10.37 9.71204 16.0691 9.21906 14.9213 11.567 9.93962 9.11821 9.02217 10.0974 8.68955 8.73729 8.28918 7.88137 17.6291 17.5449 17.2217 16.1048 15.6374 12.4123 10.083
threshold=1.0000000180025095e-35 29.558571992052752 0.66668468713760387 0.49824166297912603 66.728939531269148 6.0741951465606698 0.66780734062194835 0.72655618190765392 33.601011854378164 1.0000000180025095e-35 475.50000000000006 222.50000000000003 34.934580500903401 1.2424533367156985 1.0000000180025095e-35 2353.5000000000005 0.77873951196670543 0.75295239686965953 1.0000000180025095e-35 36.30276173639141 2.3502402305603032 5.9699847698211679 0.71347159147262584 64.900488853454604 4.5485858917236337 1005.5000000000001 0.72087550163269054 6.1913387775421151 3.9981586933135991 3.7012257575988774
decision_type=2 2 2 2 2 2 2 2 2 2 2 2 2 2 2 2 2 2 2 2 2 2 2 2 2 2 2 2 2 2
left_child=1 3 -2 -1 7 -6 -4 9 10 19 11 17 13 16 -15 -16 -10 -9 -19 -3 -21 -12 23 -11 28 -26 -27 -25 29 -24
right_child=2 4 6 -5 5 -7 -8 8 12 22 21 -13 -14 14 15 -17 -18 18 -20 20 -22 -23 24 27 25 26 -28 -29 -30 -31
leaf_value=-0.020105561566020901 0.0010773255424831492 -0.0082522044903305617 0.039278177965143955 -0.0071011506116473114 0.008672107108604549 -0.091389138116977908 0.0063458364940234269 0.033179997202777062 -0.085735008381243663 -0.0038791873578928084 0.023397056441036727 -0.079438568123401776 0.00033211357238046029 -0.080799416554530573 -0.075838234049734471 0.089077086654196114 0.053408335223756542 0.052606628246314235 -0.08364991111553817 -0.010129099462252419 0.023409564219947838 -0.092357971926801993 -0.030504046298607632 -0.093520638780681675 0.037393614077210556 0.0035693488432637869 -0.092867829847060948 0.052358814332125962 -0.086101510899213751 0.013972934444958071
leaf_weight=186.85105701807993 2289.793323725532 56.957669028445366 20.822032326570479 629.13962437565601 248.4169954094516 2.293390229129499 2273.1026380304766 13.566711297239641 1.4561753850557604 1477.7332871107712 102.19368050324283 6.665461092725308 811.9278109015313 12.653916208411831 1.584450047463178 2.15816047705448 6.1501729072761009 2.0098374861308903 4.2031635031926271 25.130700250277442 85.43968560595053 1.5703437731735892 75.303424797363732 9.4970055460489657 24.670545961052085 15.099561855620779 6.0693172888113613 2.2775885913433731 8.5196080937698735 15.338077532565874
leaf_count=1188603 43920 381632 120 375795 66829 1438 13209 3628 1838 445472 31505 8397 332770 14281 1556 263 846 727 5023 189209 425997 1437 38990 2445 4268 4744 3442 54 7207 4316
internal_value=0.000622929 -0.0032505 0.00386355 -0.010079 -0.00140479 0.00775679 0.00664476 -0.00223454 0.00149431 -0.00423372 0.0147515 -0.0122977 -0.000570706 -0.0311097 -0.0579603 0.0192595 0.0267704 0.0103278 -0.0395724 0.00761382 0.0157868 0.0216452 -0.00544802 -0.00436474 -0.0165759 0.00900474 -0.0240801 -0.0653028 -0.0284012 -0.0229778
internal_weight=8418.6 3834.88 4583.72 815.991 3018.89 250.71 2293.92 2768.18 966.14 1802.04 130.209 26.4452 835.931 24.0029 16.3965 3.74261 7.60635 19.7797 6.213 167.528 110.57 103.764 1634.51 1489.51 145.001 45.8394 21.1689 11.7746 99.1611 90.6415
internal_count=3599961 3542712 57249 1564398 1978314 68267 13329 1910047 402271 1507776 50717 17775 351554 18784 16100 1819 2684 9378 5750 996838 615206 32942 510938 447971 62967 12454 8186 2499 50513 43306
is_linear=0
shrinkage=0.05


Tree=198
num_leaves=31
num_cat=0
split_feature=3 0 0 0 1 7 1 7 0 1 1 5 11 0 1 8 8 0 0 12 1 7 1 7 5 1 11 11 1 0
split_gain=54.319 13.1542 8.4692 10.1001 8.17937 7.61223 8.61454 8.31774 11.7087 8.97985 7.67873 7.66565 7.32513 6.73671 6.73425 12.1166 21.2172 11.1635 10.1189 13.6723 11.6405 10.8682 11.8053 9.56303 13.2157 18.4818 15.5836 9.27574 8.37893 8.19305
threshold=1.0000000180025095e-35 34.793249309062965 37.482618228146755 37.301098084197299 0.81700527667999279 6.5330615043640146 0.57993400096893322 5.4701652526855478 30.366698898320468 0.47620809078216558 0.38465785980224615 4.9583537578582773 44.500000000000007 80.345281651647397 0.72655618190765392 7.4963750839233407 5.6767477989196786 23.183382987976078 30.109389814177124 1709.5000000000002 0.81049501895904552 3.2769666910171513 0.81243386864662182 3.113268375396729 4.4997041225433358 0.74679896235466015 9.5000000000000018 9.5000000000000018 0.74853819608688366 31.725929553180325
decision_type=2 2 2 2 2 2 2 2 2 2 2 2 2 2 2 2 2 2 2 2 2 2 2 2 2 2 2 2 2 2
left_child=2 5 3 14 -4 7 11 10 -9 -10 -2 -7 -11 -6 -1 16 17 -16 19 21 -20 22 27 29 -25 26 -26 -17 -27 -18
right_child=1 -3 4 -5 13 6 -8 8 9 12 -12 -13 -14 -15 15 18 23 -19 20 -21 -22 -23 -24 24 25 28 -28 -29 -30 -31
leaf_value=-0.0080605177523542827 -0.0045873700615180679 0.0060687551207388541 -0.0027695013008752455 -0.062215088225789972 0.012484113378120212 0.019330828279334574 0.042168826859085254 -0.0032615135075512885 -0.00021440278881884253 -0.091410959175046672 0.003060792941369361 -0.057333018901366287 -0.0223477755121952 -0.084203710638667467 0.063692171827772662 0.045830473298486579 -0.070525980455331413 0.0049915253080811163 0.024331522528496324 -0.08677109067432047 -0.081866163722197183 0.029949248506293824 0.06452391369447856 0.052391607080579598 0.048180265202854226 0.055825241440761841 -0.08682310737817972 -0.081659613279633364 -0.01100401988358859 -0.021414908449517003
leaf_weight=1324.092657921964 463.86960843475163 2865.200034021113 2060.8874411706624 8.1850220386459096 112.98645884579764 9.3797596589974983 22.640125068908674 57.29696996479106 7.6937662395066608 10.30250000974411 1121.9453097877058 4.9981974756992704 6.1201678737998 1.8307321833835875 9.2713498881421383 1.7452596249459036 15.987300940512794 64.076296415387333 86.216000369762696 5.0785850553384071 2.6599792141641947 15.644896634912582 2.4550934138278526 7.1313157498661885 2.5376264868373282 5.3138444696669458 13.558362468506855 7.8166366599116373 39.966411338700254 18.114743277964408
leaf_count=2147508 20893 23196 1173515 13789 47229 216 119 1554 194 117 10486 299 65 1086 1906 318 21767 32515 25784 4862 2464 4984 284 1018 187 1004 12474 8653 23947 18104
internal_value=0.00032499 0.00399976 -0.00408742 -0.00681268 -0.00204589 0.000521349 0.0229473 2.34178e-05 -0.0155633 -0.0447903 0.000823615 -0.00731976 -0.0656735 0.0109424 -0.00653305 0.000263611 -0.00812432 0.0124115 0.0123995 -0.0113629 0.0211531 0.00248167 -0.0332783 -0.0228038 -0.0120343 -0.0195199 -0.065539 -0.0583898 -0.0031613 -0.0444386
internal_weight=8375 4569.45 3805.56 1629.85 2175.7 1704.25 37.0181 1667.23 81.4134 24.1164 1585.81 14.378 16.4227 114.817 1621.67 297.574 175.957 73.3476 121.616 32.7405 88.876 27.6619 12.017 102.61 68.5076 61.3762 16.096 9.5619 45.2803 34.102
internal_count=3600537 57139 3543398 2321568 1221830 33943 634 33309 1930 376 31379 515 182 48315 2307779 160271 112922 34421 47349 19101 28248 14239 9255 78501 38630 37612 12661 8971 24951 39871
is_linear=0
shrinkage=0.05


Tree=199
num_leaves=31
num_cat=0
split_feature=3 1 1 0 0 0 12 1 9 0 0 0 7 7 12 12 1 0 1 1 0 12 12 13 7 0 1 12 7 0
split_gain=49.4787 13.7684 11.401 10.0072 9.76652 9.75899 7.55768 7.33911 10.1897 7.83957 8.34772 9.77713 7.07135 6.99037 6.78417 6.57682 12.2377 8.593 8.02816 7.49292 8.65257 8.90562 10.3856 9.01739 8.70815 7.01829 6.41477 9.16316 7.87757 6.52475
threshold=1.0000000180025095e-35 0.38465785980224615 0.62420311570167553 34.372758590780002 35.847203636625643 53.833591192465981 93.500000000000014 0.38465785980224615 1.0000000180025095e-35 61.419888893899049 42.944717935395609 41.332076951668576 4.2972624301910409 5.5194568634033212 1168.5000000000002 2605.5000000000005 0.53865098953247081 32.762374526824722 0.60841339826583873 0.41471430659294134 29.302871477677403 827.50000000000011 948.50000000000011 1.0000000180025095e-35 3.4175922870635991 25.343876447845108 0.56281793117523204 1930.5000000000002 4.7749040126800546 53.321059892219644
decision_type=2 2 2 2 2 2 2 2 2 2 2 2 2 2 2 2 2 2 2 2 2 2 2 2 2 2 2 2 2 2
left_child=2 5 3 6 -5 -2 -1 -6 26 10 11 -10 -7 -14 -11 19 -17 -18 -19 25 -21 23 24 -22 -23 -8 27 -9 -29 -28
right_child=1 -3 -4 4 7 12 15 8 9 14 -12 -13 13 -15 -16 16 17 18 -20 20 21 22 -24 -25 -26 -27 29 28 -30 -31
leaf_value=-0.042545080822818881 -0.0031399046080469667 0.0051713729634586944 -0.002121814890434628 0.015396218222564387 0.0052868883343848497 0.0051670106020003876 -0.030017676410407867 -0.02250468077497296 -0.049071174625031098 0.035865490188691056 -0.066367828203794652 0.022455439958501491 0.05050342902461287 -0.015423280547518054 -0.076859303107893767 -0.01011907555257254 -0.06720854398496344 -0.079001300820177811 0.052420236602003602 -0.00059462178610012427 -0.039654804414074013 0.049331108856392789 -0.015959773599128774 0.10443550924954602 -0.072778324250556831 -0.008301495932880246 -0.0066565211258530713 0.014591553065241417 -0.051637481896368111 0.012324754770707047
leaf_weight=20.274177423624565 868.65605075905887 3628.2495136472185 2634.335617853154 62.275701460339462 118.71548400955481 56.239550209416848 72.966991852783423 98.170688186633015 11.255597504307845 6.5472302675088923 17.33122939367513 8.3013509995353143 19.874073554477949 5.0406483986007506 1.6765254288484355 45.832615518677585 20.925741007057926 1.8091480442171803 3.2488075104738527 254.61015906437876 40.117206308624873 11.4221115924729 53.452691501114032 1.1160089783370484 1.6740351871180781 75.912326806425739 136.22208758743727 34.499557127399385 5.161640049775996 67.812411603121291
leaf_count=83375 30041 25937 1054179 91927 663482 1011 692995 17419 3463 294 3463 747 237 79 391 190955 16804 1085 363 135314 19618 1484 19303 26 951 492515 40869 4064 1441 6320
internal_value=0.000266273 0.00376843 -0.00394668 -0.0080508 -0.00328744 -0.00159078 -0.0125348 -0.00558832 -0.00892457 -0.0312598 -0.0411013 -0.0187102 0.0149907 0.0371654 0.012885 -0.0114913 -0.0256598 -0.0530721 0.0054129 -0.00950108 -0.00562139 -0.017496 -0.00618284 -0.0357549 0.0337223 -0.0189448 -0.00597726 -0.0143104 0.00597229 -0.00034795
internal_weight=8383.73 4578.06 3805.67 1171.33 567.97 949.81 603.362 505.694 386.978 45.1119 36.8882 19.5569 81.1543 24.9147 8.22376 583.088 71.8163 25.9837 5.05796 511.272 362.392 107.782 66.5488 41.2332 13.0961 148.879 341.866 137.832 39.6612 204.034
internal_count=3600152 57305 3542847 2488668 833880 31368 1654788 741953 78471 8358 7673 4210 1327 316 685 1571413 209207 18252 1448 1362206 176696 41382 21738 19644 2435 1185510 70113 22924 5505 47189
is_linear=0
shrinkage=0.05


end of trees

feature_importances:
bm25_word=1328
embed_score=1145
desc_len=811
item_reviews_count=748
item_price=628
title_len=596
item_rating=419
location_match=174
item_phone_hidden=65
has_embed_score=48
item_message_forbidden=16
item_rating_is_missing=15
rating_filter_satisfied=4
query_has_rating_filter=3

parameters:
[boosting: gbdt]
[objective: lambdarank]
[metric: ndcg]
[tree_learner: serial]
[device_type: cpu]
[data_sample_strategy: bagging]
[data: ]
[valid: ]
[num_iterations: 200]
[learning_rate: 0.05]
[num_leaves: 31]
[num_threads: 0]
[seed: 0]
[deterministic: 0]
[force_col_wise: 0]
[force_row_wise: 0]
[histogram_pool_size: -1]
[max_depth: -1]
[min_data_in_leaf: 50]
[min_sum_hessian_in_leaf: 0.001]
[bagging_fraction: 0.8]
[pos_bagging_fraction: 1]
[neg_bagging_fraction: 1]
[bagging_freq: 1]
[bagging_seed: 3]
[bagging_by_query: 0]
[feature_fraction: 0.8]
[feature_fraction_bynode: 1]
[feature_fraction_seed: 2]
[extra_trees: 0]
[extra_seed: 6]
[early_stopping_round: 0]
[early_stopping_min_delta: 0]
[first_metric_only: 0]
[max_delta_step: 0]
[lambda_l1: 0]
[lambda_l2: 0]
[linear_lambda: 0]
[min_gain_to_split: 0]
[drop_rate: 0.1]
[max_drop: 50]
[skip_drop: 0.5]
[xgboost_dart_mode: 0]
[uniform_drop: 0]
[drop_seed: 4]
[top_rate: 0.2]
[other_rate: 0.1]
[min_data_per_group: 100]
[max_cat_threshold: 32]
[cat_l2: 10]
[cat_smooth: 10]
[max_cat_to_onehot: 4]
[top_k: 20]
[monotone_constraints: ]
[monotone_constraints_method: basic]
[monotone_penalty: 0]
[feature_contri: ]
[forcedsplits_filename: ]
[refit_decay_rate: 0.9]
[cegb_tradeoff: 1]
[cegb_penalty_split: 0]
[cegb_penalty_feature_lazy: ]
[cegb_penalty_feature_coupled: ]
[path_smooth: 0]
[interaction_constraints: ]
[verbosity: -1]
[saved_feature_importance_type: 0]
[use_quantized_grad: 0]
[num_grad_quant_bins: 4]
[quant_train_renew_leaf: 0]
[stochastic_rounding: 1]
[linear_tree: 0]
[max_bin: 255]
[max_bin_by_feature: ]
[min_data_in_bin: 3]
[bin_construct_sample_cnt: 200000]
[data_random_seed: 1]
[is_enable_sparse: 1]
[enable_bundle: 1]
[use_missing: 1]
[zero_as_missing: 0]
[feature_pre_filter: 1]
[pre_partition: 0]
[two_round: 0]
[header: 0]
[label_column: ]
[weight_column: ]
[group_column: ]
[ignore_column: ]
[categorical_feature: ]
[forcedbins_filename: ]
[precise_float_parser: 0]
[parser_config_file: ]
[objective_seed: 5]
[num_class: 1]
[is_unbalance: 0]
[scale_pos_weight: 1]
[sigmoid: 1]
[boost_from_average: 1]
[reg_sqrt: 0]
[alpha: 0.9]
[fair_c: 1]
[poisson_max_delta_step: 0.7]
[tweedie_variance_power: 1.5]
[lambdarank_truncation_level: 30]
[lambdarank_norm: 1]
[label_gain: ]
[lambdarank_position_bias_regularization: 0]
[eval_at: ]
[multi_error_top_k: 1]
[auc_mu_weights: ]
[num_machines: 1]
[local_listen_port: 12400]
[time_out: 120]
[machine_list_filename: ]
[machines: ]
[gpu_platform_id: -1]
[gpu_device_id: -1]
[gpu_device_id_list: ]
[gpu_use_dp: 0]
[num_gpu: 1]

end of parameters

pandas_categorical:[]
